# 3ds Max Wavefront OBJ Exporter v0.97b - (c)2007 guruware
# File Created: 01.12.2015 02:01:08

mtllib 3d-model.mtl

#
# object wing_rf_hi_001
#

v  0.5116 1.4756 -0.5846
v  0.2896 1.4907 -0.5803
v  0.2881 1.4827 -0.2564
v  0.5020 1.4725 -0.2951
v  0.4954 1.4727 -0.2780
v  0.4808 1.4733 -0.2659
v  0.2848 1.4904 -0.7986
v  0.5091 1.4741 -0.7508
v  0.4959 1.4752 -0.7735
v  0.4826 1.4776 -0.7831
v  0.0000 1.4989 -0.2536
v  0.0000 1.5052 -0.5760
v  0.0000 1.5038 -0.8025
v  -0.2881 1.4827 -0.2564
v  -0.2896 1.4907 -0.5803
v  -0.5116 1.4756 -0.5846
v  -0.5020 1.4725 -0.2951
v  -0.4954 1.4727 -0.2780
v  -0.4808 1.4733 -0.2659
v  -0.2848 1.4904 -0.7986
v  -0.5091 1.4741 -0.7508
v  -0.4959 1.4752 -0.7735
v  -0.4826 1.4776 -0.7831
# 23 vertices

vn 0.0664 0.9978 0.0066
vn 0.0594 0.9982 0.0100
vn 0.0568 0.9982 0.0211
vn 0.0496 0.9987 0.0104
vn 0.0491 0.9988 0.0083
vn 0.0496 0.9987 0.0137
vn 0.0580 0.9983 -0.0014
vn 0.0735 0.9973 -0.0055
vn 0.0674 0.9970 0.0376
vn 0.0494 0.9824 0.1803
vn 0.0000 0.9998 0.0224
vn -0.0000 1.0000 0.0067
vn -0.0000 1.0000 -0.0046
vn -0.0568 0.9982 0.0211
vn -0.0594 0.9982 0.0100
vn -0.0664 0.9978 0.0066
vn -0.0496 0.9987 0.0104
vn -0.0491 0.9988 0.0083
vn -0.0496 0.9987 0.0137
vn -0.0580 0.9983 -0.0014
vn -0.0735 0.9973 -0.0055
vn -0.0674 0.9970 0.0376
vn -0.0494 0.9824 0.1803
# 23 vertex normals

vt 0.0000 0.0000 0.0000
# 1 texture coords

g wing_rf_hi_001
usemtl Material_23
s off
f 1/1/1 2/1/2 3/1/3 
f 1/1/1 3/1/3 4/1/4 
f 4/1/4 3/1/3 5/1/5 
f 5/1/5 3/1/3 6/1/6 
f 1/1/1 7/1/7 2/1/2 
f 1/1/1 8/1/8 7/1/7 
f 8/1/8 9/1/9 7/1/7 
f 9/1/9 10/1/10 7/1/7 
f 2/1/2 11/1/11 3/1/3 
f 2/1/2 12/1/12 11/1/11 
f 2/1/2 13/1/13 12/1/12 
f 2/1/2 7/1/7 13/1/13 
f 14/1/14 15/1/15 16/1/16 
f 14/1/14 16/1/16 17/1/17 
f 14/1/14 17/1/17 18/1/18 
f 14/1/14 18/1/18 19/1/19 
f 20/1/20 16/1/16 15/1/15 
f 20/1/20 21/1/21 16/1/16 
f 20/1/20 22/1/22 21/1/21 
f 20/1/20 23/1/23 22/1/22 
f 11/1/11 15/1/15 14/1/14 
f 12/1/12 15/1/15 11/1/11 
f 13/1/13 15/1/15 12/1/12 
f 13/1/13 20/1/20 15/1/15 
# 0 polygons - 24 triangles

#
# object wing_lf_hi_1_001
#

v  0.8612 0.7879 2.0506
v  0.5049 0.7809 2.0867
v  0.8274 0.6843 2.3409
v  0.5103 0.6640 2.4169
v  0.8612 0.7812 2.0454
v  0.8270 0.6778 2.3358
v  0.5104 0.6571 2.4118
v  0.5049 0.7742 2.0815
v  -0.5049 0.7809 2.0867
v  -0.8612 0.7879 2.0506
v  -0.8274 0.6843 2.3409
v  -0.5103 0.6640 2.4169
v  -0.8612 0.7812 2.0454
v  -0.8270 0.6778 2.3358
v  -0.5104 0.6571 2.4118
v  -0.5049 0.7742 2.0815
v  0.7495 0.6613 2.3345
v  0.7495 0.5425 2.2423
v  0.7695 0.5527 2.2477
v  0.5601 0.6402 2.3499
v  0.5590 0.5394 2.2717
v  0.5790 0.5320 2.2626
v  0.5544 0.5792 2.3034
v  0.7684 0.6535 2.3260
v  0.7758 0.5905 2.2821
v  0.5790 0.6508 2.3548
v  -0.7495 0.6613 2.3345
v  -0.7695 0.5527 2.2477
v  -0.7495 0.5425 2.2423
v  -0.5601 0.6402 2.3499
v  -0.5790 0.5320 2.2626
v  -0.5590 0.5394 2.2717
v  -0.5544 0.5792 2.3034
v  -0.7684 0.6535 2.3260
v  -0.7758 0.5905 2.2821
v  -0.5790 0.6508 2.3548
v  0.7510 0.6723 2.3544
v  0.5763 0.6421 2.3811
v  0.7522 0.6632 2.3471
v  0.5772 0.6614 2.3957
v  0.5530 0.6271 2.3761
v  0.5455 0.5610 2.3269
v  0.5102 0.4985 2.2889
v  0.5519 0.5171 2.2911
v  0.5763 0.5087 2.2776
v  0.7755 0.6548 2.3336
v  0.8273 0.5421 2.2308
v  0.7846 0.5936 2.2781
v  0.7766 0.5451 2.2482
v  0.7522 0.5298 2.2436
v  -0.7510 0.6723 2.3544
v  -0.7522 0.6632 2.3471
v  -0.5763 0.6421 2.3811
v  -0.5772 0.6614 2.3957
v  -0.5530 0.6271 2.3761
v  -0.5455 0.5610 2.3269
v  -0.5102 0.4985 2.2889
v  -0.5519 0.5171 2.2911
v  -0.5763 0.5087 2.2776
v  -0.7755 0.6548 2.3336
v  -0.8273 0.5421 2.2308
v  -0.7846 0.5936 2.2781
v  -0.7766 0.5451 2.2482
v  -0.7522 0.5298 2.2436
# 64 vertices

vn 0.0156 0.9411 0.3377
vn 0.0177 0.9419 0.3354
vn 0.0196 0.9426 0.3332
vn 0.9934 -0.0712 0.0904
vn 0.9910 -0.1091 0.0777
vn 0.2211 -0.6125 0.7589
vn 0.2254 -0.5827 0.7808
vn -0.9999 -0.0102 0.0129
vn -0.9998 -0.0193 0.0094
vn -0.0177 0.9419 0.3354
vn -0.0156 0.9411 0.3377
vn -0.0196 0.9426 0.3332
vn -0.9934 -0.0712 0.0904
vn -0.9910 -0.1091 0.0777
vn -0.2211 -0.6125 0.7589
vn -0.2254 -0.5827 0.7808
vn 0.9999 -0.0102 0.0129
vn 0.9998 -0.0194 0.0094
vn -0.0155 -0.9413 -0.3371
vn -0.0171 -0.9419 -0.3354
vn -0.0187 -0.9425 -0.3336
vn -0.0918 0.6105 -0.7867
vn 0.0171 -0.9419 -0.3353
vn 0.0155 -0.9413 -0.3371
vn 0.0187 -0.9425 -0.3336
vn 0.0918 0.6105 -0.7867
vn 0.1191 -0.6085 0.7846
vn 0.1166 -0.6089 0.7846
vn 0.0960 -0.6102 0.7864
vn 0.1375 -0.6074 0.7824
vn 0.1301 -0.6088 0.7826
vn 0.1337 -0.6085 0.7822
vn -0.5805 -0.5104 0.6344
vn -0.5050 -0.5327 0.6791
vn -0.5081 -0.5319 0.6774
vn 0.1017 -0.6092 0.7864
vn -0.1191 -0.6085 0.7846
vn -0.0960 -0.6102 0.7864
vn -0.1166 -0.6089 0.7846
vn -0.1375 -0.6074 0.7824
vn -0.1309 -0.6082 0.7830
vn -0.1337 -0.6085 0.7822
vn 0.5805 -0.5104 0.6344
vn 0.5081 -0.5319 0.6775
vn 0.5050 -0.5327 0.6791
vn -0.1017 -0.6092 0.7864
vn 0.2266 -0.5907 0.7744
vn 0.2219 -0.5951 0.7724
vn 0.2298 -0.5893 0.7745
vn 0.2225 -0.5938 0.7733
vn 0.2228 -0.5972 0.7706
vn 0.2211 -0.5987 0.7698
vn 0.2259 -0.5966 0.7701
vn 0.2239 -0.5953 0.7717
vn 0.2214 -0.5975 0.7707
vn 0.2333 -0.5938 0.7701
vn 0.2096 -0.5808 0.7866
vn 0.0616 -0.6472 0.7598
vn 0.2365 -0.5745 0.7836
vn 0.2291 -0.6002 0.7664
vn 0.9933 -0.0693 0.0922
vn -0.9999 -0.0092 0.0132
vn 0.9598 -0.1614 0.2296
vn 0.9618 -0.2232 0.1583
vn 0.9594 -0.1619 0.2309
vn 0.9633 -0.2215 0.1516
vn 0.5416 -0.8066 -0.2367
vn 0.5449 -0.8058 -0.2319
vn 0.5233 -0.8104 -0.2633
vn 0.5605 -0.8016 -0.2081
vn 0.0211 -0.9494 -0.3132
vn 0.1405 -0.9832 0.1162
vn -0.1948 -0.9394 0.2821
vn -0.2548 -0.9379 0.2355
vn -0.2949 -0.9337 0.2030
vn -0.1603 -0.9379 0.3078
vn -0.5842 -0.5092 0.6320
vn 0.4979 -0.5410 0.6778
vn 0.4967 -0.5866 0.6397
vn 0.4968 -0.5838 0.6422
vn 0.4938 -0.6286 0.6008
vn -0.4808 -0.4003 0.7801
vn -0.2015 -0.1253 0.9714
vn -0.0580 0.0709 0.9958
vn -0.2081 -0.0658 0.9759
vn -0.0481 0.0923 0.9946
vn 0.1100 0.1254 0.9860
vn 0.0993 0.5300 0.8422
vn 0.5227 0.4359 0.7327
vn 0.5262 0.4372 0.7293
vn 0.4989 0.4267 0.7543
vn 0.5458 0.4445 0.7103
vn 0.9636 -0.0887 0.2521
vn 0.9602 -0.0909 0.2640
vn -0.2266 -0.5907 0.7744
vn -0.2298 -0.5893 0.7745
vn -0.2219 -0.5951 0.7724
vn -0.2225 -0.5938 0.7733
vn -0.2228 -0.5972 0.7706
vn -0.2211 -0.5987 0.7698
vn -0.2259 -0.5966 0.7701
vn -0.2239 -0.5953 0.7717
vn -0.2214 -0.5975 0.7707
vn -0.2333 -0.5938 0.7701
vn -0.2096 -0.5808 0.7866
vn -0.0616 -0.6472 0.7598
vn -0.2365 -0.5745 0.7836
vn -0.2291 -0.6002 0.7664
vn -0.9933 -0.0693 0.0922
vn 0.9999 -0.0092 0.0132
vn -0.9598 -0.1614 0.2296
vn -0.9594 -0.1619 0.2309
vn -0.9618 -0.2232 0.1583
vn -0.9633 -0.2215 0.1516
vn -0.5449 -0.8058 -0.2319
vn -0.5416 -0.8066 -0.2367
vn -0.5233 -0.8104 -0.2633
vn -0.5605 -0.8016 -0.2081
vn -0.0211 -0.9494 -0.3132
vn -0.1405 -0.9832 0.1162
vn 0.2949 -0.9337 0.2030
vn 0.2548 -0.9379 0.2355
vn 0.1948 -0.9394 0.2821
vn 0.1603 -0.9379 0.3078
vn 0.5842 -0.5092 0.6320
vn -0.4979 -0.5410 0.6778
vn -0.4968 -0.5838 0.6422
vn -0.4967 -0.5866 0.6397
vn -0.4938 -0.6286 0.6008
vn 0.4808 -0.4003 0.7801
vn 0.2015 -0.1253 0.9714
vn 0.2081 -0.0658 0.9759
vn 0.0580 0.0709 0.9958
vn 0.0481 0.0923 0.9946
vn -0.1100 0.1254 0.9860
vn -0.0993 0.5300 0.8422
vn -0.5227 0.4359 0.7327
vn -0.4989 0.4267 0.7543
vn -0.5262 0.4372 0.7293
vn -0.5458 0.4445 0.7103
vn -0.9636 -0.0887 0.2521
vn -0.9602 -0.0909 0.2640
# 142 vertex normals

vt 0.0000 0.0000 0.0000
# 1 texture coords

g wing_lf_hi_1_001
usemtl Material_18
s off
f 24/2/24 25/2/25 26/2/25 
f 26/2/25 25/2/25 27/2/26 
f 28/2/27 24/2/27 26/2/28 
f 28/2/27 26/2/28 29/2/28 
f 26/2/29 27/2/30 29/2/29 
f 29/2/29 27/2/30 30/2/30 
f 25/2/31 30/2/32 27/2/32 
f 31/2/31 30/2/32 25/2/31 
f 32/2/33 33/2/34 34/2/33 
f 32/2/33 34/2/33 35/2/35 
f 36/2/36 34/2/37 33/2/36 
f 36/2/36 37/2/37 34/2/37 
f 34/2/38 37/2/38 35/2/39 
f 37/2/38 38/2/39 35/2/39 
f 32/2/40 35/2/41 38/2/41 
f 39/2/40 32/2/40 38/2/41 
usemtl Material_11
f 28/2/42 29/2/43 31/2/43 
f 29/2/43 30/2/44 31/2/43 
f 24/2/45 31/2/45 25/2/45 
f 24/2/45 28/2/45 31/2/45 
f 39/2/46 37/2/46 36/2/47 
f 39/2/46 38/2/48 37/2/46 
f 33/2/49 32/2/49 39/2/49 
f 33/2/49 39/2/49 36/2/49 
usemtl Material_16
f 40/2/50 41/2/51 42/2/52 
f 43/2/53 44/2/54 45/2/54 
f 43/2/53 46/2/55 44/2/54 
f 47/2/56 42/2/57 48/2/58 
f 40/2/50 49/2/55 41/2/51 
f 49/2/55 45/2/54 41/2/51 
f 49/2/55 43/2/53 45/2/54 
f 40/2/50 42/2/52 47/2/59 
f 50/2/60 51/2/61 52/2/62 
f 53/2/63 54/2/64 55/2/64 
f 53/2/63 55/2/64 56/2/65 
f 57/2/66 58/2/67 51/2/68 
f 50/2/60 52/2/62 59/2/65 
f 59/2/65 52/2/62 54/2/64 
f 59/2/65 54/2/64 53/2/63 
f 50/2/60 57/2/69 51/2/61 
usemtl Material_15
f 60/2/70 61/2/71 62/2/72 
f 60/2/70 63/2/73 61/2/71 
f 63/2/73 30/2/74 61/2/71 
f 30/2/74 64/2/75 61/2/71 
f 30/2/74 65/2/76 64/2/75 
f 30/2/74 66/2/76 65/2/76 
f 65/2/76 66/2/76 67/2/77 
f 67/2/77 66/2/76 68/2/77 
f 60/2/70 62/2/72 69/2/78 
f 29/2/79 60/2/70 69/2/78 
f 29/2/79 69/2/78 70/2/80 
f 69/2/78 71/2/81 70/2/80 
f 71/2/81 72/2/82 70/2/80 
f 72/2/82 73/2/83 70/2/80 
f 28/2/84 29/2/84 70/2/84 
f 31/2/85 66/2/85 30/2/85 
f 46/2/86 43/2/87 65/2/88 
f 65/2/88 43/2/87 64/2/89 
f 49/2/90 64/2/91 43/2/92 
f 49/2/90 61/2/93 64/2/91 
f 40/2/94 61/2/94 49/2/94 
f 62/2/95 61/2/95 40/2/95 
f 47/2/96 62/2/97 40/2/98 
f 69/2/99 62/2/97 47/2/96 
f 69/2/100 47/2/56 48/2/58 
f 69/2/101 48/2/102 71/2/103 
f 71/2/103 48/2/102 42/2/104 
f 71/2/105 42/2/105 72/2/105 
f 42/2/106 41/2/107 72/2/108 
f 72/2/108 41/2/107 73/2/109 
f 41/2/107 45/2/110 73/2/109 
f 45/2/111 68/2/111 73/2/111 
f 44/2/112 68/2/113 45/2/114 
f 44/2/112 67/2/115 68/2/113 
f 44/2/116 46/2/86 67/2/117 
f 67/2/117 46/2/86 65/2/88 
f 74/2/118 75/2/119 76/2/120 
f 74/2/118 76/2/120 77/2/121 
f 77/2/121 76/2/120 38/2/122 
f 38/2/122 76/2/120 78/2/123 
f 38/2/122 78/2/123 79/2/124 
f 38/2/122 79/2/124 80/2/124 
f 79/2/124 81/2/125 80/2/124 
f 81/2/125 82/2/125 80/2/124 
f 74/2/118 83/2/126 75/2/119 
f 37/2/127 83/2/126 74/2/118 
f 37/2/127 84/2/128 83/2/126 
f 83/2/126 84/2/128 85/2/129 
f 85/2/129 84/2/128 86/2/130 
f 86/2/130 84/2/128 87/2/131 
f 36/2/132 84/2/132 37/2/132 
f 39/2/133 38/2/133 80/2/133 
f 56/2/134 79/2/135 53/2/136 
f 79/2/135 78/2/137 53/2/136 
f 78/2/138 59/2/139 53/2/140 
f 78/2/138 76/2/141 59/2/139 
f 76/2/142 50/2/142 59/2/142 
f 76/2/143 75/2/143 50/2/143 
f 50/2/144 75/2/145 57/2/146 
f 75/2/145 83/2/147 57/2/146 
f 83/2/148 58/2/67 57/2/66 
f 83/2/149 85/2/150 58/2/151 
f 51/2/152 58/2/151 85/2/150 
f 85/2/153 86/2/153 51/2/153 
f 51/2/154 86/2/155 52/2/156 
f 86/2/155 87/2/157 52/2/156 
f 52/2/156 87/2/157 54/2/158 
f 54/2/159 87/2/159 82/2/159 
f 55/2/160 54/2/161 82/2/162 
f 55/2/160 82/2/162 81/2/163 
f 55/2/164 81/2/165 56/2/134 
f 81/2/165 79/2/135 56/2/134 
# 0 polygons - 112 triangles

#
# object wing_lf_hi_001
#

v  0.8612 0.8034 2.0512
v  0.5049 0.8200 2.0840
v  0.8274 0.8996 2.3440
v  0.5103 0.9302 2.4165
v  0.8612 0.7950 2.0512
v  0.8270 0.8913 2.3439
v  0.5104 0.9216 2.4167
v  0.5049 0.8115 2.0840
v  -0.5049 0.8200 2.0840
v  -0.8612 0.8034 2.0512
v  -0.8274 0.8996 2.3440
v  -0.5103 0.9302 2.4165
v  -0.8612 0.7950 2.0512
v  -0.8270 0.8913 2.3439
v  -0.5104 0.9216 2.4167
v  -0.5049 0.8115 2.0840
v  0.7495 0.8775 2.3530
v  0.7495 0.7271 2.3530
v  0.7695 0.7385 2.3511
v  0.5601 0.8703 2.3782
v  0.5590 0.7427 2.3782
v  0.5790 0.7313 2.3755
v  0.5544 0.7936 2.3789
v  0.7684 0.8661 2.3511
v  0.7758 0.7894 2.3551
v  0.5790 0.8816 2.3755
v  -0.7495 0.8775 2.3530
v  -0.7695 0.7385 2.3511
v  -0.7495 0.7271 2.3530
v  -0.5601 0.8703 2.3782
v  -0.5790 0.7313 2.3755
v  -0.5590 0.7427 2.3782
v  -0.5544 0.7936 2.3789
v  -0.7684 0.8661 2.3511
v  -0.7758 0.7894 2.3551
v  -0.5790 0.8816 2.3755
v  0.7510 0.8983 2.3620
v  0.5763 0.8909 2.4017
v  0.7522 0.8867 2.3619
v  0.5772 0.9151 2.4014
v  0.5530 0.8760 2.4070
v  0.5455 0.7936 2.4086
v  0.5102 0.7209 2.4169
v  0.5519 0.7370 2.4072
v  0.5763 0.7221 2.4017
v  0.7755 0.8718 2.3564
v  0.8273 0.7198 2.3442
v  0.7846 0.7894 2.3500
v  0.7766 0.7328 2.3562
v  0.7522 0.7179 2.3619
v  -0.7510 0.8983 2.3620
v  -0.7522 0.8867 2.3619
v  -0.5763 0.8909 2.4017
v  -0.5772 0.9151 2.4014
v  -0.5530 0.8760 2.4070
v  -0.5455 0.7936 2.4086
v  -0.5102 0.7209 2.4169
v  -0.5519 0.7370 2.4072
v  -0.5763 0.7221 2.4017
v  -0.7755 0.8718 2.3564
v  -0.8273 0.7198 2.3442
v  -0.7846 0.7894 2.3500
v  -0.7766 0.7328 2.3562
v  -0.7522 0.7179 2.3619
# 64 vertices

vn 0.0156 0.9505 -0.3103
vn 0.0177 0.9497 -0.3126
vn 0.0196 0.9490 -0.3147
vn 0.9934 0.0000 0.1148
vn 0.9910 -0.0386 0.1283
vn 0.2254 0.0184 0.9741
vn 0.2212 -0.0179 0.9751
vn -0.9999 -0.0001 0.0164
vn -0.9998 -0.0095 0.0193
vn -0.0177 0.9497 -0.3126
vn -0.0156 0.9505 -0.3103
vn -0.0196 0.9490 -0.3147
vn -0.9934 -0.0008 0.1151
vn -0.9910 -0.0386 0.1283
vn -0.2254 0.0184 0.9741
vn -0.2211 -0.0186 0.9751
vn 0.9999 -0.0001 0.0164
vn 0.9998 -0.0096 0.0193
vn -0.0155 -0.9503 0.3108
vn -0.0171 -0.9498 0.3125
vn -0.0187 -0.9491 0.3143
vn -0.0918 -0.0000 -0.9958
vn 0.0171 -0.9497 0.3126
vn 0.0155 -0.9503 0.3108
vn 0.0187 -0.9491 0.3143
vn 0.0918 0.0000 -0.9958
vn 0.1191 0.0003 0.9929
vn 0.1166 -0.0000 0.9932
vn 0.0960 0.0001 0.9954
vn 0.1375 -0.0001 0.9905
vn 0.1301 -0.0011 0.9915
vn 0.1337 -0.0012 0.9910
vn -0.5805 -0.0143 0.8141
vn -0.5051 -0.0044 0.8631
vn -0.5082 -0.0048 0.8612
vn 0.1338 -0.0000 0.9910
vn 0.1017 0.0009 0.9948
vn -0.1191 0.0003 0.9929
vn -0.0960 0.0001 0.9954
vn -0.1166 -0.0000 0.9932
vn -0.1375 -0.0001 0.9905
vn -0.1309 -0.0004 0.9914
vn -0.1337 -0.0012 0.9910
vn 0.5805 -0.0143 0.8141
vn 0.5082 -0.0048 0.8612
vn 0.5051 -0.0044 0.8631
vn -0.1338 -0.0000 0.9910
vn -0.1017 0.0009 0.9948
vn 0.2266 0.0082 0.9740
vn 0.2219 0.0034 0.9751
vn 0.2298 0.0094 0.9732
vn 0.2225 0.0050 0.9749
vn 0.2228 0.0007 0.9749
vn 0.2211 -0.0010 0.9752
vn 0.2259 0.0009 0.9742
vn 0.2249 0.0021 0.9744
vn 0.2238 0.0034 0.9746
vn 0.2214 0.0005 0.9752
vn 0.2333 0.0031 0.9724
vn 0.2096 0.0235 0.9775
vn 0.0616 -0.0454 0.9971
vn 0.2365 0.0266 0.9713
vn 0.2291 -0.0042 0.9734
vn 0.9933 0.0018 0.1153
vn -0.9999 0.0008 0.0161
vn 0.9618 -0.0793 0.2619
vn 0.9594 0.0136 0.2817
vn 0.9598 0.0133 0.2804
vn 0.9633 -0.0821 0.2556
vn 0.5416 -0.7823 0.3076
vn 0.5449 -0.7787 0.3109
vn 0.5233 -0.8017 0.2889
vn 0.5605 -0.7608 0.3270
vn 0.0211 -0.9421 0.3347
vn 0.1405 -0.7055 0.6946
vn -0.2548 -0.5965 0.7611
vn -0.2949 -0.6132 0.7328
vn -0.1948 -0.5692 0.7988
vn -0.1603 -0.5522 0.8182
vn -0.5841 -0.0147 0.8115
vn 0.4979 -0.0119 0.8672
vn 0.4967 -0.0712 0.8650
vn 0.4968 -0.0675 0.8652
vn 0.4938 -0.1282 0.8601
vn -0.4808 0.1621 0.8617
vn -0.2015 0.4967 0.8442
vn -0.0580 0.6665 0.7432
vn -0.2081 0.5464 0.8113
vn -0.0481 0.6827 0.7291
vn 0.1100 0.7036 0.7020
vn 0.0993 0.9350 0.3404
vn 0.4989 0.7996 0.3343
vn 0.5227 0.7935 0.3116
vn 0.5262 0.7926 0.3081
vn 0.5458 0.7867 0.2886
vn 0.9636 0.0845 0.2536
vn 0.9602 0.0901 0.2643
vn -0.2266 0.0082 0.9740
vn -0.2298 0.0094 0.9732
vn -0.2219 0.0034 0.9751
vn -0.2225 0.0050 0.9749
vn -0.2228 0.0007 0.9749
vn -0.2211 -0.0010 0.9752
vn -0.2259 0.0009 0.9742
vn -0.2249 0.0021 0.9744
vn -0.2238 0.0034 0.9746
vn -0.2214 0.0005 0.9752
vn -0.2333 0.0031 0.9724
vn -0.2096 0.0235 0.9775
vn -0.0616 -0.0454 0.9971
vn -0.2365 0.0266 0.9713
vn -0.2291 -0.0042 0.9734
vn -0.9933 0.0018 0.1153
vn 0.9999 0.0008 0.0161
vn -0.9618 -0.0793 0.2619
vn -0.9598 0.0133 0.2804
vn -0.9594 0.0136 0.2817
vn -0.9633 -0.0821 0.2556
vn -0.5449 -0.7787 0.3109
vn -0.5416 -0.7823 0.3076
vn -0.5233 -0.8017 0.2889
vn -0.5605 -0.7608 0.3270
vn -0.0211 -0.9421 0.3347
vn -0.1405 -0.7055 0.6946
vn 0.2548 -0.5965 0.7611
vn 0.1948 -0.5692 0.7988
vn 0.2949 -0.6132 0.7328
vn 0.1603 -0.5522 0.8182
vn 0.5841 -0.0147 0.8115
vn -0.4979 -0.0119 0.8672
vn -0.4968 -0.0675 0.8652
vn -0.4967 -0.0712 0.8650
vn -0.4938 -0.1282 0.8601
vn 0.4808 0.1621 0.8617
vn 0.2015 0.4967 0.8442
vn 0.2081 0.5464 0.8113
vn 0.0580 0.6665 0.7432
vn 0.0481 0.6827 0.7291
vn -0.1100 0.7036 0.7020
vn -0.0993 0.9350 0.3404
vn -0.5227 0.7935 0.3116
vn -0.4989 0.7996 0.3343
vn -0.5262 0.7926 0.3081
vn -0.5458 0.7867 0.2886
vn -0.9636 0.0845 0.2536
vn -0.9602 0.0901 0.2643
# 146 vertex normals

vt 0.0000 0.0000 0.0000
# 1 texture coords

g wing_lf_hi_001
usemtl Material_18
s off
f 88/3/166 89/3/167 90/3/167 
f 90/3/167 89/3/167 91/3/168 
f 88/3/169 90/3/170 92/3/169 
f 92/3/169 90/3/170 93/3/170 
f 91/3/171 93/3/172 90/3/172 
f 91/3/171 94/3/171 93/3/172 
f 89/3/173 94/3/174 91/3/174 
f 95/3/173 94/3/174 89/3/173 
f 96/3/175 97/3/176 98/3/175 
f 96/3/175 98/3/175 99/3/177 
f 100/3/178 98/3/179 97/3/178 
f 100/3/178 101/3/179 98/3/179 
f 99/3/180 98/3/181 101/3/181 
f 99/3/180 101/3/181 102/3/180 
f 96/3/182 99/3/183 102/3/183 
f 96/3/182 102/3/183 103/3/182 
usemtl Material_11
f 92/3/184 93/3/185 95/3/185 
f 93/3/185 94/3/186 95/3/185 
f 89/3/187 88/3/187 95/3/187 
f 95/3/187 88/3/187 92/3/187 
f 103/3/188 101/3/188 100/3/189 
f 103/3/188 102/3/190 101/3/188 
f 96/3/191 103/3/191 97/3/191 
f 103/3/191 100/3/191 97/3/191 
usemtl Material_22
f 104/3/192 105/3/193 106/3/194 
f 107/3/195 108/3/196 109/3/196 
f 107/3/195 110/3/197 108/3/196 
f 111/3/198 106/3/199 112/3/200 
f 113/3/201 105/3/193 104/3/192 
f 113/3/201 109/3/196 105/3/193 
f 113/3/201 107/3/195 109/3/196 
f 104/3/192 106/3/194 111/3/202 
f 114/3/203 115/3/204 116/3/205 
f 117/3/206 118/3/207 119/3/207 
f 117/3/206 119/3/207 120/3/208 
f 121/3/209 122/3/210 115/3/211 
f 123/3/212 114/3/203 116/3/205 
f 123/3/212 116/3/205 118/3/207 
f 123/3/212 118/3/207 117/3/206 
f 114/3/203 121/3/213 115/3/204 
usemtl Material_21
f 124/3/214 125/3/215 126/3/216 
f 127/3/217 125/3/215 124/3/214 
f 94/3/218 125/3/215 127/3/217 
f 94/3/218 128/3/219 125/3/215 
f 94/3/218 129/3/220 128/3/219 
f 94/3/218 130/3/221 129/3/220 
f 129/3/220 130/3/221 131/3/221 
f 131/3/221 130/3/221 132/3/222 
f 124/3/214 126/3/216 133/3/223 
f 124/3/214 133/3/223 93/3/224 
f 93/3/224 133/3/223 134/3/225 
f 133/3/223 135/3/226 134/3/225 
f 135/3/226 136/3/227 134/3/225 
f 136/3/227 137/3/228 134/3/225 
f 92/3/229 93/3/229 134/3/229 
f 95/3/230 130/3/230 94/3/230 
f 107/3/231 129/3/232 110/3/233 
f 107/3/231 128/3/234 129/3/232 
f 113/3/235 128/3/236 107/3/237 
f 113/3/235 125/3/238 128/3/236 
f 104/3/239 125/3/239 113/3/239 
f 126/3/240 125/3/240 104/3/240 
f 126/3/241 104/3/242 111/3/243 
f 126/3/241 111/3/243 133/3/244 
f 133/3/245 111/3/198 112/3/200 
f 133/3/246 112/3/247 135/3/248 
f 112/3/247 106/3/249 135/3/248 
f 135/3/250 106/3/250 136/3/250 
f 106/3/251 105/3/252 136/3/253 
f 136/3/253 105/3/252 137/3/254 
f 137/3/254 105/3/252 109/3/255 
f 137/3/256 109/3/256 132/3/256 
f 109/3/257 108/3/258 132/3/259 
f 132/3/259 108/3/258 131/3/260 
f 108/3/261 110/3/233 131/3/262 
f 110/3/233 129/3/232 131/3/262 
f 138/3/263 139/3/264 140/3/265 
f 141/3/266 138/3/263 140/3/265 
f 102/3/267 141/3/266 140/3/265 
f 102/3/267 140/3/265 142/3/268 
f 102/3/267 142/3/268 143/3/269 
f 102/3/267 143/3/269 144/3/270 
f 143/3/269 145/3/270 144/3/270 
f 145/3/270 146/3/271 144/3/270 
f 138/3/263 147/3/272 139/3/264 
f 138/3/263 101/3/273 147/3/272 
f 101/3/273 148/3/274 147/3/272 
f 147/3/272 148/3/274 149/3/275 
f 149/3/275 148/3/274 150/3/276 
f 150/3/276 148/3/274 151/3/277 
f 100/3/278 148/3/278 101/3/278 
f 103/3/279 102/3/279 144/3/279 
f 117/3/280 120/3/281 143/3/282 
f 117/3/280 143/3/282 142/3/283 
f 142/3/284 123/3/285 117/3/286 
f 142/3/284 140/3/287 123/3/285 
f 140/3/288 114/3/288 123/3/288 
f 140/3/289 139/3/289 114/3/289 
f 139/3/290 121/3/291 114/3/292 
f 139/3/290 147/3/293 121/3/291 
f 147/3/294 122/3/210 121/3/209 
f 147/3/295 149/3/296 122/3/297 
f 149/3/296 115/3/298 122/3/297 
f 149/3/299 150/3/299 115/3/299 
f 115/3/300 150/3/301 116/3/302 
f 150/3/301 151/3/303 116/3/302 
f 118/3/304 116/3/302 151/3/303 
f 146/3/305 118/3/305 151/3/305 
f 119/3/306 118/3/307 146/3/308 
f 145/3/309 119/3/306 146/3/308 
f 119/3/310 145/3/311 120/3/281 
f 120/3/281 145/3/311 143/3/282 
# 0 polygons - 112 triangles

#
# object wing_lf_du_001
#

v  0.8927 0.7720 1.4222
v  0.8427 0.7220 1.4222
v  0.8927 0.7220 1.4722
v  0.8927 0.6720 1.4222
v  0.9427 0.7220 1.4222
v  0.8927 0.7220 1.3722
# 6 vertices

vn -0.5774 0.5774 0.5774
vn -0.5774 -0.5774 0.5774
vn 0.5774 -0.5774 0.5774
vn 0.5774 0.5774 0.5774
vn -0.5774 0.5774 -0.5774
vn -0.5774 -0.5774 -0.5774
vn 0.5774 -0.5774 -0.5774
vn 0.5774 0.5774 -0.5774
# 8 vertex normals

vt 0.0000 0.0000 0.0000
# 1 texture coords

g wing_lf_du_001
usemtl Material_1
s off
f 152/4/312 153/4/312 154/4/312 
f 153/4/313 155/4/313 154/4/313 
f 154/4/314 155/4/314 156/4/314 
f 152/4/315 154/4/315 156/4/315 
f 152/4/316 157/4/316 153/4/316 
f 157/4/317 155/4/317 153/4/317 
f 156/4/318 155/4/318 157/4/318 
f 152/4/319 156/4/319 157/4/319 
# 0 polygons - 8 triangles

#
# object windscreen_1_001
#

v  0.7421 1.2841 0.1347
v  0.5219 1.4292 -0.0636
v  0.6022 1.3062 0.1717
v  0.2828 1.4533 -0.0161
v  0.3500 1.3340 0.2135
v  0.0000 1.4665 0.0090
v  0.0000 1.3513 0.2480
v  0.8438 1.1234 0.4297
v  0.6479 1.1387 0.4793
v  0.4237 1.1624 0.5331
v  0.0000 1.1832 0.5618
v  0.6254 1.4140 -0.0927
v  0.6442 1.4000 -0.0914
v  0.8514 0.9970 0.7079
v  0.6689 1.0064 0.7697
v  0.8983 0.9929 0.6347
v  0.4936 1.0113 0.8016
v  0.2760 1.0168 0.8277
v  0.0000 1.0194 0.8395
v  -0.5219 1.4292 -0.0636
v  -0.7421 1.2841 0.1347
v  -0.6022 1.3062 0.1717
v  -0.2828 1.4533 -0.0161
v  -0.3500 1.3340 0.2135
v  -0.8438 1.1234 0.4297
v  -0.6479 1.1387 0.4793
v  -0.4237 1.1624 0.5331
v  -0.6254 1.4140 -0.0927
v  -0.6442 1.4000 -0.0914
v  -0.8514 0.9970 0.7079
v  -0.6689 1.0064 0.7697
v  -0.8983 0.9929 0.6347
v  -0.4936 1.0113 0.8016
v  -0.2760 1.0168 0.8277
v  0.0954 1.2625 0.1444
v  0.0880 1.3191 0.1509
v  0.0935 1.2633 0.1554
v  0.0899 1.3184 0.1399
v  -0.0859 1.3825 0.1172
v  -0.0840 1.3818 0.1062
v  -0.1243 1.3452 0.1131
v  -0.1224 1.3445 0.1020
v  -0.1173 1.3155 0.1162
v  -0.1154 1.3148 0.1051
v  0.0707 1.2456 0.1527
v  0.0726 1.2449 0.1416
v  -0.0167 1.3068 0.1512
v  -0.0119 1.3050 0.1234
v  0.0025 1.3542 0.1714
v  -0.0112 1.3127 0.1409
v  -0.0069 1.3145 0.1389
v  -0.0029 1.3540 0.1759
v  -0.0150 1.3154 0.1391
v  -0.0084 1.3569 0.1727
v  -0.0131 1.3189 0.1360
v  -0.0064 1.3589 0.1662
v  -0.0081 1.3184 0.1359
v  0.0004 1.3572 0.1654
v  0.0088 1.3682 0.1812
v  0.0005 1.3672 0.1876
v  -0.0078 1.3719 0.1830
v  -0.0045 1.3758 0.1736
v  0.0058 1.3735 0.1725
v  0.0006 1.3713 0.1796
v  -0.0196 1.2726 0.1451
v  -0.0366 1.2790 0.1466
v  -0.0358 1.2787 0.1419
v  -0.0204 1.2729 0.1497
v  -0.0113 1.2908 0.1372
v  -0.0121 1.2911 0.1418
v  -0.0274 1.2968 0.1340
v  -0.0282 1.2971 0.1387
# 72 vertices

vn 0.2436 0.8874 0.3915
vn 0.2032 0.8942 0.3988
vn 0.2037 0.8865 0.4156
vn 0.1208 0.8953 0.4288
vn 0.1308 0.8895 0.4379
vn -0.0000 0.8992 0.4375
vn -0.0000 0.8928 0.4504
vn 0.1859 0.8882 0.4202
vn 0.1833 0.8884 0.4208
vn 0.1293 0.8851 0.4470
vn 0.0000 0.8768 0.4809
vn 0.2393 0.8908 0.3862
vn 0.5821 0.7978 0.1571
vn 0.1780 0.8994 0.3992
vn 0.1593 0.8935 0.4199
vn 0.5742 0.7513 0.3254
vn 0.0949 0.8779 0.4693
vn 0.0634 0.8734 0.4828
vn -0.0000 0.8614 0.5079
vn -0.2032 0.8942 0.3988
vn -0.2436 0.8874 0.3915
vn -0.2037 0.8865 0.4156
vn -0.1208 0.8953 0.4288
vn -0.1308 0.8895 0.4379
vn -0.1859 0.8882 0.4202
vn -0.1833 0.8884 0.4208
vn -0.1293 0.8851 0.4470
vn -0.2393 0.8908 0.3862
vn -0.5821 0.7978 0.1571
vn -0.1780 0.8994 0.3992
vn -0.1593 0.8935 0.4199
vn -0.5742 0.7513 0.3254
vn -0.0949 0.8779 0.4693
vn -0.0634 0.8734 0.4828
vn 0.9811 0.1086 0.1601
vn 0.3425 0.9395 -0.0019
vn -0.6777 0.7174 -0.1614
vn -0.9591 -0.2414 -0.1479
vn -0.3486 -0.9373 0.0007
vn 0.5941 -0.7899 0.1518
vn -0.0150 0.1537 0.9880
vn -0.0889 0.2621 0.9609
vn -0.0352 0.0069 0.9994
vn -0.2199 0.2255 0.9491
vn -0.2995 0.1032 0.9485
vn -0.3273 0.0213 0.9447
vn -0.3282 -0.4485 0.8313
vn -0.0656 -0.0702 0.9954
vn 0.1676 -0.0631 -0.9838
vn 0.5131 -0.6219 0.5915
vn 0.5305 -0.6088 0.5898
vn 0.5318 -0.6086 0.5889
vn 0.5131 -0.6258 0.5874
vn -0.6129 -0.4342 0.6602
vn -0.6211 -0.4296 0.6555
vn -0.9244 0.3178 -0.2110
vn -0.9237 0.3189 -0.2122
vn -0.9449 0.2436 -0.2186
vn -0.9413 0.2611 -0.2139
vn 0.0199 0.4944 -0.8690
vn 0.0516 0.5964 -0.8010
vn 0.0237 0.5057 -0.8624
vn 0.9475 0.0346 -0.3178
vn 0.9330 -0.0386 -0.3577
vn 0.9284 -0.0584 -0.3669
vn 0.5142 -0.6377 0.5736
vn 0.5167 -0.6386 0.5703
vn -0.6172 -0.4278 0.6604
vn -0.6187 -0.4261 0.6601
vn -0.9472 0.2123 -0.2404
vn -0.9458 0.2155 -0.2428
vn -0.0079 0.4042 -0.9146
vn 0.9087 -0.1280 -0.3973
vn 0.2382 0.8630 0.4456
vn -0.3523 -0.9359 0.0000
vn 0.9208 -0.3466 0.1790
vn 0.3523 0.9359 -0.0000
vn -0.9208 0.3466 -0.1790
vn 0.0234 -0.4089 -0.9123
vn -0.0235 0.4089 0.9123
# 80 vertex normals

vt 0.0000 0.0000 0.0000
# 1 texture coords

g windscreen_1_001
usemtl Material_12
s off
f 158/5/320 159/5/321 160/5/322 
f 160/5/322 161/5/323 162/5/324 
f 162/5/324 163/5/325 164/5/326 
f 165/5/327 160/5/322 166/5/328 
f 166/5/328 162/5/324 167/5/329 
f 167/5/329 164/5/326 168/5/330 
f 162/5/324 161/5/323 163/5/325 
f 160/5/322 159/5/321 161/5/323 
f 158/5/320 169/5/331 159/5/321 
f 158/5/332 170/5/332 169/5/332 
f 171/5/333 166/5/328 172/5/334 
f 173/5/335 165/5/335 171/5/335 
f 171/5/333 165/5/327 166/5/328 
f 165/5/327 158/5/320 160/5/322 
f 166/5/328 160/5/322 162/5/324 
f 167/5/329 162/5/324 164/5/326 
f 172/5/334 166/5/328 167/5/329 
f 172/5/334 167/5/329 174/5/336 
f 174/5/336 167/5/329 175/5/337 
f 167/5/329 168/5/330 175/5/337 
f 175/5/337 168/5/330 176/5/338 
f 177/5/339 178/5/340 179/5/341 
f 180/5/342 179/5/341 181/5/343 
f 163/5/325 181/5/343 164/5/326 
f 179/5/341 182/5/344 183/5/345 
f 181/5/343 183/5/345 184/5/346 
f 164/5/326 184/5/346 168/5/330 
f 163/5/325 180/5/342 181/5/343 
f 180/5/342 177/5/339 179/5/341 
f 177/5/339 185/5/347 178/5/340 
f 185/5/348 186/5/348 178/5/348 
f 183/5/345 187/5/349 188/5/350 
f 182/5/351 189/5/351 187/5/351 
f 183/5/345 182/5/344 187/5/349 
f 179/5/341 178/5/340 182/5/344 
f 181/5/343 179/5/341 183/5/345 
f 164/5/326 181/5/343 184/5/346 
f 184/5/346 183/5/345 188/5/350 
f 184/5/346 188/5/350 190/5/352 
f 191/5/353 184/5/346 190/5/352 
f 168/5/330 184/5/346 191/5/353 
f 168/5/330 191/5/353 176/5/338 
usemtl Material_16
f 192/5/354 193/5/354 194/5/354 
f 195/5/354 193/5/354 192/5/354 
f 195/5/355 196/5/355 193/5/355 
f 195/5/355 197/5/355 196/5/355 
f 197/5/356 198/5/356 196/5/356 
f 197/5/356 199/5/356 198/5/356 
f 199/5/357 200/5/357 198/5/357 
f 199/5/357 201/5/357 200/5/357 
f 202/5/358 200/5/358 201/5/358 
f 203/5/358 202/5/358 201/5/358 
f 194/5/359 202/5/359 203/5/359 
f 192/5/359 194/5/359 203/5/359 
f 193/5/360 204/5/361 194/5/362 
f 196/5/363 204/5/361 193/5/360 
f 196/5/363 198/5/364 204/5/361 
f 198/5/364 200/5/365 204/5/361 
f 200/5/366 202/5/366 204/5/366 
f 204/5/361 202/5/367 194/5/362 
f 195/5/368 192/5/368 205/5/368 
f 197/5/368 195/5/368 205/5/368 
f 197/5/368 205/5/368 199/5/368 
f 199/5/368 205/5/368 201/5/368 
f 201/5/368 205/5/368 203/5/368 
f 205/5/368 192/5/368 203/5/368 
f 206/5/369 207/5/370 208/5/371 
f 206/5/369 209/5/372 207/5/370 
f 209/5/373 210/5/374 207/5/374 
f 211/5/373 210/5/374 209/5/373 
f 212/5/375 210/5/376 211/5/377 
f 212/5/375 211/5/377 213/5/378 
f 213/5/379 214/5/380 212/5/380 
f 213/5/379 215/5/381 214/5/380 
f 214/5/382 215/5/383 208/5/382 
f 208/5/382 215/5/383 206/5/384 
f 216/5/385 209/5/372 206/5/369 
f 216/5/385 217/5/386 209/5/372 
f 217/5/387 211/5/373 209/5/373 
f 218/5/388 211/5/373 217/5/387 
f 213/5/378 211/5/377 218/5/389 
f 213/5/378 218/5/389 219/5/390 
f 219/5/391 215/5/381 213/5/379 
f 219/5/391 220/5/391 215/5/381 
f 215/5/383 220/5/392 206/5/384 
f 206/5/384 220/5/392 216/5/392 
f 216/5/393 221/5/393 217/5/393 
f 221/5/393 218/5/393 217/5/393 
f 221/5/393 219/5/393 218/5/393 
f 220/5/393 219/5/393 221/5/393 
f 216/5/393 220/5/393 221/5/393 
f 222/5/394 223/5/394 224/5/394 
f 222/5/394 225/5/394 223/5/394 
f 226/5/395 225/5/395 222/5/395 
f 226/5/395 227/5/395 225/5/395 
f 226/5/396 228/5/396 227/5/396 
f 227/5/396 228/5/396 229/5/396 
f 228/5/397 224/5/397 229/5/397 
f 229/5/397 224/5/397 223/5/397 
f 226/5/398 222/5/398 224/5/398 
f 228/5/398 226/5/398 224/5/398 
f 227/5/399 223/5/399 225/5/399 
f 229/5/399 223/5/399 227/5/399 
# 0 polygons - 103 triangles

#
# object under_001
#

v  0.7029 0.7574 1.4283
v  0.6721 0.7684 1.4828
v  0.6721 0.7443 1.4847
v  0.7029 0.7333 1.4303
v  0.6691 0.7452 1.3736
v  0.6691 0.7211 1.3756
v  0.6083 0.7332 1.3748
v  0.6083 0.7091 1.3768
v  0.5775 0.7328 1.4284
v  0.5775 0.7088 1.4303
v  0.6131 0.7337 1.4840
v  0.6131 0.7096 1.4859
v  0.6698 0.7201 1.4849
v  0.6698 0.6960 1.4869
v  0.7029 0.7080 1.4302
v  0.7029 0.6839 1.4321
v  0.6691 0.6983 1.3776
v  0.6691 0.6742 1.3795
v  0.6089 0.6834 1.3788
v  0.6089 0.6594 1.3807
v  0.5794 0.6834 1.4313
v  0.5794 0.6593 1.4332
v  0.6120 0.6825 1.4876
v  0.6120 0.6584 1.4895
v  0.6725 0.6700 1.4886
v  0.6725 0.6446 1.4898
v  0.7026 0.6595 1.4334
v  0.7026 0.6354 1.4353
v  0.6689 0.6430 1.3810
v  0.6689 0.6189 1.3830
v  0.6077 0.6314 1.3823
v  0.6077 0.6073 1.3842
v  0.5767 0.6352 1.4358
v  0.5767 0.6112 1.4378
v  0.6121 0.6371 1.4919
v  0.6121 0.6130 1.4939
v  0.6716 0.6220 1.4935
v  0.6716 0.5985 1.4944
v  0.7014 0.6111 1.4381
v  0.7014 0.5875 1.4400
v  0.6689 0.6000 1.3842
v  0.6689 0.5767 1.3866
v  0.6130 0.6001 1.3855
v  0.6130 0.5768 1.3879
v  0.6645 0.7482 1.4253
v  0.6478 0.3312 1.4947
v  0.6645 0.3301 1.4717
v  0.6478 0.7493 1.4483
v  0.6207 0.3308 1.4859
v  0.6207 0.7489 1.4395
v  0.6207 0.3294 1.4575
v  0.6207 0.7475 1.4111
v  0.6478 0.3289 1.4487
v  0.6478 0.7470 1.4023
v  0.6845 0.5180 1.4478
v  0.6531 0.3882 1.5106
v  0.6845 0.3839 1.4675
v  0.6531 0.5223 1.4909
v  0.6021 0.3866 1.4941
v  0.6021 0.5206 1.4745
v  0.6021 0.3812 1.4408
v  0.6021 0.5153 1.4212
v  0.6531 0.3796 1.4244
v  0.6531 0.5136 1.4047
v  0.7029 0.7437 -1.5907
v  0.6721 0.7663 -1.5399
v  0.6721 0.7432 -1.5328
v  0.7029 0.7206 -1.5836
v  0.6691 0.7198 -1.6414
v  0.6691 0.6968 -1.6343
v  0.6083 0.7084 -1.6376
v  0.6083 0.6853 -1.6305
v  0.5775 0.7197 -1.5853
v  0.5775 0.6967 -1.5781
v  0.6131 0.7327 -1.5312
v  0.6131 0.7096 -1.5241
v  0.6698 0.7196 -1.5273
v  0.6698 0.6965 -1.5202
v  0.7029 0.6959 -1.5781
v  0.7029 0.6728 -1.5710
v  0.6691 0.6749 -1.6273
v  0.6691 0.6518 -1.6202
v  0.6089 0.6607 -1.6229
v  0.6089 0.6376 -1.6158
v  0.5794 0.6721 -1.5717
v  0.5794 0.6490 -1.5645
v  0.6120 0.6835 -1.5165
v  0.6120 0.6604 -1.5094
v  0.6725 0.6715 -1.5128
v  0.6725 0.6470 -1.5061
v  0.7026 0.6493 -1.5644
v  0.7026 0.6262 -1.5573
v  0.6689 0.6217 -1.6119
v  0.6689 0.5987 -1.6048
v  0.6077 0.6107 -1.6082
v  0.6077 0.5876 -1.6010
v  0.5767 0.6261 -1.5567
v  0.5767 0.6030 -1.5496
v  0.6121 0.6401 -1.5025
v  0.6121 0.6171 -1.4952
v  0.6716 0.6257 -1.4976
v  0.6716 0.6031 -1.4916
v  0.7014 0.6031 -1.5493
v  0.7014 0.5804 -1.5423
v  0.6689 0.5805 -1.5994
v  0.6689 0.5582 -1.5920
v  0.6130 0.5809 -1.5982
v  0.6130 0.5586 -1.5908
v  0.6645 0.7340 -1.5917
v  0.6478 0.3423 -1.4330
v  0.6645 0.3361 -1.4552
v  0.6478 0.7402 -1.5695
v  0.6207 0.3399 -1.4414
v  0.6207 0.7378 -1.5780
v  0.6207 0.3323 -1.4689
v  0.6207 0.7302 -1.6054
v  0.6478 0.3300 -1.4773
v  0.6478 0.7279 -1.6139
v  0.6845 0.5143 -1.5194
v  0.6531 0.4014 -1.4299
v  0.6845 0.3877 -1.4710
v  0.6531 0.5279 -1.4783
v  0.6021 0.3962 -1.4456
v  0.6021 0.5227 -1.4940
v  0.6021 0.3793 -1.4964
v  0.6021 0.5059 -1.5448
v  0.6531 0.3741 -1.5121
v  0.6531 0.5006 -1.5605
v  -0.7029 0.7574 1.4283
v  -0.6721 0.7443 1.4847
v  -0.6721 0.7684 1.4828
v  -0.7029 0.7333 1.4303
v  -0.6691 0.7452 1.3736
v  -0.6691 0.7211 1.3756
v  -0.6083 0.7332 1.3748
v  -0.6083 0.7091 1.3768
v  -0.5775 0.7328 1.4284
v  -0.5775 0.7088 1.4303
v  -0.6131 0.7337 1.4840
v  -0.6131 0.7096 1.4859
v  -0.6698 0.7201 1.4849
v  -0.6698 0.6960 1.4869
v  -0.7029 0.7080 1.4302
v  -0.7029 0.6839 1.4321
v  -0.6691 0.6983 1.3776
v  -0.6691 0.6742 1.3795
v  -0.6089 0.6834 1.3788
v  -0.6089 0.6594 1.3807
v  -0.5794 0.6834 1.4313
v  -0.5794 0.6593 1.4332
v  -0.6120 0.6825 1.4876
v  -0.6120 0.6584 1.4895
v  -0.6725 0.6700 1.4886
v  -0.6725 0.6446 1.4898
v  -0.7026 0.6595 1.4334
v  -0.7026 0.6354 1.4353
v  -0.6689 0.6430 1.3810
v  -0.6689 0.6189 1.3830
v  -0.6077 0.6314 1.3823
v  -0.6077 0.6073 1.3842
v  -0.5767 0.6352 1.4358
v  -0.5767 0.6112 1.4378
v  -0.6121 0.6371 1.4919
v  -0.6121 0.6130 1.4939
v  -0.6716 0.6220 1.4935
v  -0.6716 0.5985 1.4944
v  -0.7014 0.6111 1.4381
v  -0.7014 0.5875 1.4400
v  -0.6689 0.6000 1.3842
v  -0.6689 0.5767 1.3866
v  -0.6130 0.6001 1.3855
v  -0.6130 0.5768 1.3879
v  -0.6645 0.7482 1.4253
v  -0.6645 0.3301 1.4717
v  -0.6478 0.3312 1.4947
v  -0.6478 0.7493 1.4483
v  -0.6207 0.3308 1.4859
v  -0.6207 0.7489 1.4395
v  -0.6207 0.3294 1.4575
v  -0.6207 0.7475 1.4111
v  -0.6478 0.3289 1.4487
v  -0.6478 0.7470 1.4023
v  -0.6845 0.5180 1.4478
v  -0.6845 0.3839 1.4675
v  -0.6531 0.3882 1.5106
v  -0.6531 0.5223 1.4909
v  -0.6021 0.3866 1.4941
v  -0.6021 0.5206 1.4745
v  -0.6021 0.3812 1.4408
v  -0.6021 0.5153 1.4212
v  -0.6531 0.3796 1.4244
v  -0.6531 0.5136 1.4047
v  -0.6508 0.3434 1.5023
v  -0.8432 0.3216 1.4699
v  -0.6508 0.3194 1.4725
v  -0.8432 0.3456 1.4997
v  -0.6508 0.3791 1.4886
v  -0.8432 0.3814 1.4861
v  -0.6508 0.3772 1.4504
v  -0.8432 0.3795 1.4479
v  -0.6508 0.3403 1.4404
v  -0.8432 0.3425 1.4379
v  -0.7029 0.7437 -1.5907
v  -0.6721 0.7432 -1.5328
v  -0.6721 0.7663 -1.5399
v  -0.7029 0.7206 -1.5836
v  -0.6691 0.7198 -1.6414
v  -0.6691 0.6968 -1.6343
v  -0.6083 0.7084 -1.6376
v  -0.6083 0.6853 -1.6305
v  -0.5775 0.7197 -1.5853
v  -0.5775 0.6967 -1.5781
v  -0.6131 0.7327 -1.5312
v  -0.6131 0.7096 -1.5241
v  -0.6698 0.7196 -1.5273
v  -0.6698 0.6965 -1.5202
v  -0.7029 0.6959 -1.5781
v  -0.7029 0.6728 -1.5710
v  -0.6691 0.6749 -1.6273
v  -0.6691 0.6518 -1.6202
v  -0.6089 0.6607 -1.6229
v  -0.6089 0.6376 -1.6158
v  -0.5794 0.6721 -1.5717
v  -0.5794 0.6490 -1.5645
v  -0.6120 0.6835 -1.5165
v  -0.6120 0.6604 -1.5094
v  -0.6725 0.6715 -1.5128
v  -0.6725 0.6470 -1.5061
v  -0.7026 0.6493 -1.5644
v  -0.7026 0.6262 -1.5573
v  -0.6689 0.6217 -1.6119
v  -0.6689 0.5987 -1.6048
v  -0.6077 0.6107 -1.6082
v  -0.6077 0.5876 -1.6010
v  -0.5767 0.6261 -1.5567
v  -0.5767 0.6030 -1.5496
v  -0.6121 0.6401 -1.5025
v  -0.6121 0.6171 -1.4952
v  -0.6716 0.6257 -1.4976
v  -0.6716 0.6031 -1.4916
v  -0.7014 0.6031 -1.5493
v  -0.7014 0.5804 -1.5423
v  -0.6689 0.5805 -1.5994
v  -0.6689 0.5582 -1.5920
v  -0.6130 0.5809 -1.5982
v  -0.6130 0.5586 -1.5908
v  -0.6645 0.7340 -1.5917
v  -0.6645 0.3361 -1.4552
v  -0.6478 0.3423 -1.4330
v  -0.6478 0.7402 -1.5695
v  -0.6207 0.3399 -1.4414
v  -0.6207 0.7378 -1.5780
v  -0.6207 0.3323 -1.4689
v  -0.6207 0.7302 -1.6054
v  -0.6478 0.3300 -1.4773
v  -0.6478 0.7279 -1.6139
v  -0.6845 0.5143 -1.5194
v  -0.6845 0.3877 -1.4710
v  -0.6531 0.4014 -1.4299
v  -0.6531 0.5279 -1.4783
v  -0.6021 0.3962 -1.4456
v  -0.6021 0.5227 -1.4940
v  -0.6021 0.3793 -1.4964
v  -0.6021 0.5059 -1.5448
v  -0.6531 0.3741 -1.5121
v  -0.6531 0.5006 -1.5605
v  0.1127 0.2353 -1.5751
v  0.0787 0.1966 -0.9853
v  0.0894 0.1706 -0.9861
v  0.1044 0.2677 -1.5855
v  0.0528 0.2073 -0.9832
v  0.0843 0.2811 -1.6109
v  0.0269 0.1966 -0.9811
v  0.0642 0.2677 -1.6362
v  0.0162 0.1706 -0.9803
v  0.0558 0.2353 -1.6467
v  0.0269 0.1446 -0.9811
v  0.0642 0.2030 -1.6362
v  0.0528 0.1338 -0.9832
v  0.0843 0.1896 -1.6109
v  0.0787 0.1446 -0.9853
v  0.1044 0.2030 -1.5855
v  0.5988 0.2816 -1.8917
v  0.5921 0.3076 -1.9002
v  0.5760 0.3184 -1.9205
v  0.5598 0.3076 -1.9409
v  0.5531 0.2816 -1.9493
v  0.5598 0.2557 -1.9409
v  0.5760 0.2449 -1.9205
v  0.5921 0.2557 -1.9002
v  0.6731 0.2871 -1.9951
v  0.6522 0.3377 -1.9951
v  0.6016 0.3587 -1.9951
v  0.5510 0.3377 -1.9951
v  0.5300 0.2871 -1.9951
v  0.5510 0.2365 -1.9951
v  0.6016 0.2155 -1.9951
v  0.6522 0.2365 -1.9951
v  0.6731 0.3281 -2.3232
v  0.6522 0.3787 -2.3232
v  0.6016 0.3997 -2.3232
v  0.5510 0.3787 -2.3232
v  0.5300 0.3281 -2.3232
v  0.5510 0.2775 -2.3232
v  0.6016 0.2565 -2.3232
v  0.6522 0.2775 -2.3232
v  0.6623 0.3542 -2.3239
v  0.6363 0.3650 -2.3239
v  0.6103 0.3542 -2.3239
v  0.5995 0.3282 -2.3239
v  0.6103 0.3023 -2.3239
v  0.6363 0.2915 -2.3239
v  0.6623 0.3023 -2.3239
v  0.6958 0.3471 -2.3786
v  0.6821 0.3801 -2.3786
v  0.6491 0.3938 -2.3786
v  0.6162 0.3801 -2.3786
v  0.6025 0.3471 -2.3786
v  0.6162 0.3142 -2.3786
v  0.6491 0.3005 -2.3786
v  0.6821 0.3142 -2.3786
v  0.6958 0.3464 -2.5425
v  0.6821 0.3789 -2.5481
v  0.6491 0.3924 -2.5504
v  0.6162 0.3789 -2.5481
v  0.6025 0.3464 -2.5425
v  0.6162 0.3139 -2.5369
v  0.6491 0.3005 -2.5346
v  0.6821 0.3139 -2.5369
v  -0.1127 0.2353 -1.5751
v  -0.0894 0.1706 -0.9861
v  -0.0787 0.1966 -0.9853
v  -0.1044 0.2677 -1.5855
v  -0.0528 0.2073 -0.9832
v  -0.0843 0.2811 -1.6109
v  -0.0269 0.1966 -0.9811
v  -0.0642 0.2677 -1.6362
v  -0.0162 0.1706 -0.9803
v  -0.0558 0.2353 -1.6467
v  -0.0269 0.1446 -0.9811
v  -0.0642 0.2030 -1.6362
v  -0.0528 0.1338 -0.9832
v  -0.0843 0.1896 -1.6109
v  -0.0787 0.1446 -0.9853
v  -0.1044 0.2030 -1.5855
v  -0.5993 0.2816 -1.8900
v  -0.5926 0.3076 -1.8984
v  -0.5765 0.3184 -1.9188
v  -0.5603 0.3076 -1.9391
v  -0.5536 0.2816 -1.9476
v  -0.5603 0.2557 -1.9391
v  -0.5765 0.2449 -1.9188
v  -0.5926 0.2557 -1.8984
v  -0.6736 0.2871 -1.9934
v  -0.6527 0.3377 -1.9934
v  -0.6021 0.3587 -1.9934
v  -0.5515 0.3377 -1.9934
v  -0.5305 0.2871 -1.9934
v  -0.5515 0.2365 -1.9934
v  -0.6021 0.2155 -1.9934
v  -0.6527 0.2365 -1.9934
v  -0.6736 0.3281 -2.3215
v  -0.6527 0.3787 -2.3215
v  -0.6021 0.3997 -2.3215
v  -0.5515 0.3787 -2.3215
v  -0.5305 0.3281 -2.3215
v  -0.5515 0.2775 -2.3215
v  -0.6021 0.2565 -2.3215
v  -0.6527 0.2775 -2.3215
v  -0.6730 0.3282 -2.3239
v  -0.6623 0.3542 -2.3239
v  -0.6363 0.3650 -2.3239
v  -0.6103 0.3542 -2.3239
v  -0.5995 0.3282 -2.3239
v  -0.6103 0.3023 -2.3239
v  -0.6363 0.2915 -2.3239
v  -0.6623 0.3023 -2.3239
v  -0.6958 0.3471 -2.3786
v  -0.6821 0.3801 -2.3786
v  -0.6491 0.3938 -2.3786
v  -0.6162 0.3801 -2.3786
v  -0.6025 0.3471 -2.3786
v  -0.6162 0.3142 -2.3786
v  -0.6491 0.3005 -2.3786
v  -0.6821 0.3142 -2.3786
v  -0.6958 0.3464 -2.5425
v  -0.6821 0.3789 -2.5481
v  -0.6491 0.3924 -2.5504
v  -0.6162 0.3789 -2.5481
v  -0.6025 0.3464 -2.5425
v  -0.6162 0.3139 -2.5369
v  -0.6491 0.3005 -2.5346
v  -0.6821 0.3139 -2.5369
v  0.1187 0.1714 -1.0469
v  0.0560 0.2476 -0.5076
v  0.1187 0.1714 -0.5076
v  0.0560 0.2476 -1.0469
v  -0.0695 0.2476 -0.5076
v  -0.0695 0.2476 -1.0469
v  -0.1323 0.1714 -0.5076
v  -0.1323 0.1714 -1.0469
v  -0.0695 0.0953 -0.5076
v  -0.0695 0.0953 -1.0469
v  0.0560 0.0953 -0.5076
v  0.0560 0.0953 -1.0469
v  -0.0068 0.1714 -0.5076
v  -0.0068 0.1714 -1.0469
v  0.0314 0.1613 1.1674
v  0.0124 0.3122 1.3255
v  0.0314 0.2881 1.3480
v  0.0124 0.1950 1.1545
v  -0.0257 0.3122 1.3255
v  -0.0257 0.1950 1.1545
v  -0.0448 0.2881 1.3480
v  -0.0448 0.1613 1.1674
v  -0.0257 0.2639 1.3705
v  -0.0257 0.1309 1.1802
v  0.0124 0.2639 1.3705
v  0.0124 0.1309 1.1802
v  0.0314 0.1605 1.1292
v  0.0124 0.1935 1.1292
v  -0.0257 0.1935 1.1292
v  -0.0448 0.1605 1.1292
v  -0.0257 0.1275 1.1292
v  0.0124 0.1275 1.1292
v  0.0314 0.1519 -0.5194
v  0.0124 0.1849 -0.5194
v  -0.0257 0.1849 -0.5194
v  -0.0448 0.1519 -0.5194
v  -0.0257 0.1189 -0.5194
v  0.0124 0.1189 -0.5194
v  -0.0110 0.3833 -2.1321
v  -0.1516 0.3768 -2.0741
v  -0.1605 0.3832 -2.1321
v  -0.1160 0.3717 -2.0278
v  -0.0678 0.3682 -1.9958
v  -0.0110 0.3670 -1.9846
v  0.0458 0.3683 -1.9958
v  0.0939 0.3719 -2.0278
v  0.1261 0.3772 -2.0756
v  0.1374 0.3835 -2.1321
v  0.1261 0.3897 -2.1886
v  0.0939 0.3949 -2.2364
v  0.0458 0.3984 -2.2684
v  -0.0123 0.4005 -2.2873
v  -0.0612 0.3980 -2.2650
v  -0.1069 0.3962 -2.2495
v  -0.1481 0.3895 -2.1886
v  -0.1264 0.3679 -2.0010
v  -0.1832 0.3678 -2.0003
v  -0.1761 0.3748 -2.0638
v  -0.2225 0.3750 -2.0656
v  0.0008 0.3647 -1.9704
v  0.0751 0.3655 -1.9771
v  0.0563 0.3589 -1.9179
v  -0.0138 0.3582 -1.9123
v  0.1494 0.3772 -2.0824
v  0.1675 0.3859 -2.1617
v  0.2110 0.3825 -2.1304
v  0.1947 0.3737 -2.0512
v  0.0878 0.3970 -2.2625
v  0.0274 0.4019 -2.3069
v  0.0570 0.4043 -2.3292
v  0.1297 0.4005 -2.2935
v  -0.1695 0.3884 -2.1869
v  -0.1187 0.3966 -2.2601
v  -0.1329 0.4006 -2.2968
v  -0.1859 0.3943 -2.2399
v  0.1456 0.4007 -2.2957
v  0.0570 0.4056 -2.3404
v  0.2222 0.3833 -2.1379
v  0.1999 0.3720 -2.0353
v  0.0672 0.3578 -1.9079
v  -0.0264 0.3568 -1.8991
v  -0.1924 0.3665 -1.9885
v  -0.2366 0.3759 -2.0737
v  -0.1315 0.4025 -2.3140
v  -0.2013 0.3951 -2.2471
v  0.1799 0.3846 -2.0063
v  0.1357 0.3884 -2.0405
v  0.1119 0.3857 -2.0168
v  0.0947 0.3804 -1.9681
v  0.0868 0.3772 -1.9392
v  0.1027 0.3762 -1.9300
v  0.1900 0.4019 -2.1629
v  0.2065 0.4034 -2.1760
v  0.1622 0.4034 -2.1760
v  0.1384 0.4061 -2.2010
v  0.1172 0.4093 -2.2300
v  0.1599 0.4131 -2.2644
v  -0.0984 0.4197 -2.3253
v  -0.0789 0.4143 -2.2770
v  -0.0582 0.4149 -2.2818
v  -0.0118 0.4170 -2.3007
v  0.0155 0.4187 -2.3161
v  0.0150 0.4213 -2.3398
v  -0.1878 0.4065 -2.2072
v  -0.2101 0.4076 -2.2173
v  -0.1767 0.4023 -2.1689
v  -0.1729 0.3979 -2.1293
v  -0.1791 0.3956 -2.1083
v  -0.2315 0.3954 -2.1066
v  -0.1651 0.3797 -1.9636
v  -0.1092 0.3809 -1.9742
v  -0.0593 0.3803 -1.9687
v  -0.0483 0.3793 -1.9593
v  -0.0538 0.3762 -1.9315
v  -0.0729 0.3736 -1.9083
v  0.0333 0.3754 -1.9227
v  -0.0067 0.3710 -1.8829
v  -0.0067 0.3749 -1.9187
v  0.0404 0.3715 -1.8875
v  0.0331 0.6112 -1.8966
v  -0.0070 0.6107 -1.8927
v  -0.0070 0.6068 -1.8568
v  0.0401 0.6073 -1.8614
v  0.0719 0.3767 -1.9343
v  0.0857 0.3731 -1.9011
v  0.0716 0.6125 -1.9082
v  0.0854 0.6089 -1.8751
v  0.1074 0.3788 -1.9531
v  0.1274 0.3755 -1.9233
v  0.1071 0.6146 -1.9271
v  0.1272 0.6113 -1.8972
v  0.1385 0.3816 -1.9785
v  0.1640 0.3789 -1.9531
v  0.1382 0.6175 -1.9524
v  0.1637 0.6147 -1.9271
v  0.1640 0.3851 -2.0094
v  0.1940 0.3829 -1.9895
v  0.1638 0.6209 -1.9834
v  0.1938 0.6187 -1.9634
v  0.1830 0.3890 -2.0447
v  0.2163 0.3875 -2.0310
v  0.1827 0.6248 -2.0187
v  0.2161 0.6233 -2.0049
v  0.1947 0.3932 -2.0830
v  0.2301 0.3925 -2.0760
v  0.1944 0.6290 -2.0569
v  0.2298 0.6283 -2.0499
v  0.1986 0.3976 -2.1228
v  0.2347 0.3977 -2.1228
v  0.1984 0.6334 -2.0968
v  0.2344 0.6335 -2.0968
v  0.1947 0.4020 -2.1626
v  0.2301 0.4028 -2.1696
v  0.1944 0.6378 -2.1366
v  0.2298 0.6386 -2.1436
v  0.1830 0.4062 -2.2009
v  0.2163 0.4078 -2.2146
v  0.1827 0.6421 -2.1749
v  0.2161 0.6436 -2.1886
v  0.1640 0.4101 -2.2362
v  0.1940 0.4124 -2.2561
v  0.1638 0.6459 -2.2102
v  0.1938 0.6482 -2.2301
v  0.1385 0.4135 -2.2671
v  0.1640 0.4163 -2.2925
v  0.1382 0.6493 -2.2411
v  0.1637 0.6522 -2.2664
v  0.1074 0.4163 -2.2925
v  0.1274 0.4196 -2.3223
v  0.1071 0.6521 -2.2665
v  0.1272 0.6554 -2.2963
v  0.0719 0.4184 -2.3114
v  0.0857 0.4220 -2.3445
v  0.0716 0.6542 -2.2853
v  0.0854 0.6578 -2.3185
v  0.0333 0.4196 -2.3230
v  0.0404 0.4235 -2.3582
v  0.0331 0.6554 -2.2969
v  0.0401 0.6593 -2.3321
v  -0.0067 0.4200 -2.3269
v  -0.0067 0.4240 -2.3628
v  -0.0070 0.6558 -2.3009
v  -0.0070 0.6598 -2.3367
v  -0.0468 0.4195 -2.3230
v  -0.0538 0.4234 -2.3582
v  -0.0470 0.6554 -2.2970
v  -0.0541 0.6592 -2.3321
v  -0.0853 0.4182 -2.3114
v  -0.0991 0.4219 -2.3445
v  -0.0855 0.6540 -2.2853
v  -0.0994 0.6577 -2.3185
v  -0.1208 0.4161 -2.2925
v  -0.1409 0.4194 -2.3224
v  -0.1210 0.6519 -2.2665
v  -0.1411 0.6552 -2.2963
v  -0.1519 0.4133 -2.2672
v  -0.1774 0.4161 -2.2925
v  -0.1522 0.6491 -2.2411
v  -0.1777 0.6519 -2.2665
v  -0.1775 0.4099 -2.2362
v  -0.2075 0.4120 -2.2562
v  -0.1777 0.6457 -2.2102
v  -0.2077 0.6478 -2.2301
v  -0.1964 0.4059 -2.2009
v  -0.2298 0.4074 -2.2147
v  -0.1967 0.6418 -2.1749
v  -0.2300 0.6432 -2.1886
v  -0.2081 0.4017 -2.1627
v  -0.2435 0.4025 -2.1697
v  -0.2084 0.6375 -2.1366
v  -0.2437 0.6383 -2.1436
v  -0.2121 0.3973 -2.1228
v  -0.2481 0.3973 -2.1228
v  -0.2123 0.6331 -2.0968
v  -0.2484 0.6331 -2.0968
v  -0.2081 0.3929 -2.0830
v  -0.2435 0.3921 -2.0760
v  -0.2084 0.6287 -2.0570
v  -0.2437 0.6279 -2.0500
v  -0.1964 0.3887 -2.0447
v  -0.2298 0.3872 -2.0310
v  -0.1967 0.6245 -2.0187
v  -0.2300 0.6230 -2.0050
v  -0.1775 0.3848 -2.0094
v  -0.2075 0.3826 -1.9895
v  -0.1777 0.6206 -1.9834
v  -0.2077 0.6184 -1.9635
v  -0.1519 0.3814 -1.9785
v  -0.1774 0.3786 -1.9532
v  -0.1522 0.6172 -1.9525
v  -0.1777 0.6144 -1.9271
v  -0.1208 0.3786 -1.9531
v  -0.1409 0.3753 -1.9233
v  -0.1210 0.6144 -1.9271
v  -0.1411 0.6111 -1.8973
v  -0.0853 0.3766 -1.9343
v  -0.0991 0.3729 -1.9011
v  -0.0855 0.6124 -1.9082
v  -0.0994 0.6087 -1.8751
v  -0.0468 0.3753 -1.9227
v  -0.0538 0.3714 -1.8875
v  -0.0470 0.6111 -1.8966
v  -0.0541 0.6072 -1.8614
v  0.0326 0.3541 -1.9103
v  -0.0105 0.3490 -1.8642
v  -0.0105 0.3536 -1.9061
v  0.0408 0.3496 -1.8692
v  0.0323 0.6052 -1.8825
v  -0.0108 0.6047 -1.8783
v  -0.0108 0.6001 -1.8364
v  0.0405 0.6007 -1.8414
v  0.0740 0.3555 -1.9228
v  0.0901 0.3512 -1.8841
v  0.0737 0.6066 -1.8950
v  0.0898 0.6024 -1.8563
v  0.1121 0.3578 -1.9430
v  0.1355 0.3539 -1.9082
v  0.1119 0.6089 -1.9153
v  0.1353 0.6051 -1.8805
v  0.1456 0.3608 -1.9703
v  0.1754 0.3576 -1.9407
v  0.1453 0.6120 -1.9426
v  0.1751 0.6087 -1.9130
v  0.1730 0.3645 -2.0036
v  0.2081 0.3620 -1.9803
v  0.1728 0.6157 -1.9758
v  0.2078 0.6131 -1.9526
v  0.1934 0.3687 -2.0415
v  0.2324 0.3670 -2.0255
v  0.1932 0.6199 -2.0138
v  0.2321 0.6181 -1.9977
v  0.2060 0.3733 -2.0827
v  0.2473 0.3724 -2.0745
v  0.2058 0.6244 -2.0549
v  0.2471 0.6235 -2.0468
v  0.2103 0.3780 -2.1255
v  0.2524 0.3780 -2.1255
v  0.2100 0.6291 -2.0977
v  0.2521 0.6292 -2.0977
v  0.2060 0.3827 -2.1683
v  0.2473 0.3837 -2.1765
v  0.2058 0.6339 -2.1405
v  0.2471 0.6348 -2.1487
v  0.1934 0.3873 -2.2095
v  0.2324 0.3891 -2.2255
v  0.1932 0.6384 -2.1817
v  0.2321 0.6402 -2.1977
v  0.1730 0.3914 -2.2474
v  0.2081 0.3940 -2.2707
v  0.1728 0.6426 -2.2197
v  0.2078 0.6452 -2.2429
v  0.1456 0.3951 -2.2806
v  0.1754 0.3984 -2.3103
v  0.1453 0.6462 -2.2529
v  0.1751 0.6495 -2.2825
v  0.1121 0.3981 -2.3079
v  0.1355 0.4019 -2.3428
v  0.1119 0.6492 -2.2802
v  0.1353 0.6531 -2.3150
v  0.0740 0.4003 -2.3282
v  0.0901 0.4046 -2.3669
v  0.0737 0.6514 -2.3005
v  0.0898 0.6557 -2.3392
v  0.0326 0.4016 -2.3407
v  0.0408 0.4062 -2.3818
v  0.0323 0.6528 -2.3130
v  0.0405 0.6573 -2.3541
v  -0.0105 0.4021 -2.3449
v  -0.0105 0.4067 -2.3868
v  -0.0108 0.6532 -2.3172
v  -0.0108 0.6578 -2.3591
v  -0.0536 0.4016 -2.3407
v  -0.0618 0.4061 -2.3818
v  -0.0538 0.6527 -2.3130
v  -0.0621 0.6572 -2.3541
v  -0.0950 0.4001 -2.3282
v  -0.1111 0.4044 -2.3669
v  -0.0953 0.6513 -2.3005
v  -0.1114 0.6556 -2.3392
v  -0.1332 0.3979 -2.3080
v  -0.1566 0.4017 -2.3428
v  -0.1334 0.6490 -2.2802
v  -0.1568 0.6529 -2.3151
v  -0.1666 0.3948 -2.2807
v  -0.1964 0.3981 -2.3103
v  -0.1669 0.6460 -2.2529
v  -0.1967 0.6492 -2.2826
v  -0.1941 0.3911 -2.2474
v  -0.2291 0.3937 -2.2707
v  -0.1943 0.6423 -2.2197
v  -0.2294 0.6448 -2.2430
v  -0.2145 0.3869 -2.2095
v  -0.2534 0.3887 -2.2255
v  -0.2147 0.6381 -2.1817
v  -0.2537 0.6398 -2.1978
v  -0.2271 0.3824 -2.1683
v  -0.2684 0.3832 -2.1765
v  -0.2273 0.6335 -2.1406
v  -0.2686 0.6344 -2.1488
v  -0.2313 0.3776 -2.1255
v  -0.2734 0.3776 -2.1255
v  -0.2315 0.6288 -2.0978
v  -0.2737 0.6288 -2.0978
v  -0.2271 0.3729 -2.0827
v  -0.2684 0.3720 -2.0745
v  -0.2273 0.6241 -2.0550
v  -0.2686 0.6231 -2.0468
v  -0.2145 0.3684 -2.0415
v  -0.2534 0.3666 -2.0255
v  -0.2147 0.6195 -2.0138
v  -0.2537 0.6177 -1.9978
v  -0.1941 0.3642 -2.0036
v  -0.2291 0.3616 -1.9803
v  -0.1943 0.6154 -1.9759
v  -0.2294 0.6128 -1.9526
v  -0.1666 0.3606 -1.9703
v  -0.1964 0.3573 -1.9407
v  -0.1669 0.6117 -1.9426
v  -0.1967 0.6084 -1.9130
v  -0.1332 0.3576 -1.9431
v  -0.1566 0.3537 -1.9082
v  -0.1334 0.6087 -1.9153
v  -0.1568 0.6049 -1.8805
v  -0.0950 0.3554 -1.9228
v  -0.1111 0.3511 -1.8841
v  -0.0953 0.6065 -1.8950
v  -0.1114 0.6022 -1.8563
v  -0.0536 0.3540 -1.9103
v  -0.0618 0.3495 -1.8692
v  -0.0538 0.6052 -1.8825
v  -0.0621 0.6006 -1.8415
v  -0.2131 0.3713 -2.1445
v  -0.2238 0.4003 -2.1348
v  -0.2280 0.3990 -2.1415
v  -0.2096 0.3724 -2.1391
v  -0.2169 0.4039 -2.1369
v  -0.2041 0.3753 -2.1408
v  -0.2169 0.4048 -2.1449
v  -0.2041 0.3760 -2.1473
v  -0.2238 0.4018 -2.1477
v  -0.2096 0.3736 -2.1496
v  -0.2219 0.4020 -2.1411
v  -0.2081 0.3737 -2.1443
v  -0.2786 0.3795 -2.4795
v  -0.2838 0.6618 -2.4267
v  -0.2885 0.6616 -2.4499
v  -0.2763 0.3893 -2.4581
v  -0.2574 0.6622 -2.4145
v  -0.2538 0.4052 -2.4488
v  -0.2457 0.6622 -2.4301
v  -0.2421 0.4052 -2.4645
v  -0.2650 0.6618 -2.4520
v  -0.2575 0.3893 -2.4834
v  -0.2397 0.3589 -2.4505
v  -0.2495 0.3765 -2.4382
v  -0.2466 0.4050 -2.4435
v  -0.2350 0.4050 -2.4591
v  -0.2307 0.3765 -2.4634
v  0.2349 0.2949 -1.7879
v  0.2251 0.3125 -1.7756
v  0.2280 0.3410 -1.7810
v  0.2396 0.3410 -1.7966
v  0.2439 0.3125 -1.8009
v  0.2786 0.3795 -2.4795
v  0.2885 0.6616 -2.4499
v  0.2838 0.6618 -2.4267
v  0.2763 0.3893 -2.4581
v  0.2574 0.6622 -2.4145
v  0.2538 0.4052 -2.4488
v  0.2457 0.6622 -2.4301
v  0.2421 0.4052 -2.4645
v  0.2650 0.6618 -2.4520
v  0.2575 0.3893 -2.4834
v  0.2397 0.3589 -2.4505
v  0.2495 0.3765 -2.4382
v  0.2466 0.4050 -2.4435
v  0.2350 0.4050 -2.4591
v  0.2307 0.3765 -2.4634
v  -0.2349 0.2949 -1.7879
v  -0.2251 0.3125 -1.7756
v  -0.2280 0.3410 -1.7810
v  -0.2396 0.3410 -1.7966
v  -0.2439 0.3125 -1.8009
v  0.8432 0.3216 1.4699
v  0.6508 0.3434 1.5023
v  0.6508 0.3194 1.4725
v  0.8432 0.3456 1.4997
v  0.6508 0.3791 1.4886
v  0.8432 0.3814 1.4861
v  0.6508 0.3772 1.4504
v  0.8432 0.3795 1.4479
v  0.6508 0.3403 1.4404
v  0.8432 0.3425 1.4379
v  0.5336 0.4429 1.7860
v  0.9966 0.2284 1.9413
v  0.5336 0.2423 1.7980
v  1.0287 0.4027 1.9205
v  1.0371 0.4061 1.9186
v  0.5336 0.5191 1.7742
v  1.0456 0.4845 1.9011
v  1.0545 0.5690 1.8580
v  0.5336 0.6024 1.7422
v  1.0580 0.6179 1.8256
v  0.5336 0.6548 1.7206
v  1.0629 0.6756 1.7697
v  0.5336 0.6966 1.7018
v  1.0644 0.7170 1.7140
v  0.5336 0.7271 1.6578
v  1.0674 0.7375 1.6684
v  0.5336 0.7567 1.5876
v  1.0688 0.7638 1.5603
v  0.5336 0.7643 1.4946
v  1.0729 0.7741 1.4600
v  0.5336 0.7697 1.4169
v  1.0709 0.7756 1.3773
v  0.5336 0.7469 1.3432
v  1.0667 0.7566 1.2920
v  0.5336 0.7027 1.2762
v  1.0620 0.7016 1.2005
v  0.5336 0.6557 1.2248
v  1.0609 0.6473 1.1366
v  0.5336 0.6003 1.1866
v  1.0537 0.5797 1.0918
v  0.5336 0.5253 1.1604
v  1.0450 0.5035 1.0637
v  0.5336 0.4342 1.1440
v  1.0341 0.3974 1.0343
v  0.5336 0.3139 1.1258
v  1.0030 0.2667 1.0192
v  0.5336 0.2774 1.1148
v  1.0030 0.2301 1.0120
v  0.5336 0.2029 1.1039
v  0.9988 0.2058 0.9871
v  1.0155 0.2519 -0.9998
v  1.0155 0.2187 -0.9795
v  0.5744 0.2219 -1.1013
v  0.5744 0.2626 -1.1075
v  1.0073 0.3054 -1.0043
v  0.5744 0.3163 -1.1126
v  1.0317 0.3988 -1.0160
v  0.5744 0.4703 -1.1237
v  1.0419 0.5142 -1.0418
v  0.5744 0.5699 -1.1493
v  1.0491 0.5957 -1.0819
v  0.5744 0.6542 -1.1774
v  1.0510 0.6435 -1.1071
v  0.5744 0.7028 -1.2029
v  1.0570 0.7164 -1.1701
v  0.5744 0.7476 -1.2506
v  1.0617 0.7576 -1.2440
v  1.0658 0.8010 -1.4976
v  1.0658 0.7955 -1.3879
v  0.5744 0.7918 -1.3941
v  0.5744 0.7940 -1.4956
v  1.0619 0.7907 -1.6197
v  0.5744 0.7763 -1.5817
v  1.0582 0.7390 -1.7289
v  0.5744 0.7278 -1.6722
v  1.0582 0.6789 -1.7842
v  0.5744 0.6858 -1.7274
v  1.0486 0.6112 -1.8372
v  0.5744 0.6329 -1.7605
v  1.0295 0.5270 -1.8736
v  0.5744 0.5556 -1.7892
v  1.0028 0.4392 -1.8960
v  0.5744 0.4762 -1.8068
v  0.9571 0.3012 -1.9331
v  0.5744 0.2873 -1.8397
v  0.4962 0.4123 -1.4637
v  0.4416 0.2424 1.4742
v  -0.5336 0.4429 1.7860
v  -0.5336 0.2423 1.7980
v  -0.9966 0.2284 1.9413
v  -1.0287 0.4027 1.9205
v  -1.0371 0.4061 1.9186
v  -0.5336 0.5191 1.7742
v  -1.0456 0.4845 1.9011
v  -1.0545 0.5690 1.8580
v  -0.5336 0.6024 1.7422
v  -1.0580 0.6179 1.8256
v  -0.5336 0.6548 1.7206
v  -1.0629 0.6756 1.7697
v  -0.5336 0.6966 1.7018
v  -1.0644 0.7170 1.7140
v  -0.5336 0.7271 1.6578
v  -1.0674 0.7375 1.6684
v  -0.5336 0.7567 1.5876
v  -1.0688 0.7638 1.5603
v  -0.5336 0.7643 1.4946
v  -1.0729 0.7741 1.4600
v  -0.5336 0.7697 1.4169
v  -1.0709 0.7756 1.3773
v  -0.5336 0.7469 1.3432
v  -1.0667 0.7566 1.2920
v  -0.5336 0.7027 1.2762
v  -1.0620 0.7016 1.2005
v  -0.5336 0.6557 1.2248
v  -1.0609 0.6473 1.1366
v  -0.5336 0.6003 1.1866
v  -1.0537 0.5797 1.0918
v  -0.5336 0.5253 1.1604
v  -1.0450 0.5035 1.0637
v  -0.5336 0.4342 1.1440
v  -1.0341 0.3974 1.0343
v  -0.5336 0.3139 1.1258
v  -1.0030 0.2667 1.0192
v  -0.5336 0.2774 1.1148
v  -1.0030 0.2301 1.0120
v  -0.5336 0.2029 1.1039
v  -0.9988 0.2058 0.9871
v  -1.0155 0.2519 -0.9998
v  -0.5744 0.2219 -1.1013
v  -1.0155 0.2187 -0.9795
v  -0.5744 0.2626 -1.1075
v  -1.0073 0.3054 -1.0043
v  -0.5744 0.3163 -1.1126
v  -1.0317 0.3988 -1.0160
v  -0.5744 0.4703 -1.1237
v  -1.0419 0.5142 -1.0418
v  -0.5744 0.5699 -1.1493
v  -1.0491 0.5957 -1.0819
v  -0.5744 0.6542 -1.1774
v  -1.0510 0.6435 -1.1071
v  -0.5744 0.7028 -1.2029
v  -1.0570 0.7164 -1.1701
v  -0.5744 0.7476 -1.2506
v  -1.0617 0.7576 -1.2440
v  -0.5744 0.7918 -1.3941
v  -1.0658 0.7955 -1.3879
v  -1.0658 0.8010 -1.4976
v  -0.5744 0.7940 -1.4956
v  -1.0619 0.7907 -1.6197
v  -0.5744 0.7763 -1.5817
v  -1.0582 0.7390 -1.7289
v  -0.5744 0.7278 -1.6722
v  -1.0582 0.6789 -1.7842
v  -0.5744 0.6858 -1.7274
v  -1.0486 0.6112 -1.8372
v  -0.5744 0.6329 -1.7605
v  -1.0295 0.5270 -1.8736
v  -0.5744 0.5556 -1.7892
v  -1.0028 0.4392 -1.8960
v  -0.5744 0.4762 -1.8068
v  -0.9571 0.3012 -1.9331
v  -0.5744 0.2873 -1.8397
v  -0.4962 0.4123 -1.4637
v  -0.4416 0.2424 1.4742
v  -0.9988 0.2031 0.9458
v  -0.9964 0.2041 0.7712
v  -0.9916 0.2047 0.6232
v  -1.0155 0.2215 -0.7712
v  0.9988 0.2031 0.9458
v  0.9964 0.2041 0.7712
v  0.9916 0.2047 0.6232
v  1.0155 0.2215 -0.7712
v  -0.1236 0.3209 -1.4573
v  -0.8619 0.3414 -1.4246
v  -0.8619 0.3316 -1.4482
v  -0.1236 0.3339 -1.4261
v  -0.8619 0.3650 -1.4148
v  -0.1236 0.3650 -1.4132
v  -0.8619 0.3887 -1.4246
v  -0.1236 0.3962 -1.4261
v  -0.8619 0.3985 -1.4482
v  -0.1236 0.4092 -1.4573
v  -0.8619 0.3887 -1.4719
v  -0.1236 0.3962 -1.4885
v  -0.8619 0.3650 -1.4817
v  -0.1236 0.3650 -1.5014
v  -0.8619 0.3414 -1.4719
v  -0.1236 0.3339 -1.4885
v  -0.0710 0.2569 -1.4621
v  -0.0710 0.2886 -1.3857
v  -0.0710 0.3650 -1.3540
v  -0.0710 0.4415 -1.3857
v  -0.0710 0.4732 -1.4621
v  -0.0710 0.4415 -1.5386
v  -0.0710 0.3650 -1.5702
v  -0.0710 0.2886 -1.5386
v  0.0521 0.2569 -1.4641
v  0.0521 0.2886 -1.3876
v  0.0521 0.3650 -1.3560
v  0.0521 0.4415 -1.3876
v  0.0521 0.4732 -1.4641
v  0.0521 0.4415 -1.5405
v  0.0521 0.3650 -1.5722
v  0.0521 0.2886 -1.5405
v  0.1085 0.3103 -1.4652
v  0.1085 0.3263 -1.4264
v  0.1085 0.3650 -1.4104
v  0.1085 0.4038 -1.4264
v  0.1085 0.4198 -1.4652
v  0.1085 0.4038 -1.5039
v  0.1085 0.3650 -1.5199
v  0.1085 0.3263 -1.5039
v  0.9550 0.3311 -1.4680
v  0.9550 0.3410 -1.4439
v  0.9550 0.3650 -1.4340
v  0.9550 0.3891 -1.4439
v  0.9550 0.3990 -1.4680
v  0.9550 0.3891 -1.4920
v  0.9550 0.3650 -1.5019
v  0.9550 0.3410 -1.4920
v  1.0486 0.6167 -1.8758
v  -1.0486 0.6167 -1.8758
v  1.0319 0.6223 -1.9832
v  -1.0319 0.6223 -1.9832
v  1.0047 0.6234 -2.1220
v  -1.0047 0.6234 -2.1220
v  0.9529 0.6231 -2.2935
v  -0.9529 0.6231 -2.2935
v  0.6491 0.3464 -2.5425
v  -0.6491 0.3464 -2.5425
v  0.0405 0.3510 -1.8721
v  -0.0100 0.3374 -1.7492
v  -0.0100 0.3505 -1.8672
v  0.0637 0.3383 -1.7564
v  0.0403 0.6014 -1.8445
v  -0.0103 0.6009 -1.8395
v  -0.0103 0.5878 -1.7215
v  0.0634 0.5887 -1.7287
v  0.0892 0.3527 -1.8868
v  0.1346 0.3407 -1.7778
v  0.0889 0.6031 -1.8591
v  0.1343 0.5911 -1.7501
v  0.1340 0.3554 -1.9106
v  0.1999 0.3446 -1.8125
v  0.1337 0.6058 -1.8829
v  0.1997 0.5950 -1.7848
v  0.1733 0.3589 -1.9426
v  0.2572 0.3498 -1.8592
v  0.1730 0.6093 -1.9150
v  0.2570 0.6002 -1.8315
v  0.2055 0.3633 -1.9817
v  0.3042 0.3561 -1.9161
v  0.2053 0.6137 -1.9540
v  0.3040 0.6065 -1.8885
v  0.2295 0.3682 -2.0262
v  0.3392 0.3633 -1.9811
v  0.2292 0.6186 -1.9986
v  0.3389 0.6137 -1.9534
v  0.2442 0.3736 -2.0746
v  0.3607 0.3711 -2.0515
v  0.2440 0.6240 -2.0469
v  0.3604 0.6215 -2.0239
v  0.2492 0.3791 -2.1248
v  0.3679 0.3792 -2.1248
v  0.2490 0.6295 -2.0972
v  0.3677 0.6296 -2.0972
v  0.2442 0.3847 -2.1751
v  0.3607 0.3873 -2.1981
v  0.2440 0.6351 -2.1475
v  0.3604 0.6377 -2.1705
v  0.2295 0.3900 -2.2235
v  0.3392 0.3951 -2.2686
v  0.2292 0.6404 -2.1958
v  0.3389 0.6455 -2.2410
v  0.2055 0.3949 -2.2680
v  0.3042 0.4022 -2.3336
v  0.2053 0.6453 -2.2404
v  0.3040 0.6526 -2.3059
v  0.1733 0.3992 -2.3071
v  0.2572 0.4085 -2.3905
v  0.1730 0.6496 -2.2794
v  0.2570 0.6589 -2.3628
v  0.1340 0.4027 -2.3391
v  0.1999 0.4136 -2.4372
v  0.1337 0.6531 -2.3115
v  0.1997 0.6640 -2.4096
v  0.0892 0.4053 -2.3630
v  0.1346 0.4174 -2.4719
v  0.0889 0.6557 -2.3353
v  0.1343 0.6678 -2.4443
v  0.0405 0.4069 -2.3776
v  0.0637 0.4197 -2.4933
v  0.0403 0.6573 -2.3500
v  0.0634 0.6701 -2.4657
v  -0.0100 0.4074 -2.3826
v  -0.0100 0.4204 -2.5006
v  -0.0103 0.6578 -2.3549
v  -0.0103 0.6708 -2.4729
v  -0.0606 0.4068 -2.3776
v  -0.0838 0.4196 -2.4933
v  -0.0609 0.6572 -2.3500
v  -0.0840 0.6700 -2.4657
v  -0.1093 0.4051 -2.3630
v  -0.1547 0.4171 -2.4720
v  -0.1095 0.6555 -2.3353
v  -0.1549 0.6675 -2.4443
v  -0.1541 0.4025 -2.3392
v  -0.2200 0.4132 -2.4373
v  -0.1543 0.6529 -2.3115
v  -0.2203 0.6637 -2.4096
v  -0.1934 0.3989 -2.3071
v  -0.2773 0.4080 -2.3905
v  -0.1936 0.6493 -2.2795
v  -0.2776 0.6585 -2.3629
v  -0.2256 0.3946 -2.2681
v  -0.3243 0.4017 -2.3336
v  -0.2259 0.6450 -2.2404
v  -0.3246 0.6521 -2.3060
v  -0.2496 0.3896 -2.2235
v  -0.3592 0.3945 -2.2687
v  -0.2498 0.6400 -2.1959
v  -0.3595 0.6449 -2.2410
v  -0.2643 0.3843 -2.1752
v  -0.3808 0.3867 -2.1982
v  -0.2646 0.6347 -2.1475
v  -0.3810 0.6371 -2.1705
v  -0.2693 0.3787 -2.1249
v  -0.3880 0.3786 -2.1249
v  -0.2696 0.6291 -2.0972
v  -0.3883 0.6290 -2.0972
v  -0.2643 0.3732 -2.0746
v  -0.3808 0.3705 -2.0516
v  -0.2646 0.6236 -2.0470
v  -0.3810 0.6209 -2.0240
v  -0.2496 0.3678 -2.0263
v  -0.3592 0.3628 -1.9811
v  -0.2498 0.6182 -1.9986
v  -0.3595 0.6132 -1.9535
v  -0.2256 0.3629 -1.9817
v  -0.3243 0.3556 -1.9162
v  -0.2259 0.6133 -1.9541
v  -0.3246 0.6060 -1.8885
v  -0.1934 0.3586 -1.9427
v  -0.2773 0.3494 -1.8592
v  -0.1936 0.6091 -1.9150
v  -0.2776 0.5998 -1.8316
v  -0.1541 0.3551 -1.9106
v  -0.2200 0.3442 -1.8125
v  -0.1543 0.6055 -1.8830
v  -0.2203 0.5947 -1.7849
v  -0.1093 0.3525 -1.8868
v  -0.1547 0.3405 -1.7778
v  -0.1095 0.6029 -1.8591
v  -0.1549 0.5909 -1.7501
v  -0.0606 0.3510 -1.8721
v  -0.0838 0.3382 -1.7564
v  -0.0609 0.6014 -1.8445
v  -0.0840 0.5886 -1.7288
# 1174 vertices

vn 0.8733 0.0389 0.4856
vn 0.8539 -0.0416 -0.5188
vn -0.0037 -0.0799 -0.9968
vn -0.8662 -0.0399 -0.4980
vn -0.8417 0.0432 0.5382
vn 0.0032 0.0799 0.9968
vn 0.8592 0.0409 0.5100
vn 0.8440 -0.0429 -0.5347
vn 0.0003 -0.0799 -0.9968
vn -0.8713 -0.0392 -0.4892
vn -0.8648 0.0401 0.5006
vn 0.0001 0.0799 0.9968
vn 0.0015 0.0726 0.9974
vn 0.0048 0.0552 0.9985
vn 0.0062 0.0482 0.9988
vn 0.8780 0.0347 0.4773
vn 0.8796 0.0229 0.4751
vn 0.8792 0.0264 0.4758
vn 0.8775 0.0383 0.4780
vn 0.8461 -0.0426 -0.5313
vn -0.0054 -0.0799 -0.9968
vn -0.8655 -0.0400 -0.4994
vn -0.8450 0.0427 0.5331
vn -0.8455 0.0454 0.5321
vn -0.0056 0.0864 0.9962
vn -0.0041 0.0762 0.9971
vn 0.0000 0.0491 0.9988
vn 0.0016 0.0386 0.9993
vn 0.8804 0.0336 0.4730
vn 0.8822 0.0182 0.4705
vn 0.8818 0.0225 0.4712
vn 0.8799 0.0380 0.4736
vn 0.8578 -0.0496 -0.5117
vn 0.8589 -0.0409 -0.5104
vn 0.8586 -0.0433 -0.5108
vn 0.8574 -0.0520 -0.5120
vn -0.0232 -0.1011 -0.9946
vn 0.8085 0.0649 0.5849
vn -0.3085 0.1049 0.9454
vn -1.0000 0.0000 -0.0000
vn -0.3085 -0.1049 -0.9454
vn 0.8085 -0.0649 -0.5849
vn 0.8087 0.0852 0.5820
vn -0.3087 0.1378 0.9411
vn -0.3087 -0.1379 -0.9411
vn 0.8087 -0.0852 -0.5820
vn 0.8733 0.1439 0.4654
vn 0.8539 -0.1538 -0.4972
vn -0.0037 -0.2955 -0.9553
vn -0.8662 -0.1477 -0.4773
vn -0.8417 0.1596 0.5158
vn 0.0032 0.2955 0.9553
vn 0.8592 0.1512 0.4887
vn 0.8440 -0.1585 -0.5124
vn 0.0003 -0.2955 -0.9553
vn -0.8713 -0.1450 -0.4688
vn -0.8648 0.1484 0.4797
vn 0.0001 0.2955 0.9553
vn 0.0015 0.2885 0.9575
vn 0.0048 0.2718 0.9623
vn 0.0062 0.2650 0.9642
vn 0.8780 0.1380 0.4583
vn 0.8796 0.1261 0.4586
vn 0.8792 0.1296 0.4585
vn 0.8775 0.1417 0.4581
vn 0.8461 -0.1575 -0.5092
vn -0.0054 -0.2955 -0.9553
vn -0.8655 -0.1481 -0.4786
vn -0.8450 0.1580 0.5109
vn -0.8455 0.1604 0.5094
vn -0.0056 0.3018 0.9534
vn -0.0041 0.2920 0.9564
vn 0.0000 0.2659 0.9640
vn 0.0016 0.2558 0.9667
vn 0.8804 0.1361 0.4542
vn 0.8822 0.1204 0.4551
vn 0.8818 0.1248 0.4549
vn 0.8799 0.1404 0.4539
vn 0.8578 -0.1601 -0.4885
vn 0.8589 -0.1513 -0.4892
vn 0.8586 -0.1538 -0.4890
vn 0.8574 -0.1625 -0.4883
vn -0.0232 -0.3157 -0.9486
vn 0.8085 0.1910 0.5566
vn -0.3085 0.3087 0.8997
vn -0.3085 -0.3087 -0.8997
vn 0.8085 -0.1910 -0.5566
vn 0.8087 0.2102 0.5494
vn -0.3087 0.3399 0.8883
vn -0.3087 -0.3399 -0.8883
vn 0.8087 -0.2102 -0.5493
vn -0.8733 0.0389 0.4856
vn -0.8539 -0.0416 -0.5188
vn 0.0037 -0.0799 -0.9968
vn 0.8662 -0.0399 -0.4980
vn 0.8417 0.0432 0.5382
vn -0.0032 0.0799 0.9968
vn -0.8592 0.0409 0.5100
vn -0.8440 -0.0429 -0.5347
vn 0.8713 -0.0392 -0.4892
vn 0.8648 0.0401 0.5006
vn -0.0048 0.0552 0.9985
vn -0.0015 0.0726 0.9974
vn -0.0062 0.0482 0.9988
vn -0.8780 0.0347 0.4773
vn -0.8792 0.0264 0.4758
vn -0.8796 0.0229 0.4751
vn -0.8775 0.0383 0.4780
vn -0.8461 -0.0426 -0.5313
vn 0.0054 -0.0799 -0.9968
vn 0.8655 -0.0400 -0.4994
vn 0.8450 0.0427 0.5331
vn 0.8455 0.0454 0.5321
vn 0.0056 0.0864 0.9962
vn 0.0041 0.0762 0.9971
vn -0.0016 0.0386 0.9993
vn -0.8804 0.0336 0.4730
vn -0.8818 0.0225 0.4712
vn -0.8822 0.0182 0.4705
vn -0.8799 0.0380 0.4736
vn -0.8578 -0.0496 -0.5117
vn -0.8586 -0.0433 -0.5108
vn -0.8589 -0.0409 -0.5104
vn -0.8574 -0.0520 -0.5120
vn 0.0232 -0.1011 -0.9946
vn -0.8085 0.0649 0.5849
vn 0.3085 0.1049 0.9454
vn 1.0000 0.0000 -0.0000
vn 0.3085 -0.1049 -0.9454
vn -0.8085 -0.0649 -0.5849
vn -0.8087 0.0852 0.5820
vn 0.3087 0.1378 0.9411
vn 0.3087 -0.1379 -0.9411
vn -0.8087 -0.0852 -0.5820
vn -0.0175 -0.7785 0.6274
vn -0.0084 0.3562 0.9344
vn 0.0123 0.9987 -0.0500
vn 0.0160 0.2611 -0.9652
vn -0.0024 -0.8374 -0.5466
vn -0.8733 0.1439 0.4654
vn -0.8539 -0.1538 -0.4972
vn 0.0037 -0.2955 -0.9553
vn 0.8662 -0.1477 -0.4773
vn 0.8417 0.1596 0.5158
vn -0.0032 0.2955 0.9553
vn -0.8592 0.1512 0.4887
vn -0.8440 -0.1585 -0.5124
vn 0.8713 -0.1450 -0.4688
vn 0.8648 0.1484 0.4797
vn -0.0048 0.2718 0.9623
vn -0.0015 0.2885 0.9575
vn -0.0062 0.2650 0.9642
vn -0.8780 0.1380 0.4583
vn -0.8792 0.1296 0.4585
vn -0.8796 0.1261 0.4586
vn -0.8775 0.1417 0.4581
vn -0.8461 -0.1575 -0.5092
vn 0.0054 -0.2955 -0.9553
vn 0.8655 -0.1481 -0.4786
vn 0.8450 0.1580 0.5109
vn 0.8455 0.1604 0.5094
vn 0.0056 0.3018 0.9534
vn 0.0041 0.2920 0.9564
vn -0.0016 0.2558 0.9667
vn -0.8804 0.1361 0.4542
vn -0.8818 0.1248 0.4549
vn -0.8822 0.1204 0.4551
vn -0.8799 0.1404 0.4539
vn -0.8578 -0.1601 -0.4885
vn -0.8586 -0.1538 -0.4890
vn -0.8589 -0.1513 -0.4892
vn -0.8574 -0.1625 -0.4883
vn 0.0232 -0.3157 -0.9486
vn -0.8085 0.1910 0.5566
vn 0.3085 0.3087 0.8997
vn 0.3085 -0.3087 -0.8997
vn -0.8085 -0.1910 -0.5566
vn -0.8087 0.2102 0.5494
vn 0.3087 0.3399 0.8883
vn 0.3087 -0.3399 -0.8883
vn -0.8087 -0.2102 -0.5493
vn 0.9591 0.2735 0.0732
vn 0.9238 0.3748 0.0779
vn 0.9224 0.3783 0.0780
vn 0.9598 0.2709 0.0731
vn 0.4338 0.8921 0.1265
vn 0.3904 0.9121 0.1248
vn 0.3892 0.9127 0.1247
vn -0.5950 0.8020 0.0534
vn -0.3831 0.9195 0.0885
vn -0.3761 0.9223 0.0895
vn -0.5989 0.7991 0.0527
vn -0.9645 0.2620 -0.0318
vn -0.9261 0.3770 -0.0120
vn -0.9244 0.3813 -0.0112
vn -0.9653 0.2590 -0.0323
vn -0.9578 -0.2762 -0.0793
vn -0.9229 -0.3742 -0.0911
vn -0.9215 -0.3774 -0.0915
vn -0.9589 -0.2725 -0.0788
vn -0.4561 -0.8841 -0.1015
vn -0.3903 -0.9148 -0.1036
vn -0.3887 -0.9155 -0.1037
vn -0.4600 -0.8821 -0.1014
vn 0.5880 -0.8072 -0.0528
vn 0.3843 -0.9211 -0.0628
vn 0.3787 -0.9234 -0.0630
vn 0.5984 -0.7995 -0.0521
vn 0.9664 -0.2570 0.0102
vn 0.9261 -0.3774 0.0027
vn 0.9243 -0.3816 0.0024
vn 0.9675 -0.2525 0.0105
vn 0.4792 0.3801 0.7911
vn 0.1482 0.9180 0.3678
vn 0.1575 0.9192 0.3610
vn 0.1712 0.9035 0.3930
vn -0.2519 0.9237 -0.2886
vn -0.5062 0.3813 -0.7735
vn -0.4551 -0.3787 -0.8059
vn -0.1347 -0.9161 -0.3776
vn 0.1816 -0.9215 0.3432
vn 0.2741 -0.9229 0.2704
vn 0.2461 -0.9116 0.3292
vn 0.6520 -0.3806 0.6557
vn 0.5297 -0.3821 0.7572
vn 0.6533 -0.3738 0.6584
vn 0.7534 0.3222 0.5732
vn 0.7470 0.3582 0.5600
vn 0.7443 0.3717 0.5548
vn 0.7549 0.3127 0.5766
vn 0.2876 0.8139 0.5048
vn 0.3237 0.7815 0.5334
vn -0.6767 0.7194 0.1566
vn -0.3317 0.8008 0.4988
vn -0.8751 0.2851 0.3909
vn -0.9047 0.2478 0.3466
vn -0.9546 0.1653 0.2480
vn -0.8221 0.3405 0.4562
vn -0.9296 -0.3497 0.1166
vn -0.8361 -0.4312 0.3392
vn -0.8932 -0.0869 0.4411
vn -0.9086 -0.3977 0.1276
vn -0.7708 -0.5505 0.3206
vn -0.3825 -0.9234 0.0320
vn -0.3728 -0.8999 0.2263
vn -0.3824 -0.9232 0.0389
vn 0.3220 -0.8602 0.3955
vn 0.3518 -0.8492 0.3938
vn 0.7732 -0.3284 0.5425
vn 0.7768 -0.3217 0.5414
vn 0.9228 0.3822 0.0477
vn 0.3802 0.9178 0.1146
vn -0.3802 0.9178 0.1146
vn -0.9228 0.3822 0.0477
vn -0.9228 -0.3822 -0.0477
vn -0.3802 -0.9178 -0.1146
vn 0.3802 -0.9178 -0.1146
vn 0.9227 -0.3822 -0.0502
vn 0.9228 -0.3822 -0.0477
vn -0.0023 0.0157 -0.9999
vn 0.0127 0.0306 -0.9995
vn 0.0073 0.0252 -0.9997
vn -0.0077 0.0067 -0.9999
vn -0.0067 0.0091 -0.9999
vn -0.0089 -0.0000 -1.0000
vn -0.0077 -0.0067 -0.9999
vn -0.0067 -0.0090 -0.9999
vn -0.0022 -0.0156 -0.9999
vn 0.0072 -0.0249 -0.9997
vn 0.0125 -0.0302 -0.9995
vn 0.9004 -0.3730 -0.2238
vn 0.8212 0.3402 0.4581
vn 0.3317 0.8008 0.4987
vn -0.3558 0.8590 0.3682
vn -0.9234 0.3825 0.0328
vn -0.9208 0.3814 0.0821
vn -0.9229 0.3826 0.0437
vn -0.9209 -0.3815 -0.0800
vn -0.9090 -0.3765 -0.1789
vn -0.9197 -0.3813 -0.0933
vn -0.3720 -0.8980 -0.2350
vn -0.3800 -0.9174 -0.1183
vn -0.3799 -0.9182 -0.1119
vn 0.3819 -0.9221 -0.0623
vn 0.3825 -0.9234 -0.0336
vn 0.3822 -0.9237 -0.0265
vn 0.9155 -0.3792 0.1342
vn 0.8960 -0.3711 0.2437
vn 0.9187 -0.3810 0.1038
vn 0.9223 0.3865 -0.0026
vn 0.9236 0.3833 -0.0018
vn 0.3789 0.9254 -0.0073
vn 0.3821 0.9241 -0.0066
vn -0.3789 0.9254 -0.0066
vn -0.3821 0.9241 -0.0073
vn -0.9223 0.3865 -0.0018
vn -0.9222 -0.3867 0.0007
vn -0.3787 -0.9255 0.0003
vn 0.3787 -0.9255 0.0012
vn 0.9222 -0.3866 0.0015
vn -0.9591 0.2735 0.0732
vn -0.9224 0.3783 0.0780
vn -0.9238 0.3748 0.0779
vn -0.9598 0.2709 0.0731
vn -0.3904 0.9121 0.1248
vn -0.4338 0.8921 0.1265
vn -0.3892 0.9127 0.1247
vn 0.3831 0.9195 0.0885
vn 0.5950 0.8020 0.0534
vn 0.3761 0.9223 0.0895
vn 0.5989 0.7991 0.0527
vn 0.9645 0.2620 -0.0318
vn 0.9244 0.3813 -0.0112
vn 0.9261 0.3770 -0.0120
vn 0.9653 0.2590 -0.0323
vn 0.9578 -0.2762 -0.0793
vn 0.9215 -0.3774 -0.0915
vn 0.9229 -0.3742 -0.0911
vn 0.9589 -0.2725 -0.0788
vn 0.3887 -0.9155 -0.1037
vn 0.3903 -0.9148 -0.1036
vn 0.4561 -0.8841 -0.1015
vn 0.4600 -0.8821 -0.1014
vn -0.3787 -0.9234 -0.0630
vn -0.3843 -0.9211 -0.0628
vn -0.5880 -0.8072 -0.0528
vn -0.5984 -0.7995 -0.0521
vn -0.9664 -0.2570 0.0102
vn -0.9243 -0.3816 0.0024
vn -0.9261 -0.3774 0.0027
vn -0.9675 -0.2525 0.0105
vn -0.4769 0.3799 0.7926
vn -0.1566 0.9190 0.3617
vn -0.1476 0.9179 0.3682
vn -0.1708 0.9034 0.3933
vn 0.2510 0.9238 -0.2893
vn 0.5039 0.3812 -0.7751
vn 0.4527 -0.3785 -0.8073
vn 0.1337 -0.9160 -0.3783
vn -0.2733 -0.9229 0.2711
vn -0.1813 -0.9215 0.3434
vn -0.2456 -0.9116 0.3296
vn -0.6510 -0.3807 0.6567
vn -0.5275 -0.3820 0.7588
vn -0.6523 -0.3738 0.6593
vn -0.7534 0.3222 0.5733
vn -0.7443 0.3717 0.5548
vn -0.7470 0.3582 0.5601
vn -0.7549 0.3127 0.5766
vn -0.2876 0.8139 0.5048
vn -0.3237 0.7815 0.5334
vn 0.6767 0.7194 0.1566
vn 0.8751 0.2851 0.3909
vn 0.9546 0.1653 0.2480
vn 0.9047 0.2478 0.3466
vn 0.8221 0.3405 0.4563
vn 0.9296 -0.3497 0.1166
vn 0.8932 -0.0868 0.4411
vn 0.8361 -0.4312 0.3392
vn 0.9086 -0.3977 0.1276
vn 0.7708 -0.5505 0.3206
vn 0.3824 -0.9232 0.0389
vn 0.3728 -0.8999 0.2263
vn 0.3825 -0.9234 0.0320
vn -0.3220 -0.8602 0.3955
vn -0.3518 -0.8492 0.3938
vn -0.7732 -0.3284 0.5425
vn -0.7768 -0.3217 0.5414
vn -0.9217 0.3818 -0.0693
vn -0.9223 -0.3820 -0.0582
vn -0.9130 -0.3782 -0.1530
vn -0.9039 0.3744 -0.2071
vn 0.0085 0.0593 -0.9982
vn -0.0471 0.1137 -0.9924
vn -0.0269 0.0940 -0.9952
vn 0.0293 0.0254 -0.9992
vn 0.0256 0.0344 -0.9991
vn 0.0340 -0.0000 -0.9994
vn 0.0292 -0.0254 -0.9993
vn 0.0255 -0.0342 -0.9991
vn 0.0084 -0.0589 -0.9982
vn -0.0264 -0.0927 -0.9953
vn -0.0464 -0.1121 -0.9926
vn -0.8942 -0.3704 -0.2514
vn -0.8212 0.3402 0.4581
vn 0.3558 0.8590 0.3682
vn 0.9234 0.3825 0.0328
vn 0.9208 0.3814 0.0821
vn 0.9229 0.3826 0.0437
vn 0.9209 -0.3815 -0.0800
vn 0.9090 -0.3765 -0.1789
vn 0.9197 -0.3813 -0.0933
vn 0.3720 -0.8980 -0.2350
vn 0.3800 -0.9174 -0.1183
vn 0.3799 -0.9182 -0.1119
vn -0.3819 -0.9221 -0.0623
vn -0.3825 -0.9234 -0.0336
vn -0.3822 -0.9237 -0.0265
vn -0.9155 -0.3792 0.1342
vn -0.8960 -0.3711 0.2437
vn -0.9188 -0.3810 0.1036
vn -0.9239 0.3827 -0.0016
vn 0.7718 0.6358 -0.0000
vn 0.0000 1.0000 -0.0000
vn -0.7718 0.6358 -0.0000
vn -0.7718 -0.6358 -0.0000
vn 0.0000 -1.0000 -0.0000
vn 0.7718 -0.6358 -0.0000
vn 0.0000 0.0000 1.0000
vn 0.0000 0.0000 -1.0000
vn 0.8830 0.4458 -0.1470
vn 0.8655 0.4103 -0.2872
vn 0.8639 0.4122 -0.2893
vn 0.8816 0.4494 -0.1441
vn 0.0000 0.8248 -0.5654
vn -0.8833 0.4439 -0.1512
vn -0.8655 0.4128 -0.2838
vn -0.8636 0.4159 -0.2851
vn -0.8823 0.4456 -0.1516
vn -0.8650 -0.4797 0.1472
vn -0.8636 -0.4127 0.2895
vn -0.8684 -0.4679 0.1638
vn -0.0000 -0.8196 0.5729
vn 0.8659 -0.4705 0.1699
vn 0.8636 -0.4132 0.2889
vn 0.8686 -0.4708 0.1547
vn 0.8679 0.4967 -0.0098
vn 0.8659 0.4999 -0.0160
vn -0.0000 0.9995 -0.0315
vn 0.0000 0.9983 -0.0577
vn -0.8683 0.4959 -0.0111
vn -0.8660 0.5000 -0.0065
vn -0.8627 -0.5055 0.0137
vn -0.8659 -0.4999 0.0176
vn 0.0000 -0.9978 0.0664
vn 0.0000 -0.9994 0.0358
vn 0.8631 -0.5049 0.0122
vn 0.8660 -0.5000 0.0065
vn 0.8660 0.5000 -0.0026
vn -0.0000 1.0000 -0.0052
vn -0.8660 0.5000 -0.0026
vn -0.8660 -0.5000 0.0026
vn 0.0000 -1.0000 0.0052
vn 0.8660 -0.5000 0.0026
vn 0.0008 -0.9940 -0.1098
vn -0.0322 -0.9813 -0.1898
vn 0.0054 -0.9941 -0.1088
vn 0.0129 -0.9925 -0.1216
vn 0.0033 -0.9935 -0.1135
vn -0.0939 -0.9955 -0.0132
vn -0.0034 -0.9917 -0.1284
vn -0.0018 -0.9935 -0.1137
vn -0.0098 -0.9937 -0.1119
vn -0.0170 -0.9935 -0.1122
vn -0.0043 -0.9941 -0.1088
vn -0.0045 -0.9948 -0.1019
vn -0.0103 -0.9956 -0.0929
vn -0.0012 -0.9946 -0.1037
vn 0.0885 -0.9826 -0.1630
vn 0.0232 -0.9949 -0.0981
vn 0.0154 -0.9920 -0.1256
vn -0.0143 -0.9673 -0.2532
vn -0.1095 -0.9879 -0.1097
vn -0.0059 -0.9920 -0.1265
vn -0.1247 -0.9766 -0.1751
vn -0.0180 -0.9934 -0.1136
vn -0.0155 -0.9939 -0.1092
vn -0.0131 -0.9959 -0.0895
vn -0.0066 -0.9956 -0.0934
vn 0.0294 -0.9947 -0.0984
vn 0.1379 -0.9752 -0.1734
vn 0.1564 -0.9775 -0.1417
vn -0.4732 -0.8790 0.0581
vn -0.2616 -0.9541 0.1458
vn -0.2840 -0.9479 0.1446
vn 0.0662 -0.9750 0.2123
vn -0.0822 -0.9691 0.2326
vn 0.1997 -0.9436 0.2641
vn 0.5006 -0.8481 0.1733
vn 0.5320 -0.8284 0.1752
vn 0.5749 -0.8134 0.0887
vn 0.5688 -0.8172 0.0926
vn 0.5620 -0.8232 0.0802
vn 0.5539 -0.8283 0.0843
vn 0.2150 -0.8778 -0.4281
vn 0.2326 -0.8939 -0.3831
vn 0.2059 -0.8689 -0.4501
vn 0.2409 -0.9009 -0.3610
vn -0.2078 -0.8936 -0.3978
vn -0.2194 -0.8965 -0.3849
vn -0.2232 -0.8974 -0.3807
vn -0.2022 -0.8922 -0.4039
vn 0.3931 -0.6040 -0.6933
vn 0.4172 -0.6347 -0.6504
vn 0.3954 -0.5511 -0.7348
vn 0.4184 -0.5506 -0.7223
vn 0.4944 -0.6945 -0.5228
vn 0.4987 -0.7234 -0.4775
vn 0.5549 -0.7827 -0.2819
vn 0.5575 -0.7135 -0.4244
vn 0.5532 -0.8102 -0.1939
vn 0.1888 -0.9588 0.2120
vn 0.2196 -0.9616 0.1646
vn 0.2194 -0.9598 0.1752
vn 0.1660 -0.9554 0.2441
vn 0.0635 -0.9372 0.3429
vn 0.3453 -0.9180 -0.1953
vn 0.4428 -0.8945 -0.0618
vn 0.3086 -0.9192 -0.2447
vn -0.2130 -0.6786 -0.7030
vn -0.2014 -0.7110 -0.6737
vn -0.1797 -0.7002 -0.6909
vn -0.2154 -0.6688 -0.7116
vn -0.3254 -0.6016 -0.7295
vn -0.3225 -0.5881 -0.7417
vn -0.3772 -0.6344 -0.6747
vn -0.3920 -0.6318 -0.6687
vn -0.4243 -0.6459 -0.6346
vn -0.3513 -0.9307 -0.1020
vn -0.3529 -0.9308 -0.0956
vn -0.3525 -0.9308 -0.0970
vn -0.3506 -0.9307 -0.1045
vn -0.1979 -0.9223 0.3320
vn -0.1959 -0.9229 0.3315
vn -0.1999 -0.9217 0.3325
vn -0.2027 -0.9208 0.3332
vn -0.7833 -0.5958 0.1773
vn -0.7963 -0.5879 0.1421
vn -0.7818 -0.5991 0.1730
vn -0.8108 -0.5775 0.0956
vn -0.7731 -0.6333 0.0353
vn -0.7631 -0.6460 0.0206
vn -0.7601 -0.6482 0.0458
vn -0.2022 -0.9255 -0.3201
vn -0.3620 -0.9087 -0.2077
vn 0.0433 -0.8953 -0.4434
vn 0.0821 -0.8852 -0.4580
vn 0.2180 -0.8540 -0.4723
vn 0.3186 -0.9367 0.1455
vn 0.0300 -0.9219 0.3864
vn 0.0351 -0.9427 0.3317
vn 0.0057 -0.9526 0.3043
vn 0.0059 -0.9061 0.4231
vn -0.0699 -0.8996 0.4311
vn -0.1213 -0.9281 0.3520
vn -0.2708 -0.9626 -0.0066
vn -0.2920 -0.9247 -0.2444
vn -0.2586 -0.9107 -0.3221
vn -0.2579 -0.9015 -0.3475
vn -0.0008 0.9940 0.1098
vn 0.0000 0.1098 -0.9940
vn -0.1951 0.1075 -0.9749
vn -0.0000 -0.1098 0.9940
vn 0.1951 -0.1075 0.9749
vn -0.3826 0.1010 -0.9184
vn 0.3827 -0.1010 0.9183
vn -0.5556 0.0907 -0.8265
vn 0.5556 -0.0907 0.8265
vn -0.7071 0.0769 -0.7029
vn 0.7071 -0.0769 0.7029
vn -0.8315 0.0601 -0.5523
vn 0.8315 -0.0601 0.5523
vn -0.9239 0.0411 -0.3805
vn 0.9239 -0.0411 0.3805
vn -0.9808 0.0204 -0.1940
vn 0.9808 -0.0204 0.1940
vn -1.0000 -0.0010 -0.0001
vn 1.0000 0.0010 0.0001
vn -0.9808 -0.0224 0.1938
vn 0.9808 0.0224 -0.1938
vn -0.9239 -0.0430 0.3803
vn 0.9239 0.0430 -0.3803
vn -0.8315 -0.0618 0.5521
vn 0.8315 0.0618 -0.5521
vn -0.7071 -0.0783 0.7027
vn 0.7071 0.0783 -0.7027
vn -0.5556 -0.0918 0.8264
vn 0.5556 0.0918 -0.8264
vn -0.3827 -0.1018 0.9183
vn 0.3827 0.1018 -0.9182
vn -0.1951 -0.1079 0.9748
vn 0.1951 0.1079 -0.9748
vn -0.7134 -0.4443 0.5420
vn 0.2924 -0.0005 0.9563
vn 0.9139 0.4035 0.0446
vn 0.2919 0.2094 -0.9332
vn -0.7138 -0.3146 -0.6257
vn -0.4356 0.8947 0.0988
vn 0.4357 -0.8946 -0.0988
vn -0.9903 -0.0429 0.1324
vn -0.9790 -0.0547 0.1962
vn -0.9783 -0.0553 0.1997
vn -0.9911 -0.0419 0.1266
vn -0.4081 -0.1164 0.9055
vn -0.4146 -0.1155 0.9027
vn -0.3105 -0.1290 0.9418
vn -0.2978 -0.1305 0.9457
vn 0.8002 -0.0683 0.5958
vn 0.6530 0.2296 -0.7217
vn 0.7449 0.0985 -0.6599
vn 0.6846 0.1658 -0.7098
vn -0.0902 0.1117 -0.9896
vn -0.2174 0.0949 -0.9715
vn -0.0971 0.1108 -0.9891
vn -0.2231 0.0941 -0.9702
vn -0.6413 -0.6513 0.4056
vn -0.6349 -0.6670 0.3899
vn -0.6367 -0.6721 0.3779
vn -0.6386 -0.6478 0.4154
vn -0.5430 0.2207 0.8102
vn -0.5064 0.2334 0.8301
vn -0.6931 0.2081 0.6902
vn -0.6843 0.2011 0.7009
vn 0.0208 0.9997 0.0155
vn 0.0454 0.9984 0.0338
vn 0.0409 0.9987 0.0305
vn 0.7177 0.2306 -0.6571
vn 0.7429 0.2082 -0.6362
vn 0.1910 -0.6891 -0.6991
vn 0.2023 -0.6563 -0.7268
vn 0.1969 -0.6722 -0.7137
vn 0.2057 -0.6461 -0.7350
vn -0.6494 -0.6450 0.4028
vn -0.7894 0.1898 0.5838
vn 0.0659 0.9966 0.0491
vn 0.8049 0.2055 -0.5567
vn 0.5846 -0.6528 -0.4818
vn 0.9903 -0.0429 0.1324
vn 0.9783 -0.0553 0.1997
vn 0.9790 -0.0547 0.1962
vn 0.9911 -0.0419 0.1267
vn 0.4081 -0.1164 0.9055
vn 0.3105 -0.1290 0.9418
vn 0.4146 -0.1155 0.9027
vn 0.2978 -0.1305 0.9457
vn -0.8002 -0.0683 0.5958
vn -0.6530 0.2296 -0.7217
vn -0.7457 0.0985 -0.6590
vn -0.6846 0.1658 -0.7098
vn 0.0902 0.1117 -0.9896
vn 0.0971 0.1108 -0.9891
vn 0.2174 0.0949 -0.9715
vn 0.2231 0.0941 -0.9702
vn 0.6367 -0.6721 0.3779
vn 0.6349 -0.6670 0.3899
vn 0.6413 -0.6513 0.4056
vn 0.6386 -0.6478 0.4154
vn 0.5430 0.2207 0.8102
vn 0.6931 0.2081 0.6902
vn 0.5064 0.2334 0.8301
vn 0.6843 0.2011 0.7009
vn -0.0208 0.9997 0.0155
vn -0.0454 0.9984 0.0338
vn -0.0409 0.9987 0.0305
vn -0.7177 0.2306 -0.6571
vn -0.7429 0.2082 -0.6362
vn -0.1910 -0.6891 -0.6991
vn -0.1969 -0.6722 -0.7137
vn -0.2023 -0.6563 -0.7268
vn -0.2057 -0.6461 -0.7350
vn 0.6494 -0.6450 0.4028
vn 0.7894 0.1898 0.5838
vn -0.0659 0.9966 0.0491
vn -0.8049 0.2056 -0.5567
vn -0.5846 -0.6528 -0.4818
vn 0.0175 -0.7785 0.6274
vn 0.0084 0.3562 0.9344
vn -0.0123 0.9987 -0.0500
vn -0.0160 0.2611 -0.9652
vn 0.0024 -0.8374 -0.5466
vn 0.2831 -0.0807 -0.9557
vn 0.2577 -0.1361 -0.9566
vn 0.2936 -0.0570 -0.9542
vn 0.2467 -0.1595 -0.9559
vn 0.1328 -0.7027 -0.6990
vn 0.2097 -0.2707 -0.9396
vn 0.2212 -0.2271 -0.9484
vn 0.2417 -0.1491 -0.9588
vn 0.2035 -0.3479 -0.9152
vn 0.1666 -0.5007 -0.8494
vn 0.1676 -0.3718 -0.9131
vn 0.1474 -0.5436 -0.8263
vn 0.1563 -0.3760 -0.9133
vn 0.0933 -0.6967 -0.7113
vn 0.1002 -0.4092 -0.9069
vn 0.0357 -0.8610 -0.5073
vn 0.0445 -0.8027 -0.5947
vn 0.0446 -0.8194 -0.5715
vn 0.0347 -0.8787 -0.4762
vn 0.0143 -0.9440 -0.3296
vn 0.0162 -0.9723 -0.2330
vn 0.0063 -0.9862 -0.1652
vn 0.0114 -0.9970 -0.0769
vn 0.0107 -0.9981 -0.0604
vn 0.0227 -0.9938 0.1092
vn 0.0243 -0.9941 0.1057
vn 0.0328 -0.9573 0.2872
vn 0.0384 -0.9758 0.2153
vn 0.0711 -0.8542 0.5150
vn 0.0679 -0.8327 0.5496
vn 0.0808 -0.7915 0.6058
vn 0.0843 -0.8072 0.5842
vn 0.1106 -0.6611 0.7421
vn 0.1132 -0.6603 0.7425
vn 0.1425 -0.4565 0.8782
vn 0.1442 -0.4573 0.8775
vn 0.1665 -0.2564 0.9521
vn 0.1719 -0.3131 0.9340
vn 0.1886 -0.1688 0.9674
vn 0.1945 -0.2217 0.9555
vn 0.1948 -0.2099 0.9581
vn 0.1975 -0.1769 0.9642
vn 0.1918 -0.2169 0.9572
vn 0.1926 -0.1846 0.9638
vn 0.1981 -0.1423 0.9698
vn 0.1734 -0.7194 0.6726
vn 0.2259 -0.5078 -0.8313
vn 0.2356 -0.1168 -0.9648
vn 0.2358 -0.0535 -0.9703
vn 0.2314 -0.1467 -0.9617
vn 0.2297 -0.0880 -0.9693
vn 0.2106 -0.1929 -0.9584
vn 0.2030 -0.1667 -0.9649
vn 0.1717 -0.3349 -0.9265
vn 0.1679 -0.2907 -0.9420
vn 0.1356 -0.4488 -0.8833
vn 0.1332 -0.3979 -0.9077
vn 0.0973 -0.5548 -0.8263
vn 0.0909 -0.6161 -0.7824
vn 0.0492 -0.7714 -0.6344
vn 0.0388 -0.8727 -0.4868
vn 0.0240 -0.9287 -0.3700
vn 0.0117 -0.9998 0.0182
vn 0.0146 -0.9876 -0.1566
vn 0.0122 -0.9870 -0.1604
vn 0.0271 -0.9964 0.0807
vn 0.0399 -0.9623 0.2689
vn 0.0588 -0.9419 0.3306
vn 0.0840 -0.7965 0.5987
vn 0.0706 -0.8365 0.5434
vn 0.0901 -0.6537 0.7514
vn 0.0842 -0.6841 0.7245
vn 0.1060 -0.5217 0.8465
vn 0.1291 -0.4485 0.8844
vn 0.1422 -0.3552 0.9239
vn 0.1636 -0.2889 0.9433
vn 0.1636 -0.2930 0.9420
vn 0.2007 -0.2074 0.9574
vn 0.1862 -0.2735 0.9437
vn 0.2393 -0.1667 0.9565
vn 0.9947 -0.1027 -0.0103
vn 0.9735 -0.0302 -0.2266
vn 0.9729 -0.0348 -0.2284
vn 0.9747 -0.0192 -0.2225
vn 0.9752 -0.0357 -0.2184
vn 0.9754 -0.0631 -0.2112
vn 0.9771 -0.0861 -0.1943
vn 0.9799 -0.1234 -0.1566
vn 0.9811 -0.1667 -0.0980
vn 0.9800 -0.1963 -0.0320
vn 0.9798 -0.1994 0.0180
vn 0.9797 -0.1887 0.0677
vn 0.9792 -0.1704 0.1097
vn 0.9794 -0.1371 0.1484
vn 0.9777 -0.0947 0.1875
vn 0.9763 -0.0624 0.2073
vn 0.9758 -0.0425 0.2146
vn 0.9758 -0.0376 0.2155
vn 0.9962 -0.0866 0.0001
vn 0.9640 -0.0318 -0.2642
vn 0.9617 -0.0163 -0.2735
vn 0.9699 -0.0695 -0.2335
vn 0.9723 -0.0872 -0.2168
vn 0.9734 -0.0920 -0.2097
vn 0.9818 -0.1294 -0.1390
vn 0.9843 -0.1553 -0.0837
vn 0.9851 -0.1674 -0.0407
vn 0.9848 -0.1732 -0.0131
vn 0.9853 -0.1699 0.0196
vn 0.9843 -0.1607 0.0730
vn 0.9825 -0.1481 0.1126
vn 0.9808 -0.1312 0.1446
vn 0.9772 -0.1019 0.1860
vn 0.9718 -0.0649 0.2267
vn 0.9684 -0.0415 0.2459
vn 0.9681 -0.0551 0.2445
vn 0.9686 -0.0527 0.2430
vn 0.9689 -0.0359 0.2448
vn -0.2831 -0.0807 -0.9557
vn -0.2936 -0.0570 -0.9542
vn -0.2577 -0.1361 -0.9566
vn -0.2467 -0.1595 -0.9559
vn -0.1328 -0.7027 -0.6990
vn -0.2097 -0.2707 -0.9396
vn -0.2417 -0.1491 -0.9588
vn -0.2212 -0.2271 -0.9484
vn -0.2035 -0.3479 -0.9152
vn -0.1666 -0.5007 -0.8494
vn -0.1676 -0.3718 -0.9131
vn -0.1474 -0.5436 -0.8263
vn -0.1563 -0.3760 -0.9133
vn -0.0933 -0.6967 -0.7113
vn -0.1002 -0.4092 -0.9069
vn -0.0446 -0.8194 -0.5715
vn -0.0445 -0.8027 -0.5947
vn -0.0357 -0.8610 -0.5073
vn -0.0347 -0.8787 -0.4762
vn -0.0143 -0.9440 -0.3296
vn -0.0162 -0.9723 -0.2330
vn -0.0063 -0.9862 -0.1652
vn -0.0114 -0.9970 -0.0769
vn -0.0107 -0.9981 -0.0604
vn -0.0227 -0.9938 0.1092
vn -0.0243 -0.9941 0.1057
vn -0.0328 -0.9573 0.2872
vn -0.0384 -0.9758 0.2153
vn -0.0679 -0.8327 0.5496
vn -0.0711 -0.8542 0.5150
vn -0.0808 -0.7915 0.6058
vn -0.0843 -0.8072 0.5842
vn -0.1106 -0.6611 0.7421
vn -0.1132 -0.6603 0.7425
vn -0.1425 -0.4565 0.8782
vn -0.1442 -0.4573 0.8775
vn -0.1665 -0.2564 0.9521
vn -0.1719 -0.3131 0.9340
vn -0.1886 -0.1688 0.9674
vn -0.1945 -0.2217 0.9555
vn -0.1948 -0.2099 0.9581
vn -0.1975 -0.1769 0.9642
vn -0.1918 -0.2169 0.9572
vn -0.1926 -0.1846 0.9638
vn -0.1981 -0.1423 0.9698
vn -0.1734 -0.7194 0.6726
vn -0.2259 -0.5078 -0.8313
vn -0.2356 -0.1168 -0.9648
vn -0.2314 -0.1467 -0.9617
vn -0.2358 -0.0535 -0.9703
vn -0.2297 -0.0880 -0.9693
vn -0.2106 -0.1929 -0.9584
vn -0.2030 -0.1667 -0.9649
vn -0.1717 -0.3349 -0.9265
vn -0.1679 -0.2907 -0.9420
vn -0.1356 -0.4488 -0.8833
vn -0.1332 -0.3979 -0.9077
vn -0.0973 -0.5548 -0.8263
vn -0.0909 -0.6161 -0.7824
vn -0.0492 -0.7714 -0.6344
vn -0.0388 -0.8727 -0.4868
vn -0.0240 -0.9287 -0.3700
vn -0.0122 -0.9870 -0.1604
vn -0.0146 -0.9876 -0.1566
vn -0.0117 -0.9998 0.0182
vn -0.0271 -0.9964 0.0807
vn -0.0399 -0.9623 0.2689
vn -0.0588 -0.9419 0.3306
vn -0.0840 -0.7965 0.5987
vn -0.0706 -0.8365 0.5434
vn -0.0901 -0.6537 0.7514
vn -0.0842 -0.6841 0.7245
vn -0.1060 -0.5217 0.8465
vn -0.1291 -0.4485 0.8844
vn -0.1422 -0.3552 0.9239
vn -0.1636 -0.2889 0.9433
vn -0.1636 -0.2930 0.9420
vn -0.2007 -0.2074 0.9574
vn -0.1862 -0.2735 0.9437
vn -0.2393 -0.1667 0.9565
vn -0.9947 -0.1027 -0.0103
vn -0.9729 -0.0348 -0.2284
vn -0.9735 -0.0302 -0.2266
vn -0.9747 -0.0192 -0.2225
vn -0.9752 -0.0357 -0.2184
vn -0.9754 -0.0631 -0.2112
vn -0.9771 -0.0861 -0.1943
vn -0.9799 -0.1234 -0.1566
vn -0.9811 -0.1667 -0.0980
vn -0.9800 -0.1963 -0.0320
vn -0.9798 -0.1994 0.0180
vn -0.9797 -0.1887 0.0677
vn -0.9792 -0.1704 0.1097
vn -0.9794 -0.1371 0.1484
vn -0.9777 -0.0947 0.1875
vn -0.9763 -0.0624 0.2073
vn -0.9758 -0.0425 0.2146
vn -0.9758 -0.0376 0.2155
vn -0.9962 -0.0866 0.0001
vn -0.9617 -0.0163 -0.2735
vn -0.9640 -0.0318 -0.2642
vn -0.9699 -0.0695 -0.2335
vn -0.9723 -0.0872 -0.2168
vn -0.9734 -0.0920 -0.2097
vn -0.9818 -0.1294 -0.1390
vn -0.9843 -0.1553 -0.0837
vn -0.9851 -0.1674 -0.0407
vn -0.9848 -0.1732 -0.0131
vn -0.9853 -0.1699 0.0196
vn -0.9843 -0.1607 0.0730
vn -0.9825 -0.1481 0.1126
vn -0.9808 -0.1312 0.1446
vn -0.9772 -0.1019 0.1860
vn -0.9718 -0.0649 0.2267
vn -0.9684 -0.0415 0.2459
vn -0.9681 -0.0551 0.2445
vn -0.9686 -0.0527 0.2430
vn -0.9689 -0.0359 0.2448
vn 0.0006 -0.9996 0.0293
vn -0.0225 -0.9976 0.0651
vn -0.0080 -0.9997 0.0226
vn 0.0010 -1.0000 -0.0047
vn 0.0031 -1.0000 -0.0079
vn -0.0001 -1.0000 -0.0066
vn -0.0024 -1.0000 -0.0044
vn 0.0109 -0.9999 0.0133
vn -0.0006 -0.9996 0.0293
vn 0.0000 -0.9986 0.0525
vn -0.0000 -1.0000 -0.0001
vn 0.0000 -0.8852 -0.4652
vn -0.0000 -0.9489 0.3155
vn 0.0225 -0.9976 0.0651
vn 0.0080 -0.9997 0.0226
vn -0.0010 -1.0000 -0.0047
vn -0.0031 -1.0000 -0.0079
vn -0.0109 -0.9999 0.0133
vn 0.0024 -1.0000 -0.0044
vn -0.0086 -0.9238 0.3827
vn -0.0020 -0.3827 0.9239
vn -0.0020 0.3827 0.9239
vn -0.0086 0.9238 0.3827
vn -0.0180 0.9237 -0.3826
vn -0.0246 0.3826 -0.9236
vn -0.0246 -0.3826 -0.9236
vn -0.0180 -0.9237 -0.3826
vn -0.7365 -0.6249 0.2588
vn -0.7205 -0.2654 0.6406
vn -0.7205 0.2654 0.6406
vn -0.7365 0.6249 0.2588
vn -0.7572 0.6034 -0.2499
vn -0.7706 0.2439 -0.5888
vn -0.7706 -0.2439 -0.5888
vn -0.7573 -0.6034 -0.2499
vn 0.0061 -0.9239 0.3827
vn 0.0146 -0.3826 0.9238
vn 0.0146 0.3826 0.9238
vn 0.0061 0.9239 0.3827
vn -0.0061 0.9239 -0.3827
vn -0.0146 0.3826 -0.9238
vn -0.0146 -0.3826 -0.9238
vn -0.0061 -0.9239 -0.3827
vn 0.6611 -0.6932 0.2871
vn 0.6655 -0.2856 0.6896
vn 0.6655 0.2856 0.6896
vn 0.6611 0.6932 0.2871
vn 0.6547 0.6983 -0.2893
vn 0.6501 0.2908 -0.7020
vn 0.6501 -0.2908 -0.7020
vn 0.6547 -0.6983 -0.2893
vn 0.0240 -0.9236 0.3826
vn 0.0257 -0.3826 0.9236
vn 0.0257 0.3826 0.9236
vn 0.0240 0.9236 0.3826
vn 0.0214 0.9237 -0.3826
vn 0.0196 0.3826 -0.9237
vn 0.0196 -0.3826 -0.9237
vn 0.0214 -0.9237 -0.3826
vn -0.0000 0.1944 -0.9809
vn 0.0000 0.1717 -0.9852
vn -0.0000 0.2832 -0.9591
vn 0.0000 0.4414 -0.8973
vn 0.0000 0.5300 -0.8480
vn 0.0000 0.7962 -0.6051
vn 0.0000 -0.9986 -0.0527
vn 0.0000 -0.9995 -0.0326
vn -0.0000 -1.0000 -0.0037
vn -0.0000 -1.0000 0.0014
vn -0.0000 -0.1692 -0.9856
vn -0.3827 0.1010 -0.9183
vn 0.8315 -0.0602 0.5523
vn -0.9239 -0.0429 0.3803
vn 0.9239 0.0429 -0.3803
vn -0.7071 -0.0783 0.7028
vn 0.7071 0.0783 -0.7028
vn -0.3827 -0.1018 0.9182
vn -0.1952 -0.1079 0.9748
vn 0.1952 0.1079 -0.9748
# 985 vertex normals

vt 0.0000 0.0000 0.0000
# 1 texture coords

g under_001
usemtl Material_26
s off
f 230/6/400 231/6/400 232/6/400 
f 230/6/400 232/6/400 233/6/400 
f 234/6/401 230/6/401 233/6/401 
f 234/6/401 233/6/401 235/6/401 
f 234/6/402 235/6/402 236/6/402 
f 236/6/402 235/6/402 237/6/402 
f 236/6/403 237/6/403 238/6/403 
f 237/6/403 239/6/403 238/6/403 
f 238/6/404 239/6/404 240/6/404 
f 239/6/404 241/6/404 240/6/404 
f 240/6/405 241/6/405 242/6/405 
f 242/6/405 241/6/405 243/6/405 
f 244/6/406 242/6/406 243/6/406 
f 244/6/406 243/6/406 245/6/406 
f 246/6/407 244/6/407 245/6/407 
f 246/6/407 245/6/407 247/6/407 
f 246/6/408 247/6/408 248/6/408 
f 248/6/408 247/6/408 249/6/408 
f 248/6/409 249/6/409 250/6/409 
f 249/6/409 251/6/409 250/6/409 
f 250/6/410 251/6/410 252/6/410 
f 251/6/410 253/6/410 252/6/410 
f 252/6/411 253/6/412 254/6/413 
f 254/6/413 253/6/412 255/6/414 
f 256/6/415 254/6/416 255/6/417 
f 256/6/415 255/6/417 257/6/418 
f 258/6/419 256/6/419 257/6/419 
f 258/6/419 257/6/419 259/6/419 
f 258/6/420 259/6/420 260/6/420 
f 260/6/420 259/6/420 261/6/420 
f 260/6/421 261/6/421 262/6/421 
f 261/6/421 263/6/421 262/6/421 
f 262/6/422 263/6/422 264/6/423 
f 263/6/422 265/6/423 264/6/423 
f 264/6/424 265/6/425 266/6/426 
f 266/6/426 265/6/425 267/6/427 
f 268/6/428 266/6/429 267/6/430 
f 268/6/428 267/6/430 269/6/431 
f 270/6/432 268/6/433 269/6/434 
f 270/6/432 269/6/434 271/6/435 
f 272/6/436 270/6/436 271/6/436 
f 272/6/436 271/6/436 273/6/436 
f 274/6/437 275/6/437 276/6/437 
f 274/6/437 277/6/437 275/6/437 
f 277/6/438 278/6/438 275/6/438 
f 277/6/438 279/6/438 278/6/438 
f 279/6/439 280/6/439 278/6/439 
f 281/6/439 280/6/439 279/6/439 
f 281/6/440 282/6/440 280/6/440 
f 281/6/440 283/6/440 282/6/440 
f 283/6/441 276/6/441 282/6/441 
f 283/6/441 274/6/441 276/6/441 
f 284/6/442 285/6/442 286/6/442 
f 284/6/442 287/6/442 285/6/442 
f 287/6/443 288/6/443 285/6/443 
f 287/6/443 289/6/443 288/6/443 
f 290/6/439 288/6/439 289/6/439 
f 291/6/439 290/6/439 289/6/439 
f 291/6/444 292/6/444 290/6/444 
f 291/6/444 293/6/444 292/6/444 
f 293/6/445 286/6/445 292/6/445 
f 293/6/445 284/6/445 286/6/445 
f 294/6/446 295/6/446 296/6/446 
f 294/6/446 296/6/446 297/6/446 
f 298/6/447 294/6/447 297/6/447 
f 298/6/447 297/6/447 299/6/447 
f 298/6/448 299/6/448 300/6/448 
f 300/6/448 299/6/448 301/6/448 
f 300/6/449 301/6/449 302/6/449 
f 301/6/449 303/6/449 302/6/449 
f 302/6/450 303/6/450 304/6/450 
f 303/6/450 305/6/450 304/6/450 
f 304/6/451 305/6/451 306/6/451 
f 306/6/451 305/6/451 307/6/451 
f 308/6/452 306/6/452 307/6/452 
f 308/6/452 307/6/452 309/6/452 
f 310/6/453 308/6/453 309/6/453 
f 310/6/453 309/6/453 311/6/453 
f 310/6/454 311/6/454 312/6/454 
f 312/6/454 311/6/454 313/6/454 
f 312/6/455 313/6/455 314/6/455 
f 313/6/455 315/6/455 314/6/455 
f 314/6/456 315/6/456 316/6/456 
f 315/6/456 317/6/456 316/6/456 
f 316/6/457 317/6/458 318/6/459 
f 318/6/459 317/6/458 319/6/460 
f 320/6/461 318/6/462 319/6/463 
f 320/6/461 319/6/463 321/6/464 
f 322/6/465 320/6/465 321/6/465 
f 322/6/465 321/6/465 323/6/465 
f 322/6/466 323/6/466 324/6/466 
f 324/6/466 323/6/466 325/6/466 
f 324/6/467 325/6/467 326/6/467 
f 325/6/467 327/6/467 326/6/467 
f 326/6/468 327/6/468 328/6/469 
f 327/6/468 329/6/469 328/6/469 
f 328/6/470 329/6/471 330/6/472 
f 330/6/472 329/6/471 331/6/473 
f 332/6/474 330/6/475 331/6/476 
f 332/6/474 331/6/476 333/6/477 
f 334/6/478 332/6/479 333/6/480 
f 334/6/478 333/6/480 335/6/481 
f 336/6/482 334/6/482 335/6/482 
f 336/6/482 335/6/482 337/6/482 
f 338/6/483 339/6/483 340/6/483 
f 338/6/483 341/6/483 339/6/483 
f 341/6/484 342/6/484 339/6/484 
f 341/6/484 343/6/484 342/6/484 
f 343/6/439 344/6/439 342/6/439 
f 345/6/439 344/6/439 343/6/439 
f 345/6/485 346/6/485 344/6/485 
f 345/6/485 347/6/485 346/6/485 
f 347/6/486 340/6/486 346/6/486 
f 347/6/486 338/6/486 340/6/486 
f 348/6/487 349/6/487 350/6/487 
f 348/6/487 351/6/487 349/6/487 
f 351/6/488 352/6/488 349/6/488 
f 351/6/488 353/6/488 352/6/488 
f 354/6/439 352/6/439 353/6/439 
f 355/6/439 354/6/439 353/6/439 
f 355/6/489 356/6/489 354/6/489 
f 355/6/489 357/6/489 356/6/489 
f 357/6/490 350/6/490 356/6/490 
f 357/6/490 348/6/490 350/6/490 
f 358/6/491 359/6/491 360/6/491 
f 358/6/491 361/6/491 359/6/491 
f 362/6/492 361/6/492 358/6/492 
f 362/6/492 363/6/492 361/6/492 
f 362/6/493 364/6/493 363/6/493 
f 364/6/493 365/6/493 363/6/493 
f 364/6/494 366/6/494 365/6/494 
f 365/6/494 366/6/494 367/6/494 
f 366/6/495 368/6/495 367/6/495 
f 367/6/495 368/6/495 369/6/495 
f 368/6/496 370/6/496 369/6/496 
f 370/6/496 371/6/496 369/6/496 
f 372/6/497 371/6/497 370/6/497 
f 372/6/497 373/6/497 371/6/497 
f 374/6/498 373/6/498 372/6/498 
f 374/6/498 375/6/498 373/6/498 
f 374/6/408 376/6/408 375/6/408 
f 376/6/408 377/6/408 375/6/408 
f 376/6/499 378/6/499 377/6/499 
f 377/6/499 378/6/499 379/6/499 
f 378/6/500 380/6/500 379/6/500 
f 379/6/500 380/6/500 381/6/500 
f 380/6/411 382/6/501 381/6/502 
f 382/6/501 383/6/503 381/6/502 
f 384/6/504 383/6/505 382/6/506 
f 384/6/504 385/6/507 383/6/505 
f 386/6/508 385/6/508 384/6/508 
f 386/6/508 387/6/508 385/6/508 
f 386/6/509 388/6/509 387/6/509 
f 388/6/509 389/6/509 387/6/509 
f 388/6/510 390/6/510 389/6/510 
f 389/6/510 390/6/510 391/6/510 
f 390/6/511 392/6/512 391/6/511 
f 391/6/511 392/6/512 393/6/512 
f 392/6/513 394/6/426 393/6/514 
f 394/6/426 395/6/515 393/6/514 
f 396/6/516 395/6/517 394/6/518 
f 396/6/516 397/6/519 395/6/517 
f 398/6/520 397/6/521 396/6/522 
f 398/6/520 399/6/523 397/6/521 
f 400/6/524 399/6/524 398/6/524 
f 400/6/524 401/6/524 399/6/524 
f 402/6/525 403/6/525 404/6/525 
f 402/6/525 404/6/525 405/6/525 
f 405/6/526 404/6/526 406/6/526 
f 405/6/526 406/6/526 407/6/526 
f 407/6/527 406/6/527 408/6/527 
f 409/6/527 407/6/527 408/6/527 
f 409/6/528 408/6/528 410/6/528 
f 409/6/528 410/6/528 411/6/528 
f 411/6/529 410/6/529 403/6/529 
f 411/6/529 403/6/529 402/6/529 
f 412/6/530 413/6/530 414/6/530 
f 412/6/530 414/6/530 415/6/530 
f 415/6/531 414/6/531 416/6/531 
f 415/6/531 416/6/531 417/6/531 
f 418/6/527 417/6/527 416/6/527 
f 419/6/527 417/6/527 418/6/527 
f 419/6/532 418/6/532 420/6/532 
f 419/6/532 420/6/532 421/6/532 
f 421/6/533 420/6/533 413/6/533 
f 421/6/533 413/6/533 412/6/533 
f 422/6/534 423/6/534 424/6/534 
f 422/6/534 425/6/534 423/6/534 
f 426/6/535 425/6/535 422/6/535 
f 427/6/535 425/6/535 426/6/535 
f 428/6/536 427/6/536 426/6/536 
f 428/6/536 429/6/536 427/6/536 
f 429/6/537 428/6/537 430/6/537 
f 429/6/537 430/6/537 431/6/537 
f 424/6/538 431/6/538 430/6/538 
f 424/6/538 423/6/538 431/6/538 
f 432/6/539 433/6/539 434/6/539 
f 432/6/539 435/6/539 433/6/539 
f 436/6/540 435/6/540 432/6/540 
f 436/6/540 437/6/540 435/6/540 
f 436/6/541 438/6/541 437/6/541 
f 438/6/541 439/6/541 437/6/541 
f 438/6/542 440/6/542 439/6/542 
f 439/6/542 440/6/542 441/6/542 
f 440/6/543 442/6/543 441/6/543 
f 441/6/543 442/6/543 443/6/543 
f 442/6/544 444/6/544 443/6/544 
f 444/6/544 445/6/544 443/6/544 
f 446/6/545 445/6/545 444/6/545 
f 446/6/545 447/6/545 445/6/545 
f 448/6/546 447/6/546 446/6/546 
f 448/6/546 449/6/546 447/6/546 
f 448/6/454 450/6/454 449/6/454 
f 450/6/454 451/6/454 449/6/454 
f 450/6/547 452/6/547 451/6/547 
f 451/6/547 452/6/547 453/6/547 
f 452/6/548 454/6/548 453/6/548 
f 453/6/548 454/6/548 455/6/548 
f 454/6/457 456/6/549 455/6/550 
f 456/6/549 457/6/551 455/6/550 
f 458/6/552 457/6/553 456/6/554 
f 458/6/552 459/6/555 457/6/553 
f 460/6/556 459/6/556 458/6/556 
f 460/6/556 461/6/556 459/6/556 
f 460/6/557 462/6/557 461/6/557 
f 462/6/557 463/6/557 461/6/557 
f 462/6/558 464/6/558 463/6/558 
f 463/6/558 464/6/558 465/6/558 
f 464/6/559 466/6/560 465/6/559 
f 465/6/559 466/6/560 467/6/560 
f 466/6/561 468/6/472 467/6/562 
f 468/6/472 469/6/563 467/6/562 
f 470/6/564 469/6/565 468/6/566 
f 470/6/564 471/6/567 469/6/565 
f 472/6/568 471/6/569 470/6/570 
f 472/6/568 473/6/571 471/6/569 
f 474/6/572 473/6/572 472/6/572 
f 474/6/572 475/6/572 473/6/572 
f 476/6/573 477/6/573 478/6/573 
f 476/6/573 478/6/573 479/6/573 
f 479/6/574 478/6/574 480/6/574 
f 479/6/574 480/6/574 481/6/574 
f 481/6/527 480/6/527 482/6/527 
f 483/6/527 481/6/527 482/6/527 
f 483/6/575 482/6/575 484/6/575 
f 483/6/575 484/6/575 485/6/575 
f 485/6/576 484/6/576 477/6/576 
f 485/6/576 477/6/576 476/6/576 
f 486/6/577 487/6/577 488/6/577 
f 486/6/577 488/6/577 489/6/577 
f 489/6/578 488/6/578 490/6/578 
f 489/6/578 490/6/578 491/6/578 
f 492/6/527 491/6/527 490/6/527 
f 493/6/527 491/6/527 492/6/527 
f 493/6/579 492/6/579 494/6/579 
f 493/6/579 494/6/579 495/6/579 
f 495/6/580 494/6/580 487/6/580 
f 495/6/580 487/6/580 486/6/580 
f 496/6/581 497/6/582 498/6/583 
f 499/6/584 497/6/582 496/6/581 
f 499/6/585 500/6/586 497/6/587 
f 499/6/585 501/6/585 500/6/586 
f 501/6/588 502/6/589 500/6/590 
f 501/6/588 503/6/591 502/6/589 
f 503/6/592 504/6/593 502/6/594 
f 505/6/595 504/6/593 503/6/592 
f 505/6/596 506/6/597 504/6/598 
f 505/6/596 507/6/599 506/6/597 
f 507/6/600 508/6/601 506/6/602 
f 509/6/603 508/6/601 507/6/600 
f 509/6/604 510/6/605 508/6/606 
f 511/6/607 510/6/605 509/6/604 
f 511/6/608 498/6/609 510/6/610 
f 511/6/608 496/6/611 498/6/609 
f 512/6/612 499/6/612 496/6/612 
f 513/6/612 499/6/612 512/6/612 
f 513/6/613 501/6/614 499/6/614 
f 513/6/613 514/6/615 501/6/614 
f 514/6/616 503/6/616 501/6/616 
f 514/6/616 515/6/616 503/6/616 
f 515/6/617 505/6/617 503/6/617 
f 515/6/617 516/6/617 505/6/617 
f 516/6/618 507/6/618 505/6/618 
f 516/6/618 517/6/618 507/6/618 
f 517/6/619 509/6/619 507/6/619 
f 518/6/619 509/6/619 517/6/619 
f 518/6/620 511/6/621 509/6/621 
f 519/6/622 511/6/621 518/6/620 
f 519/6/623 496/6/624 511/6/624 
f 512/6/625 496/6/624 519/6/623 
f 520/6/626 513/6/627 512/6/628 
f 521/6/629 513/6/627 520/6/626 
f 521/6/630 514/6/615 513/6/613 
f 521/6/630 522/6/631 514/6/615 
f 522/6/632 515/6/632 514/6/632 
f 522/6/633 523/6/633 515/6/633 
f 523/6/634 516/6/635 515/6/636 
f 524/6/637 516/6/635 523/6/634 
f 524/6/638 517/6/639 516/6/640 
f 525/6/641 517/6/639 524/6/638 
f 525/6/641 518/6/642 517/6/639 
f 526/6/643 518/6/644 525/6/645 
f 526/6/646 519/6/622 518/6/620 
f 527/6/647 519/6/622 526/6/646 
f 527/6/648 512/6/625 519/6/623 
f 520/6/649 512/6/625 527/6/648 
f 528/6/650 521/6/650 520/6/650 
f 529/6/650 521/6/650 528/6/650 
f 529/6/651 522/6/651 521/6/651 
f 529/6/651 530/6/651 522/6/651 
f 530/6/652 523/6/652 522/6/652 
f 530/6/652 531/6/652 523/6/652 
f 531/6/653 524/6/653 523/6/653 
f 532/6/653 524/6/653 531/6/653 
f 532/6/654 525/6/641 524/6/638 
f 533/6/654 525/6/641 532/6/654 
f 526/6/643 525/6/645 533/6/655 
f 526/6/643 533/6/655 534/6/655 
f 527/6/656 526/6/656 534/6/656 
f 527/6/656 534/6/656 535/6/656 
f 535/6/657 520/6/658 527/6/658 
f 528/6/657 520/6/658 535/6/657 
f 530/6/659 529/6/660 536/6/660 
f 530/6/659 536/6/660 537/6/661 
f 530/6/659 537/6/661 531/6/662 
f 531/6/662 537/6/661 538/6/663 
f 531/6/662 538/6/663 532/6/664 
f 538/6/663 539/6/664 532/6/664 
f 539/6/664 533/6/665 532/6/664 
f 539/6/664 540/6/666 533/6/665 
f 540/6/666 534/6/667 533/6/665 
f 540/6/666 541/6/668 534/6/667 
f 541/6/668 535/6/669 534/6/667 
f 542/6/669 535/6/669 541/6/668 
f 542/6/670 528/6/657 535/6/657 
f 543/6/671 536/6/671 528/6/671 
f 544/6/671 536/6/671 543/6/671 
f 544/6/672 537/6/672 536/6/672 
f 544/6/672 545/6/672 537/6/672 
f 545/6/673 538/6/673 537/6/673 
f 545/6/673 546/6/673 538/6/673 
f 546/6/674 539/6/675 538/6/675 
f 547/6/676 539/6/675 546/6/674 
f 547/6/677 540/6/678 539/6/678 
f 548/6/679 540/6/678 547/6/677 
f 541/6/680 540/6/680 548/6/681 
f 549/6/682 541/6/680 548/6/681 
f 542/6/683 541/6/683 549/6/684 
f 550/6/685 542/6/683 549/6/684 
f 550/6/686 528/6/687 542/6/687 
f 543/6/688 528/6/687 550/6/686 
f 551/6/689 544/6/690 543/6/690 
f 552/6/689 544/6/690 551/6/689 
f 552/6/691 545/6/692 544/6/692 
f 552/6/691 553/6/691 545/6/692 
f 553/6/693 546/6/694 545/6/694 
f 553/6/693 554/6/693 546/6/694 
f 554/6/695 547/6/676 546/6/674 
f 554/6/695 555/6/695 547/6/676 
f 555/6/696 548/6/679 547/6/677 
f 555/6/696 556/6/696 548/6/679 
f 549/6/682 548/6/681 556/6/697 
f 549/6/682 556/6/697 557/6/697 
f 550/6/685 549/6/684 557/6/698 
f 550/6/685 557/6/698 558/6/698 
f 558/6/699 543/6/688 550/6/686 
f 551/6/699 543/6/688 558/6/699 
f 559/6/700 560/6/701 561/6/702 
f 562/6/703 559/6/700 561/6/702 
f 563/6/704 562/6/705 561/6/706 
f 563/6/704 564/6/705 562/6/705 
f 565/6/707 564/6/708 563/6/709 
f 565/6/707 566/6/710 564/6/708 
f 566/6/711 565/6/712 567/6/713 
f 568/6/714 566/6/711 567/6/713 
f 568/6/715 567/6/716 569/6/717 
f 568/6/715 569/6/717 570/6/718 
f 569/6/719 571/6/720 570/6/721 
f 571/6/720 572/6/722 570/6/721 
f 571/6/723 573/6/724 572/6/725 
f 573/6/724 574/6/726 572/6/725 
f 574/6/727 573/6/728 560/6/729 
f 574/6/727 560/6/729 559/6/730 
f 575/6/731 559/6/731 562/6/731 
f 576/6/731 575/6/731 562/6/731 
f 564/6/732 576/6/733 562/6/732 
f 564/6/732 577/6/734 576/6/733 
f 566/6/735 577/6/735 564/6/735 
f 566/6/735 578/6/735 577/6/735 
f 578/6/736 566/6/736 568/6/736 
f 578/6/736 568/6/736 579/6/736 
f 579/6/737 568/6/737 570/6/737 
f 579/6/737 570/6/737 580/6/737 
f 570/6/738 572/6/738 580/6/738 
f 572/6/738 581/6/738 580/6/738 
f 572/6/739 574/6/739 581/6/740 
f 574/6/739 582/6/741 581/6/740 
f 582/6/742 574/6/743 559/6/743 
f 575/6/744 582/6/742 559/6/743 
f 583/6/745 575/6/746 576/6/747 
f 583/6/745 576/6/747 584/6/748 
f 577/6/734 584/6/749 576/6/733 
f 577/6/734 585/6/750 584/6/749 
f 578/6/751 585/6/751 577/6/751 
f 586/6/672 585/6/672 578/6/672 
f 586/6/752 578/6/753 579/6/754 
f 586/6/752 579/6/754 587/6/755 
f 587/6/756 579/6/757 580/6/758 
f 587/6/756 580/6/758 588/6/759 
f 588/6/759 580/6/758 581/6/760 
f 588/6/761 581/6/762 589/6/763 
f 581/6/740 582/6/741 589/6/764 
f 582/6/741 590/6/765 589/6/764 
f 590/6/766 582/6/742 575/6/744 
f 590/6/766 575/6/744 583/6/767 
f 591/6/768 583/6/653 584/6/653 
f 591/6/768 584/6/653 592/6/674 
f 585/6/652 592/6/652 584/6/652 
f 593/6/652 592/6/652 585/6/652 
f 586/6/651 593/6/651 585/6/651 
f 594/6/651 593/6/651 586/6/651 
f 594/6/650 586/6/650 587/6/650 
f 594/6/650 587/6/650 595/6/650 
f 595/6/658 587/6/756 588/6/759 
f 595/6/658 588/6/759 596/6/658 
f 588/6/761 589/6/763 596/6/656 
f 596/6/656 589/6/763 597/6/656 
f 589/6/655 590/6/655 597/6/655 
f 597/6/655 590/6/655 598/6/655 
f 598/6/769 590/6/654 583/6/654 
f 598/6/769 583/6/654 591/6/770 
f 599/6/771 591/6/768 592/6/674 
f 599/6/771 592/6/674 600/6/771 
f 593/6/772 600/6/773 592/6/773 
f 593/6/772 601/6/774 600/6/773 
f 593/6/772 594/6/775 601/6/774 
f 594/6/775 602/6/776 601/6/774 
f 594/6/775 595/6/777 602/6/776 
f 602/6/776 595/6/777 603/6/777 
f 603/6/777 595/6/777 596/6/778 
f 603/6/777 596/6/778 604/6/779 
f 604/6/779 596/6/778 597/6/780 
f 604/6/779 597/6/780 605/6/781 
f 605/6/781 597/6/780 598/6/782 
f 606/6/782 605/6/781 598/6/782 
f 606/6/783 598/6/769 591/6/770 
f 606/6/783 591/6/770 599/6/783 
f 607/6/784 599/6/784 600/6/784 
f 607/6/784 600/6/784 608/6/784 
f 601/6/633 608/6/633 600/6/633 
f 601/6/633 609/6/633 608/6/633 
f 602/6/785 609/6/785 601/6/785 
f 602/6/785 610/6/785 609/6/785 
f 610/6/786 602/6/787 603/6/787 
f 610/6/786 603/6/787 611/6/788 
f 611/6/789 603/6/790 604/6/790 
f 611/6/789 604/6/790 612/6/791 
f 604/6/792 605/6/792 612/6/793 
f 612/6/793 605/6/792 613/6/794 
f 605/6/795 606/6/795 613/6/796 
f 613/6/796 606/6/795 614/6/797 
f 614/6/798 606/6/799 599/6/799 
f 614/6/798 599/6/799 607/6/800 
f 615/6/695 607/6/801 608/6/801 
f 616/6/695 615/6/695 608/6/801 
f 609/6/694 616/6/693 608/6/694 
f 617/6/693 616/6/693 609/6/694 
f 610/6/692 617/6/691 609/6/692 
f 618/6/691 617/6/691 610/6/692 
f 618/6/689 610/6/786 611/6/788 
f 618/6/689 611/6/788 619/6/689 
f 619/6/699 611/6/789 612/6/791 
f 619/6/699 612/6/791 620/6/699 
f 612/6/793 613/6/794 620/6/698 
f 620/6/698 613/6/794 621/6/698 
f 613/6/796 614/6/797 621/6/697 
f 621/6/697 614/6/797 622/6/697 
f 622/6/696 614/6/798 607/6/800 
f 615/6/696 622/6/696 607/6/800 
f 623/6/802 624/6/802 625/6/802 
f 626/6/802 624/6/802 623/6/802 
f 626/6/803 627/6/803 624/6/803 
f 626/6/803 628/6/803 627/6/803 
f 628/6/804 629/6/804 627/6/804 
f 630/6/804 629/6/804 628/6/804 
f 630/6/805 631/6/805 629/6/805 
f 632/6/805 631/6/805 630/6/805 
f 633/6/806 631/6/806 632/6/806 
f 633/6/806 632/6/806 634/6/806 
f 634/6/807 625/6/807 633/6/807 
f 623/6/807 625/6/807 634/6/807 
f 624/6/808 635/6/808 625/6/808 
f 626/6/809 623/6/809 636/6/809 
f 627/6/808 635/6/808 624/6/808 
f 626/6/809 636/6/809 628/6/809 
f 627/6/808 629/6/808 635/6/808 
f 628/6/809 636/6/809 630/6/809 
f 629/6/808 631/6/808 635/6/808 
f 636/6/809 632/6/809 630/6/809 
f 635/6/808 631/6/808 633/6/808 
f 636/6/809 634/6/809 632/6/809 
f 635/6/808 633/6/808 625/6/808 
f 623/6/809 634/6/809 636/6/809 
f 637/6/810 638/6/811 639/6/812 
f 640/6/813 638/6/811 637/6/810 
f 640/6/814 641/6/814 638/6/814 
f 640/6/814 642/6/814 641/6/814 
f 642/6/815 643/6/816 641/6/817 
f 642/6/815 644/6/818 643/6/816 
f 644/6/819 645/6/820 643/6/820 
f 644/6/819 646/6/821 645/6/820 
f 647/6/822 645/6/822 646/6/822 
f 647/6/822 646/6/822 648/6/822 
f 648/6/823 639/6/824 647/6/824 
f 637/6/825 639/6/824 648/6/823 
f 649/6/826 640/6/813 637/6/810 
f 650/6/827 640/6/813 649/6/826 
f 650/6/828 642/6/829 640/6/829 
f 650/6/828 651/6/828 642/6/829 
f 651/6/830 644/6/818 642/6/815 
f 652/6/831 644/6/818 651/6/830 
f 652/6/832 646/6/821 644/6/819 
f 652/6/832 653/6/833 646/6/821 
f 648/6/834 646/6/834 653/6/835 
f 648/6/834 653/6/835 654/6/835 
f 654/6/836 637/6/825 648/6/823 
f 649/6/837 637/6/825 654/6/836 
f 655/6/838 650/6/827 649/6/826 
f 656/6/838 650/6/827 655/6/838 
f 656/6/839 651/6/828 650/6/828 
f 656/6/839 657/6/839 651/6/828 
f 657/6/840 652/6/831 651/6/830 
f 658/6/840 652/6/831 657/6/840 
f 658/6/841 653/6/833 652/6/832 
f 659/6/841 653/6/833 658/6/841 
f 654/6/835 653/6/835 659/6/842 
f 654/6/835 659/6/842 660/6/842 
f 660/6/843 649/6/837 654/6/836 
f 655/6/843 649/6/837 660/6/843 
f 661/6/844 662/6/845 663/6/846 
f 661/6/844 664/6/847 662/6/845 
f 661/6/844 665/6/848 664/6/847 
f 666/6/849 665/6/848 661/6/844 
f 667/6/850 666/6/849 661/6/844 
f 668/6/851 667/6/850 661/6/844 
f 669/6/852 668/6/851 661/6/844 
f 670/6/853 669/6/852 661/6/844 
f 670/6/853 661/6/844 671/6/854 
f 671/6/854 661/6/844 672/6/855 
f 672/6/855 661/6/844 673/6/856 
f 673/6/856 661/6/844 674/6/857 
f 661/6/844 675/6/844 674/6/857 
f 661/6/844 676/6/858 675/6/844 
f 661/6/844 677/6/859 676/6/858 
f 661/6/844 663/6/846 677/6/859 
f 665/6/848 678/6/860 664/6/847 
f 678/6/860 679/6/844 680/6/861 
f 680/6/861 679/6/844 681/6/844 
f 664/6/847 680/6/861 662/6/845 
f 664/6/847 678/6/860 680/6/861 
f 667/6/850 682/6/862 666/6/849 
f 668/6/851 683/6/863 667/6/850 
f 683/6/863 682/6/862 667/6/850 
f 683/6/863 684/6/844 682/6/862 
f 684/6/844 685/6/864 682/6/862 
f 686/6/865 669/6/852 670/6/853 
f 687/6/866 670/6/853 671/6/854 
f 687/6/866 686/6/865 670/6/853 
f 688/6/844 689/6/844 687/6/866 
f 689/6/844 686/6/865 687/6/866 
f 672/6/855 673/6/856 690/6/867 
f 673/6/856 674/6/857 691/6/868 
f 690/6/867 673/6/856 691/6/868 
f 690/6/867 691/6/868 692/6/844 
f 693/6/844 690/6/867 692/6/844 
f 677/6/859 663/6/846 694/6/869 
f 695/6/870 677/6/859 694/6/869 
f 676/6/858 677/6/859 695/6/870 
f 696/6/871 694/6/869 697/6/844 
f 695/6/870 694/6/869 696/6/871 
f 698/6/844 693/6/844 699/6/844 
f 693/6/844 692/6/844 699/6/844 
f 700/6/844 689/6/844 688/6/844 
f 700/6/844 701/6/844 689/6/844 
f 702/6/844 703/6/844 684/6/844 
f 684/6/844 703/6/844 685/6/864 
f 679/6/844 704/6/844 705/6/844 
f 679/6/844 705/6/844 681/6/844 
f 706/6/844 697/6/844 707/6/844 
f 706/6/844 696/6/871 697/6/844 
f 701/6/872 708/6/873 689/6/874 
f 689/6/874 708/6/873 709/6/875 
f 686/6/876 709/6/875 669/6/877 
f 709/6/875 710/6/878 669/6/877 
f 669/6/877 710/6/878 668/6/879 
f 710/6/878 711/6/880 668/6/879 
f 711/6/880 683/6/881 668/6/879 
f 711/6/880 712/6/882 683/6/881 
f 712/6/882 684/6/883 683/6/881 
f 713/6/884 684/6/885 712/6/886 
f 713/6/884 702/6/887 684/6/885 
f 700/6/888 714/6/889 715/6/890 
f 700/6/888 688/6/891 714/6/889 
f 714/6/892 688/6/893 687/6/894 
f 716/6/895 714/6/892 687/6/894 
f 716/6/895 671/6/896 717/6/897 
f 716/6/895 687/6/894 671/6/896 
f 717/6/897 672/6/898 718/6/899 
f 717/6/897 671/6/896 672/6/898 
f 718/6/899 672/6/898 690/6/900 
f 719/6/901 718/6/902 690/6/903 
f 719/6/901 690/6/903 693/6/904 
f 719/6/901 693/6/904 698/6/905 
f 720/6/906 696/6/871 706/6/907 
f 721/6/908 696/6/871 720/6/906 
f 721/6/908 695/6/870 696/6/871 
f 721/6/908 676/6/858 695/6/870 
f 675/6/909 676/6/910 721/6/911 
f 722/6/912 675/6/909 721/6/911 
f 723/6/913 675/6/909 722/6/912 
f 723/6/913 674/6/914 675/6/909 
f 724/6/915 691/6/916 723/6/913 
f 723/6/913 691/6/916 674/6/914 
f 692/6/917 691/6/916 724/6/915 
f 692/6/918 724/6/919 725/6/920 
f 699/6/921 692/6/918 725/6/920 
f 726/6/922 727/6/923 707/6/924 
f 697/6/925 726/6/922 707/6/924 
f 697/6/926 694/6/927 726/6/928 
f 726/6/928 694/6/927 728/6/929 
f 694/6/927 663/6/930 728/6/929 
f 728/6/929 663/6/930 729/6/931 
f 663/6/930 662/6/932 729/6/931 
f 662/6/845 730/6/933 729/6/934 
f 662/6/845 680/6/861 730/6/933 
f 680/6/861 731/6/935 730/6/933 
f 680/6/861 681/6/936 731/6/935 
f 681/6/936 705/6/937 731/6/935 
f 732/6/938 704/6/938 679/6/938 
f 678/6/939 732/6/940 679/6/941 
f 733/6/942 732/6/940 678/6/939 
f 665/6/943 733/6/942 678/6/939 
f 734/6/944 733/6/942 665/6/943 
f 666/6/849 734/6/944 665/6/943 
f 666/6/849 735/6/945 734/6/944 
f 682/6/862 735/6/945 666/6/849 
f 682/6/862 736/6/946 735/6/945 
f 682/6/862 685/6/864 736/6/946 
f 685/6/864 737/6/947 736/6/946 
f 685/6/864 703/6/948 737/6/947 
f 689/6/874 709/6/875 686/6/876 
f 738/6/844 739/6/844 740/6/844 
f 741/6/844 739/6/844 738/6/844 
f 742/6/949 743/6/949 744/6/949 
f 745/6/949 742/6/949 744/6/949 
f 746/6/844 741/6/844 738/6/844 
f 747/6/844 741/6/844 746/6/844 
f 748/6/949 742/6/949 745/6/949 
f 749/6/949 748/6/949 745/6/949 
f 750/6/844 747/6/844 746/6/844 
f 751/6/844 747/6/844 750/6/844 
f 752/6/949 748/6/949 749/6/949 
f 753/6/949 752/6/949 749/6/949 
f 754/6/844 751/6/844 750/6/844 
f 755/6/844 751/6/844 754/6/844 
f 756/6/949 752/6/949 753/6/949 
f 757/6/949 756/6/949 753/6/949 
f 758/6/844 755/6/844 754/6/844 
f 759/6/844 755/6/844 758/6/844 
f 760/6/949 756/6/949 757/6/949 
f 761/6/949 760/6/949 757/6/949 
f 759/6/844 758/6/844 762/6/844 
f 763/6/844 759/6/844 762/6/844 
f 761/6/949 764/6/949 760/6/949 
f 765/6/949 764/6/949 761/6/949 
f 763/6/844 762/6/844 766/6/844 
f 767/6/844 763/6/844 766/6/844 
f 765/6/949 768/6/949 764/6/949 
f 769/6/949 768/6/949 765/6/949 
f 767/6/844 766/6/844 770/6/844 
f 771/6/844 767/6/844 770/6/844 
f 769/6/949 772/6/949 768/6/949 
f 773/6/949 772/6/949 769/6/949 
f 771/6/844 770/6/844 774/6/844 
f 771/6/844 774/6/844 775/6/844 
f 773/6/949 776/6/949 772/6/949 
f 773/6/949 777/6/949 776/6/949 
f 775/6/844 774/6/844 778/6/844 
f 775/6/844 778/6/844 779/6/844 
f 777/6/949 780/6/949 776/6/949 
f 777/6/949 781/6/949 780/6/949 
f 779/6/844 778/6/844 782/6/844 
f 779/6/844 782/6/844 783/6/844 
f 781/6/949 784/6/949 780/6/949 
f 781/6/949 785/6/949 784/6/949 
f 783/6/844 782/6/844 786/6/844 
f 783/6/844 786/6/844 787/6/844 
f 785/6/949 788/6/949 784/6/949 
f 785/6/949 789/6/949 788/6/949 
f 787/6/844 786/6/844 790/6/844 
f 787/6/844 790/6/844 791/6/844 
f 789/6/949 792/6/949 788/6/949 
f 789/6/949 793/6/949 792/6/949 
f 791/6/844 790/6/844 794/6/844 
f 791/6/844 794/6/844 795/6/844 
f 793/6/949 796/6/949 792/6/949 
f 793/6/949 797/6/949 796/6/949 
f 795/6/844 794/6/844 798/6/844 
f 795/6/844 798/6/844 799/6/844 
f 797/6/949 800/6/949 796/6/949 
f 797/6/949 801/6/949 800/6/949 
f 799/6/844 798/6/844 802/6/844 
f 799/6/844 802/6/844 803/6/844 
f 801/6/949 804/6/949 800/6/949 
f 801/6/949 805/6/949 804/6/949 
f 802/6/844 806/6/844 803/6/844 
f 803/6/844 806/6/844 807/6/844 
f 804/6/949 805/6/949 808/6/949 
f 805/6/949 809/6/949 808/6/949 
f 806/6/844 810/6/844 807/6/844 
f 807/6/844 810/6/844 811/6/844 
f 808/6/949 809/6/949 812/6/949 
f 809/6/949 813/6/949 812/6/949 
f 810/6/844 814/6/844 811/6/844 
f 811/6/844 814/6/844 815/6/844 
f 812/6/949 813/6/949 816/6/949 
f 813/6/949 817/6/949 816/6/949 
f 814/6/844 818/6/844 815/6/844 
f 815/6/844 818/6/844 819/6/844 
f 816/6/949 817/6/949 820/6/949 
f 817/6/949 821/6/949 820/6/949 
f 818/6/844 822/6/844 819/6/844 
f 819/6/844 822/6/844 823/6/844 
f 820/6/949 821/6/949 824/6/949 
f 821/6/949 825/6/949 824/6/949 
f 822/6/844 826/6/844 823/6/844 
f 826/6/844 827/6/844 823/6/844 
f 824/6/949 825/6/949 828/6/949 
f 828/6/949 825/6/949 829/6/949 
f 826/6/844 830/6/844 827/6/844 
f 830/6/844 831/6/844 827/6/844 
f 828/6/949 829/6/949 832/6/949 
f 832/6/949 829/6/949 833/6/949 
f 830/6/844 834/6/844 831/6/844 
f 834/6/844 835/6/844 831/6/844 
f 832/6/949 833/6/949 836/6/949 
f 836/6/949 833/6/949 837/6/949 
f 838/6/844 835/6/844 834/6/844 
f 838/6/844 839/6/844 835/6/844 
f 840/6/949 836/6/949 837/6/949 
f 840/6/949 837/6/949 841/6/949 
f 842/6/844 839/6/844 838/6/844 
f 842/6/844 843/6/844 839/6/844 
f 844/6/949 840/6/949 841/6/949 
f 844/6/949 841/6/949 845/6/949 
f 846/6/844 843/6/844 842/6/844 
f 846/6/844 847/6/844 843/6/844 
f 848/6/949 844/6/949 845/6/949 
f 848/6/949 845/6/949 849/6/949 
f 850/6/844 847/6/844 846/6/844 
f 850/6/844 851/6/844 847/6/844 
f 852/6/949 848/6/949 849/6/949 
f 852/6/949 849/6/949 853/6/949 
f 854/6/844 851/6/844 850/6/844 
f 854/6/844 855/6/844 851/6/844 
f 856/6/949 852/6/949 853/6/949 
f 856/6/949 853/6/949 857/6/949 
f 858/6/844 855/6/844 854/6/844 
f 858/6/844 859/6/844 855/6/844 
f 860/6/949 856/6/949 857/6/949 
f 860/6/949 857/6/949 861/6/949 
f 862/6/844 859/6/844 858/6/844 
f 862/6/844 863/6/844 859/6/844 
f 864/6/949 860/6/949 861/6/949 
f 864/6/949 861/6/949 865/6/949 
f 740/6/844 863/6/844 862/6/844 
f 739/6/844 863/6/844 740/6/844 
f 743/6/949 864/6/949 865/6/949 
f 743/6/949 865/6/949 744/6/949 
f 743/6/950 738/6/951 740/6/950 
f 742/6/951 738/6/951 743/6/950 
f 744/6/952 739/6/952 741/6/953 
f 745/6/953 744/6/952 741/6/953 
f 742/6/951 746/6/954 738/6/951 
f 748/6/954 746/6/954 742/6/951 
f 745/6/953 741/6/953 747/6/955 
f 749/6/955 745/6/953 747/6/955 
f 748/6/954 750/6/956 746/6/954 
f 752/6/956 750/6/956 748/6/954 
f 749/6/955 747/6/955 751/6/957 
f 753/6/957 749/6/955 751/6/957 
f 752/6/956 754/6/958 750/6/956 
f 756/6/958 754/6/958 752/6/956 
f 753/6/957 751/6/957 755/6/959 
f 757/6/959 753/6/957 755/6/959 
f 758/6/960 754/6/958 756/6/958 
f 758/6/960 756/6/958 760/6/960 
f 759/6/961 757/6/959 755/6/959 
f 759/6/961 761/6/961 757/6/959 
f 762/6/962 758/6/960 760/6/960 
f 762/6/962 760/6/960 764/6/962 
f 763/6/963 761/6/961 759/6/961 
f 763/6/963 765/6/963 761/6/961 
f 766/6/964 762/6/962 764/6/962 
f 766/6/964 764/6/962 768/6/964 
f 767/6/965 765/6/963 763/6/963 
f 767/6/965 769/6/965 765/6/963 
f 770/6/966 766/6/964 768/6/964 
f 770/6/966 768/6/964 772/6/966 
f 771/6/967 769/6/965 767/6/965 
f 771/6/967 773/6/967 769/6/965 
f 774/6/968 770/6/966 772/6/966 
f 774/6/968 772/6/966 776/6/968 
f 775/6/969 773/6/967 771/6/967 
f 775/6/969 777/6/969 773/6/967 
f 778/6/970 774/6/968 776/6/968 
f 778/6/970 776/6/968 780/6/970 
f 779/6/971 777/6/969 775/6/969 
f 779/6/971 781/6/971 777/6/969 
f 782/6/972 778/6/970 780/6/970 
f 782/6/972 780/6/970 784/6/972 
f 783/6/973 781/6/971 779/6/971 
f 783/6/973 785/6/973 781/6/971 
f 786/6/974 782/6/972 784/6/972 
f 786/6/974 784/6/972 788/6/974 
f 787/6/975 785/6/973 783/6/973 
f 787/6/975 789/6/975 785/6/973 
f 788/6/974 790/6/976 786/6/974 
f 792/6/976 790/6/976 788/6/974 
f 789/6/975 787/6/975 791/6/977 
f 793/6/977 789/6/975 791/6/977 
f 792/6/976 794/6/978 790/6/976 
f 796/6/978 794/6/978 792/6/976 
f 793/6/977 791/6/977 795/6/979 
f 797/6/979 793/6/977 795/6/979 
f 796/6/978 798/6/980 794/6/978 
f 800/6/980 798/6/980 796/6/978 
f 797/6/979 795/6/979 799/6/981 
f 801/6/981 797/6/979 799/6/981 
f 800/6/980 802/6/952 798/6/980 
f 804/6/952 802/6/952 800/6/980 
f 801/6/981 799/6/981 803/6/950 
f 805/6/950 801/6/981 803/6/950 
f 804/6/952 806/6/953 802/6/952 
f 804/6/952 808/6/953 806/6/953 
f 805/6/950 803/6/950 807/6/951 
f 805/6/950 807/6/951 809/6/951 
f 808/6/953 810/6/955 806/6/953 
f 808/6/953 812/6/955 810/6/955 
f 809/6/951 807/6/951 811/6/954 
f 809/6/951 811/6/954 813/6/954 
f 812/6/955 814/6/957 810/6/955 
f 812/6/955 816/6/957 814/6/957 
f 813/6/954 811/6/954 815/6/956 
f 813/6/954 815/6/956 817/6/956 
f 816/6/957 818/6/959 814/6/957 
f 816/6/957 820/6/959 818/6/959 
f 817/6/956 815/6/956 819/6/958 
f 817/6/956 819/6/958 821/6/958 
f 818/6/959 820/6/959 822/6/961 
f 820/6/959 824/6/961 822/6/961 
f 819/6/958 823/6/960 821/6/958 
f 821/6/958 823/6/960 825/6/960 
f 822/6/961 824/6/961 826/6/963 
f 824/6/961 828/6/963 826/6/963 
f 823/6/960 827/6/962 825/6/960 
f 825/6/960 827/6/962 829/6/962 
f 826/6/963 828/6/963 830/6/965 
f 828/6/963 832/6/965 830/6/965 
f 827/6/962 831/6/964 829/6/962 
f 829/6/962 831/6/964 833/6/964 
f 830/6/965 832/6/965 834/6/967 
f 832/6/965 836/6/967 834/6/967 
f 831/6/964 835/6/966 833/6/964 
f 833/6/964 835/6/966 837/6/966 
f 834/6/967 836/6/967 838/6/969 
f 836/6/967 840/6/969 838/6/969 
f 835/6/966 839/6/968 837/6/966 
f 837/6/966 839/6/968 841/6/968 
f 838/6/969 840/6/969 842/6/971 
f 840/6/969 844/6/971 842/6/971 
f 839/6/968 843/6/970 841/6/968 
f 841/6/968 843/6/970 845/6/970 
f 842/6/971 844/6/971 846/6/973 
f 844/6/971 848/6/973 846/6/973 
f 843/6/970 847/6/972 845/6/970 
f 845/6/970 847/6/972 849/6/972 
f 846/6/973 848/6/973 850/6/975 
f 848/6/973 852/6/975 850/6/975 
f 847/6/972 851/6/974 849/6/972 
f 849/6/972 851/6/974 853/6/974 
f 852/6/975 854/6/977 850/6/975 
f 852/6/975 856/6/977 854/6/977 
f 853/6/974 851/6/974 855/6/976 
f 853/6/974 855/6/976 857/6/976 
f 856/6/977 858/6/979 854/6/977 
f 856/6/977 860/6/979 858/6/979 
f 857/6/976 855/6/976 859/6/978 
f 857/6/976 859/6/978 861/6/978 
f 860/6/979 862/6/981 858/6/979 
f 860/6/979 864/6/981 862/6/981 
f 861/6/978 859/6/978 863/6/980 
f 861/6/978 863/6/980 865/6/980 
f 864/6/981 740/6/950 862/6/981 
f 864/6/981 743/6/950 740/6/950 
f 865/6/980 863/6/980 739/6/952 
f 865/6/980 739/6/952 744/6/952 
f 866/6/844 867/6/844 868/6/844 
f 869/6/844 867/6/844 866/6/844 
f 870/6/949 871/6/949 872/6/949 
f 873/6/949 870/6/949 872/6/949 
f 874/6/844 869/6/844 866/6/844 
f 875/6/844 869/6/844 874/6/844 
f 876/6/949 870/6/949 873/6/949 
f 877/6/949 876/6/949 873/6/949 
f 878/6/844 875/6/844 874/6/844 
f 879/6/844 875/6/844 878/6/844 
f 880/6/949 876/6/949 877/6/949 
f 881/6/949 880/6/949 877/6/949 
f 882/6/844 879/6/844 878/6/844 
f 883/6/844 879/6/844 882/6/844 
f 884/6/949 880/6/949 881/6/949 
f 885/6/949 884/6/949 881/6/949 
f 883/6/844 882/6/844 886/6/844 
f 887/6/844 883/6/844 886/6/844 
f 885/6/949 888/6/949 884/6/949 
f 889/6/949 888/6/949 885/6/949 
f 887/6/844 886/6/844 890/6/844 
f 891/6/844 887/6/844 890/6/844 
f 889/6/949 892/6/949 888/6/949 
f 893/6/949 892/6/949 889/6/949 
f 891/6/844 890/6/844 894/6/844 
f 895/6/844 891/6/844 894/6/844 
f 893/6/949 896/6/949 892/6/949 
f 897/6/949 896/6/949 893/6/949 
f 895/6/844 894/6/844 898/6/844 
f 899/6/844 895/6/844 898/6/844 
f 897/6/949 900/6/949 896/6/949 
f 901/6/949 900/6/949 897/6/949 
f 899/6/844 898/6/844 902/6/844 
f 899/6/844 902/6/844 903/6/844 
f 901/6/949 904/6/949 900/6/949 
f 901/6/949 905/6/949 904/6/949 
f 903/6/844 902/6/844 906/6/844 
f 903/6/844 906/6/844 907/6/844 
f 905/6/949 908/6/949 904/6/949 
f 905/6/949 909/6/949 908/6/949 
f 907/6/844 906/6/844 910/6/844 
f 907/6/844 910/6/844 911/6/844 
f 909/6/949 912/6/949 908/6/949 
f 909/6/949 913/6/949 912/6/949 
f 911/6/844 910/6/844 914/6/844 
f 911/6/844 914/6/844 915/6/844 
f 913/6/949 916/6/949 912/6/949 
f 913/6/949 917/6/949 916/6/949 
f 915/6/844 914/6/844 918/6/844 
f 915/6/844 918/6/844 919/6/844 
f 917/6/949 920/6/949 916/6/949 
f 917/6/949 921/6/949 920/6/949 
f 919/6/844 918/6/844 922/6/844 
f 919/6/844 922/6/844 923/6/844 
f 921/6/949 924/6/949 920/6/949 
f 921/6/949 925/6/949 924/6/949 
f 923/6/844 922/6/844 926/6/844 
f 923/6/844 926/6/844 927/6/844 
f 925/6/949 928/6/949 924/6/949 
f 925/6/949 929/6/949 928/6/949 
f 927/6/844 926/6/844 930/6/844 
f 927/6/844 930/6/844 931/6/844 
f 929/6/949 932/6/949 928/6/949 
f 929/6/949 933/6/949 932/6/949 
f 930/6/844 934/6/844 931/6/844 
f 931/6/844 934/6/844 935/6/844 
f 932/6/949 933/6/949 936/6/949 
f 933/6/949 937/6/949 936/6/949 
f 934/6/844 938/6/844 935/6/844 
f 935/6/844 938/6/844 939/6/844 
f 936/6/949 937/6/949 940/6/949 
f 937/6/949 941/6/949 940/6/949 
f 938/6/844 942/6/844 939/6/844 
f 939/6/844 942/6/844 943/6/844 
f 940/6/949 941/6/949 944/6/949 
f 941/6/949 945/6/949 944/6/949 
f 942/6/844 946/6/844 943/6/844 
f 943/6/844 946/6/844 947/6/844 
f 944/6/949 945/6/949 948/6/949 
f 945/6/949 949/6/949 948/6/949 
f 946/6/844 950/6/844 947/6/844 
f 950/6/844 951/6/844 947/6/844 
f 948/6/949 949/6/949 952/6/949 
f 952/6/949 949/6/949 953/6/949 
f 950/6/844 954/6/844 951/6/844 
f 954/6/844 955/6/844 951/6/844 
f 952/6/949 953/6/949 956/6/949 
f 956/6/949 953/6/949 957/6/949 
f 954/6/844 958/6/844 955/6/844 
f 958/6/844 959/6/844 955/6/844 
f 956/6/949 957/6/949 960/6/949 
f 960/6/949 957/6/949 961/6/949 
f 958/6/844 962/6/844 959/6/844 
f 962/6/844 963/6/844 959/6/844 
f 960/6/949 961/6/949 964/6/949 
f 964/6/949 961/6/949 965/6/949 
f 966/6/844 963/6/844 962/6/844 
f 966/6/844 967/6/844 963/6/844 
f 968/6/949 964/6/949 965/6/949 
f 968/6/949 965/6/949 969/6/949 
f 970/6/844 967/6/844 966/6/844 
f 970/6/844 971/6/844 967/6/844 
f 972/6/949 968/6/949 969/6/949 
f 972/6/949 969/6/949 973/6/949 
f 974/6/844 971/6/844 970/6/844 
f 974/6/844 975/6/844 971/6/844 
f 976/6/949 972/6/949 973/6/949 
f 976/6/949 973/6/949 977/6/949 
f 978/6/844 975/6/844 974/6/844 
f 978/6/844 979/6/844 975/6/844 
f 980/6/949 976/6/949 977/6/949 
f 980/6/949 977/6/949 981/6/949 
f 982/6/844 979/6/844 978/6/844 
f 982/6/844 983/6/844 979/6/844 
f 984/6/949 980/6/949 981/6/949 
f 984/6/949 981/6/949 985/6/949 
f 986/6/844 983/6/844 982/6/844 
f 986/6/844 987/6/844 983/6/844 
f 988/6/949 984/6/949 985/6/949 
f 988/6/949 985/6/949 989/6/949 
f 990/6/844 987/6/844 986/6/844 
f 990/6/844 991/6/844 987/6/844 
f 992/6/949 988/6/949 989/6/949 
f 992/6/949 989/6/949 993/6/949 
f 868/6/844 991/6/844 990/6/844 
f 867/6/844 991/6/844 868/6/844 
f 871/6/949 992/6/949 993/6/949 
f 871/6/949 993/6/949 872/6/949 
f 871/6/950 866/6/951 868/6/950 
f 870/6/951 866/6/951 871/6/950 
f 872/6/952 867/6/952 869/6/953 
f 873/6/953 872/6/952 869/6/953 
f 870/6/951 874/6/954 866/6/951 
f 876/6/954 874/6/954 870/6/951 
f 873/6/953 869/6/953 875/6/955 
f 877/6/955 873/6/953 875/6/955 
f 876/6/954 878/6/956 874/6/954 
f 880/6/956 878/6/956 876/6/954 
f 877/6/955 875/6/955 879/6/957 
f 881/6/957 877/6/955 879/6/957 
f 880/6/956 882/6/958 878/6/956 
f 884/6/958 882/6/958 880/6/956 
f 881/6/957 879/6/957 883/6/959 
f 885/6/959 881/6/957 883/6/959 
f 886/6/960 882/6/958 884/6/958 
f 886/6/960 884/6/958 888/6/960 
f 887/6/961 885/6/959 883/6/959 
f 887/6/961 889/6/961 885/6/959 
f 890/6/962 886/6/960 888/6/960 
f 890/6/962 888/6/960 892/6/962 
f 891/6/963 889/6/961 887/6/961 
f 891/6/963 893/6/963 889/6/961 
f 894/6/964 890/6/962 892/6/962 
f 894/6/964 892/6/962 896/6/964 
f 895/6/965 893/6/963 891/6/963 
f 895/6/965 897/6/965 893/6/963 
f 898/6/966 894/6/964 896/6/964 
f 898/6/966 896/6/964 900/6/966 
f 899/6/967 897/6/965 895/6/965 
f 899/6/967 901/6/967 897/6/965 
f 902/6/968 898/6/966 900/6/966 
f 902/6/968 900/6/966 904/6/968 
f 903/6/969 901/6/967 899/6/967 
f 903/6/969 905/6/969 901/6/967 
f 906/6/970 902/6/968 904/6/968 
f 906/6/970 904/6/968 908/6/970 
f 907/6/971 905/6/969 903/6/969 
f 907/6/971 909/6/971 905/6/969 
f 910/6/972 906/6/970 908/6/970 
f 910/6/972 908/6/970 912/6/972 
f 911/6/973 909/6/971 907/6/971 
f 911/6/973 913/6/973 909/6/971 
f 914/6/974 910/6/972 912/6/972 
f 914/6/974 912/6/972 916/6/974 
f 915/6/975 913/6/973 911/6/973 
f 915/6/975 917/6/975 913/6/973 
f 916/6/974 918/6/976 914/6/974 
f 920/6/976 918/6/976 916/6/974 
f 917/6/975 915/6/975 919/6/977 
f 921/6/977 917/6/975 919/6/977 
f 920/6/976 922/6/978 918/6/976 
f 924/6/978 922/6/978 920/6/976 
f 921/6/977 919/6/977 923/6/979 
f 925/6/979 921/6/977 923/6/979 
f 924/6/978 926/6/980 922/6/978 
f 928/6/980 926/6/980 924/6/978 
f 925/6/979 923/6/979 927/6/981 
f 929/6/981 925/6/979 927/6/981 
f 928/6/980 930/6/952 926/6/980 
f 932/6/952 930/6/952 928/6/980 
f 929/6/981 927/6/981 931/6/950 
f 933/6/950 929/6/981 931/6/950 
f 932/6/952 934/6/953 930/6/952 
f 932/6/952 936/6/953 934/6/953 
f 933/6/950 931/6/950 935/6/951 
f 933/6/950 935/6/951 937/6/951 
f 936/6/953 938/6/955 934/6/953 
f 936/6/953 940/6/955 938/6/955 
f 937/6/951 935/6/951 939/6/954 
f 937/6/951 939/6/954 941/6/954 
f 940/6/955 942/6/957 938/6/955 
f 940/6/955 944/6/957 942/6/957 
f 941/6/954 939/6/954 943/6/956 
f 941/6/954 943/6/956 945/6/956 
f 944/6/957 946/6/959 942/6/957 
f 944/6/957 948/6/959 946/6/959 
f 945/6/956 943/6/956 947/6/958 
f 945/6/956 947/6/958 949/6/958 
f 946/6/959 948/6/959 950/6/961 
f 948/6/959 952/6/961 950/6/961 
f 947/6/958 951/6/960 949/6/958 
f 949/6/958 951/6/960 953/6/960 
f 950/6/961 952/6/961 954/6/963 
f 952/6/961 956/6/963 954/6/963 
f 951/6/960 955/6/962 953/6/960 
f 953/6/960 955/6/962 957/6/962 
f 954/6/963 956/6/963 958/6/965 
f 956/6/963 960/6/965 958/6/965 
f 955/6/962 959/6/964 957/6/962 
f 957/6/962 959/6/964 961/6/964 
f 958/6/965 960/6/965 962/6/967 
f 960/6/965 964/6/967 962/6/967 
f 959/6/964 963/6/966 961/6/964 
f 961/6/964 963/6/966 965/6/966 
f 962/6/967 964/6/967 966/6/969 
f 964/6/967 968/6/969 966/6/969 
f 963/6/966 967/6/968 965/6/966 
f 965/6/966 967/6/968 969/6/968 
f 966/6/969 968/6/969 970/6/971 
f 968/6/969 972/6/971 970/6/971 
f 967/6/968 971/6/970 969/6/968 
f 969/6/968 971/6/970 973/6/970 
f 970/6/971 972/6/971 974/6/973 
f 972/6/971 976/6/973 974/6/973 
f 971/6/970 975/6/972 973/6/970 
f 973/6/970 975/6/972 977/6/972 
f 974/6/973 976/6/973 978/6/975 
f 976/6/973 980/6/975 978/6/975 
f 975/6/972 979/6/974 977/6/972 
f 977/6/972 979/6/974 981/6/974 
f 980/6/975 982/6/977 978/6/975 
f 980/6/975 984/6/977 982/6/977 
f 981/6/974 979/6/974 983/6/976 
f 981/6/974 983/6/976 985/6/976 
f 984/6/977 986/6/979 982/6/977 
f 984/6/977 988/6/979 986/6/979 
f 985/6/976 983/6/976 987/6/978 
f 985/6/976 987/6/978 989/6/978 
f 988/6/979 990/6/981 986/6/979 
f 988/6/979 992/6/981 990/6/981 
f 989/6/978 987/6/978 991/6/980 
f 989/6/978 991/6/980 993/6/980 
f 992/6/981 868/6/950 990/6/981 
f 992/6/981 871/6/950 868/6/950 
f 993/6/980 991/6/980 867/6/952 
f 993/6/980 867/6/952 872/6/952 
f 994/6/982 995/6/982 996/6/982 
f 994/6/982 997/6/982 995/6/982 
f 998/6/983 995/6/983 997/6/983 
f 998/6/983 997/6/983 999/6/983 
f 1000/6/984 998/6/984 999/6/984 
f 1001/6/984 1000/6/984 999/6/984 
f 1000/6/985 1001/6/985 1002/6/985 
f 1002/6/985 1001/6/985 1003/6/985 
f 1003/6/986 996/6/986 1002/6/986 
f 1003/6/986 994/6/986 996/6/986 
f 1004/6/987 996/6/987 995/6/987 
f 1005/6/988 997/6/988 994/6/988 
f 998/6/987 1004/6/987 995/6/987 
f 999/6/988 997/6/988 1005/6/988 
f 1000/6/987 1004/6/987 998/6/987 
f 999/6/988 1005/6/988 1001/6/988 
f 1000/6/987 1002/6/987 1004/6/987 
f 1001/6/988 1005/6/988 1003/6/988 
f 1004/6/987 1002/6/987 996/6/987 
f 1005/6/988 994/6/988 1003/6/988 
f 1006/6/989 1007/6/990 1008/6/991 
f 1006/6/989 1009/6/992 1007/6/990 
f 1010/6/993 1007/6/994 1009/6/995 
f 1010/6/993 1009/6/995 1011/6/996 
f 1011/6/997 1012/6/997 1010/6/997 
f 1013/6/997 1012/6/997 1011/6/997 
f 1013/6/998 1014/6/999 1012/6/999 
f 1015/6/1000 1014/6/999 1013/6/998 
f 1014/6/1001 1015/6/1002 1008/6/1003 
f 1008/6/1003 1015/6/1002 1006/6/1004 
f 1016/6/1005 1009/6/1006 1006/6/1007 
f 1016/6/1005 1017/6/1008 1009/6/1006 
f 1011/6/1009 1009/6/1010 1017/6/1011 
f 1011/6/1009 1017/6/1011 1018/6/1012 
f 1013/6/1013 1011/6/1013 1018/6/1014 
f 1019/6/1015 1013/6/1013 1018/6/1014 
f 1013/6/998 1019/6/1016 1015/6/1000 
f 1019/6/1016 1020/6/1017 1015/6/1000 
f 1015/6/1018 1020/6/1019 1006/6/1020 
f 1006/6/1020 1020/6/1019 1016/6/1021 
f 1016/6/1005 1021/6/1022 1017/6/1008 
f 1017/6/1008 1021/6/1022 1022/6/1022 
f 1018/6/1012 1017/6/1011 1022/6/1023 
f 1018/6/1012 1022/6/1023 1023/6/1023 
f 1023/6/1024 1019/6/1015 1018/6/1014 
f 1024/6/1024 1019/6/1015 1023/6/1024 
f 1020/6/1017 1019/6/1016 1024/6/1025 
f 1020/6/1017 1024/6/1025 1025/6/1025 
f 1025/6/1026 1016/6/1026 1020/6/1026 
f 1025/6/1026 1021/6/1026 1016/6/1026 
f 1026/6/1027 1027/6/1028 1028/6/1029 
f 1026/6/1027 1028/6/1029 1029/6/1030 
f 1030/6/1031 1029/6/1032 1028/6/1033 
f 1030/6/1031 1031/6/1034 1029/6/1032 
f 1031/6/1035 1030/6/1035 1032/6/1035 
f 1033/6/1035 1031/6/1035 1032/6/1035 
f 1033/6/1036 1032/6/1037 1034/6/1037 
f 1035/6/1038 1033/6/1036 1034/6/1037 
f 1034/6/1039 1027/6/1040 1035/6/1041 
f 1027/6/1040 1026/6/1042 1035/6/1041 
f 1026/6/1043 1029/6/1044 1036/6/1045 
f 1029/6/1044 1037/6/1046 1036/6/1045 
f 1031/6/1047 1037/6/1048 1029/6/1049 
f 1031/6/1047 1038/6/1050 1037/6/1048 
f 1031/6/1051 1033/6/1051 1038/6/1052 
f 1038/6/1052 1033/6/1051 1039/6/1053 
f 1033/6/1036 1035/6/1038 1039/6/1054 
f 1039/6/1054 1035/6/1038 1040/6/1055 
f 1035/6/1056 1026/6/1057 1040/6/1058 
f 1026/6/1057 1036/6/1059 1040/6/1058 
f 1036/6/1045 1037/6/1046 1041/6/1060 
f 1037/6/1046 1042/6/1060 1041/6/1060 
f 1038/6/1050 1042/6/1061 1037/6/1048 
f 1038/6/1050 1043/6/1061 1042/6/1061 
f 1038/6/1052 1039/6/1053 1043/6/1062 
f 1039/6/1053 1044/6/1062 1043/6/1062 
f 1040/6/1055 1044/6/1063 1039/6/1054 
f 1040/6/1055 1045/6/1063 1044/6/1063 
f 1036/6/1064 1045/6/1064 1040/6/1064 
f 1036/6/1064 1041/6/1064 1045/6/1064 
usemtl Material_5
f 1046/6/1065 1047/6/1065 1048/6/1065 
f 1049/6/1065 1047/6/1065 1046/6/1065 
f 1050/6/1066 1047/6/1066 1049/6/1066 
f 1051/6/1066 1050/6/1066 1049/6/1066 
f 1051/6/1067 1052/6/1067 1050/6/1067 
f 1053/6/1067 1052/6/1067 1051/6/1067 
f 1053/6/1068 1054/6/1068 1052/6/1068 
f 1053/6/1068 1055/6/1068 1054/6/1068 
f 1055/6/1069 1048/6/1069 1054/6/1069 
f 1046/6/1069 1048/6/1069 1055/6/1069 
f 1056/6/1070 1057/6/1071 1058/6/1072 
f 1056/6/1070 1059/6/1073 1057/6/1071 
f 1060/6/1074 1059/6/1074 1056/6/1074 
f 1061/6/1075 1060/6/1076 1056/6/1077 
f 1061/6/1075 1062/6/1078 1060/6/1076 
f 1063/6/1079 1062/6/1078 1061/6/1075 
f 1064/6/1080 1063/6/1079 1061/6/1075 
f 1065/6/1081 1063/6/1079 1064/6/1080 
f 1066/6/1082 1065/6/1081 1064/6/1080 
f 1067/6/1083 1065/6/1083 1066/6/1083 
f 1068/6/1084 1067/6/1084 1066/6/1084 
f 1069/6/1085 1067/6/1086 1068/6/1087 
f 1069/6/1085 1068/6/1087 1070/6/1088 
f 1071/6/1089 1069/6/1085 1070/6/1088 
f 1071/6/1089 1070/6/1088 1072/6/1090 
f 1073/6/1091 1071/6/1089 1072/6/1090 
f 1073/6/1091 1072/6/1090 1074/6/1092 
f 1075/6/1093 1073/6/1091 1074/6/1092 
f 1075/6/1093 1074/6/1092 1076/6/1094 
f 1075/6/1093 1076/6/1094 1077/6/1095 
f 1077/6/1095 1076/6/1094 1078/6/1096 
f 1077/6/1095 1078/6/1096 1079/6/1097 
f 1079/6/1098 1078/6/1099 1080/6/1100 
f 1079/6/1098 1080/6/1100 1081/6/1101 
f 1081/6/1101 1080/6/1100 1082/6/1102 
f 1081/6/1101 1082/6/1102 1083/6/1103 
f 1082/6/1102 1084/6/1104 1083/6/1103 
f 1083/6/1103 1084/6/1104 1085/6/1105 
f 1084/6/1104 1086/6/1106 1085/6/1105 
f 1085/6/1105 1086/6/1106 1087/6/1107 
f 1086/6/1106 1088/6/1108 1087/6/1107 
f 1087/6/1107 1088/6/1108 1089/6/1109 
f 1088/6/1108 1090/6/1110 1089/6/1109 
f 1089/6/1109 1090/6/1110 1091/6/1111 
f 1090/6/1110 1092/6/1112 1091/6/1111 
f 1092/6/1112 1093/6/1113 1091/6/1111 
f 1092/6/1112 1094/6/1114 1093/6/1113 
f 1093/6/1115 1094/6/1115 1095/6/1115 
f 1096/6/1116 1097/6/1116 1098/6/1116 
f 1099/6/1117 1096/6/1118 1098/6/1119 
f 1100/6/1117 1096/6/1118 1099/6/1117 
f 1101/6/1120 1100/6/1117 1099/6/1117 
f 1102/6/1121 1100/6/1117 1101/6/1120 
f 1103/6/1122 1102/6/1121 1101/6/1120 
f 1104/6/1123 1102/6/1121 1103/6/1122 
f 1105/6/1124 1104/6/1123 1103/6/1122 
f 1106/6/1125 1104/6/1123 1105/6/1124 
f 1107/6/1126 1106/6/1125 1105/6/1124 
f 1107/6/1126 1108/6/1127 1106/6/1125 
f 1109/6/1128 1108/6/1127 1107/6/1126 
f 1110/6/1129 1108/6/1127 1109/6/1128 
f 1110/6/1129 1109/6/1128 1111/6/1130 
f 1112/6/1131 1110/6/1129 1111/6/1130 
f 1113/6/1132 1114/6/1133 1115/6/1134 
f 1113/6/1132 1115/6/1134 1116/6/1135 
f 1113/6/1132 1116/6/1135 1117/6/1136 
f 1117/6/1136 1116/6/1135 1118/6/1137 
f 1117/6/1136 1118/6/1137 1119/6/1138 
f 1119/6/1138 1118/6/1137 1120/6/1139 
f 1119/6/1138 1120/6/1139 1121/6/1140 
f 1121/6/1140 1120/6/1139 1122/6/1141 
f 1122/6/1141 1123/6/1142 1121/6/1140 
f 1122/6/1141 1124/6/1143 1123/6/1142 
f 1124/6/1143 1125/6/1144 1123/6/1142 
f 1124/6/1143 1126/6/1145 1125/6/1144 
f 1126/6/1145 1127/6/1146 1125/6/1144 
f 1126/6/1145 1128/6/1147 1127/6/1146 
f 1128/6/1147 1129/6/1148 1127/6/1146 
f 1128/6/1147 1130/6/1149 1129/6/1148 
f 1114/6/1133 1112/6/1131 1111/6/1130 
f 1114/6/1133 1111/6/1130 1115/6/1134 
f 1131/6/1150 1099/6/1151 1098/6/1152 
f 1131/6/1150 1101/6/1153 1099/6/1151 
f 1131/6/1150 1103/6/1154 1101/6/1153 
f 1131/6/1150 1105/6/1155 1103/6/1154 
f 1131/6/1150 1107/6/1156 1105/6/1155 
f 1131/6/1150 1109/6/1157 1107/6/1156 
f 1131/6/1150 1111/6/1158 1109/6/1157 
f 1131/6/1150 1115/6/1159 1111/6/1158 
f 1116/6/1160 1115/6/1159 1131/6/1150 
f 1118/6/1161 1116/6/1160 1131/6/1150 
f 1120/6/1162 1118/6/1161 1131/6/1150 
f 1122/6/1163 1120/6/1162 1131/6/1150 
f 1124/6/1164 1122/6/1163 1131/6/1150 
f 1126/6/1165 1124/6/1164 1131/6/1150 
f 1128/6/1166 1126/6/1165 1131/6/1150 
f 1130/6/1167 1128/6/1166 1131/6/1150 
f 1132/6/1168 1056/6/1169 1058/6/1170 
f 1132/6/1168 1061/6/1171 1056/6/1169 
f 1132/6/1168 1064/6/1172 1061/6/1171 
f 1132/6/1168 1066/6/1173 1064/6/1172 
f 1132/6/1168 1068/6/1174 1066/6/1173 
f 1132/6/1168 1070/6/1175 1068/6/1174 
f 1132/6/1168 1072/6/1176 1070/6/1175 
f 1132/6/1168 1074/6/1177 1072/6/1176 
f 1076/6/1178 1074/6/1177 1132/6/1168 
f 1078/6/1179 1076/6/1178 1132/6/1168 
f 1080/6/1180 1078/6/1179 1132/6/1168 
f 1082/6/1181 1080/6/1180 1132/6/1168 
f 1084/6/1182 1082/6/1181 1132/6/1168 
f 1086/6/1183 1084/6/1182 1132/6/1168 
f 1088/6/1184 1086/6/1183 1132/6/1168 
f 1090/6/1185 1088/6/1184 1132/6/1168 
f 1092/6/1186 1090/6/1185 1132/6/1168 
f 1094/6/1187 1092/6/1186 1132/6/1168 
f 1133/6/1188 1134/6/1189 1135/6/1190 
f 1133/6/1188 1135/6/1190 1136/6/1191 
f 1133/6/1192 1136/6/1192 1137/6/1192 
f 1138/6/1193 1133/6/1194 1137/6/1195 
f 1138/6/1193 1137/6/1195 1139/6/1196 
f 1140/6/1197 1138/6/1193 1139/6/1196 
f 1141/6/1198 1138/6/1193 1140/6/1197 
f 1142/6/1199 1141/6/1198 1140/6/1197 
f 1143/6/1200 1141/6/1198 1142/6/1199 
f 1144/6/1201 1143/6/1201 1142/6/1201 
f 1145/6/1202 1143/6/1202 1144/6/1202 
f 1145/6/1203 1144/6/1204 1146/6/1205 
f 1145/6/1203 1146/6/1205 1147/6/1206 
f 1147/6/1206 1146/6/1205 1148/6/1207 
f 1147/6/1206 1148/6/1207 1149/6/1208 
f 1149/6/1208 1148/6/1207 1150/6/1209 
f 1149/6/1208 1150/6/1209 1151/6/1210 
f 1151/6/1210 1150/6/1209 1152/6/1211 
f 1151/6/1210 1152/6/1211 1153/6/1212 
f 1153/6/1212 1152/6/1211 1154/6/1213 
f 1153/6/1212 1154/6/1213 1155/6/1214 
f 1155/6/1214 1154/6/1213 1156/6/1215 
f 1155/6/1216 1156/6/1217 1157/6/1218 
f 1157/6/1218 1156/6/1217 1158/6/1219 
f 1157/6/1218 1158/6/1219 1159/6/1220 
f 1159/6/1220 1158/6/1219 1160/6/1221 
f 1159/6/1220 1160/6/1221 1161/6/1222 
f 1160/6/1221 1162/6/1223 1161/6/1222 
f 1161/6/1222 1162/6/1223 1163/6/1224 
f 1162/6/1223 1164/6/1225 1163/6/1224 
f 1163/6/1224 1164/6/1225 1165/6/1226 
f 1164/6/1225 1166/6/1227 1165/6/1226 
f 1165/6/1226 1166/6/1227 1167/6/1228 
f 1166/6/1227 1168/6/1229 1167/6/1228 
f 1167/6/1228 1168/6/1229 1169/6/1230 
f 1169/6/1230 1168/6/1229 1170/6/1231 
f 1169/6/1230 1170/6/1231 1171/6/1232 
f 1171/6/1233 1170/6/1233 1172/6/1233 
f 1173/6/1234 1174/6/1234 1175/6/1234 
f 1176/6/1235 1174/6/1236 1173/6/1237 
f 1177/6/1235 1176/6/1235 1173/6/1237 
f 1178/6/1238 1176/6/1235 1177/6/1235 
f 1179/6/1239 1178/6/1238 1177/6/1235 
f 1180/6/1240 1178/6/1238 1179/6/1239 
f 1181/6/1241 1180/6/1240 1179/6/1239 
f 1182/6/1242 1180/6/1240 1181/6/1241 
f 1183/6/1243 1182/6/1242 1181/6/1241 
f 1184/6/1244 1182/6/1242 1183/6/1243 
f 1184/6/1244 1183/6/1243 1185/6/1245 
f 1186/6/1246 1184/6/1244 1185/6/1245 
f 1187/6/1247 1186/6/1246 1185/6/1245 
f 1186/6/1246 1187/6/1247 1188/6/1248 
f 1188/6/1248 1187/6/1247 1189/6/1249 
f 1190/6/1250 1191/6/1251 1192/6/1252 
f 1190/6/1250 1192/6/1252 1193/6/1253 
f 1193/6/1253 1192/6/1252 1194/6/1254 
f 1193/6/1253 1194/6/1254 1195/6/1255 
f 1195/6/1255 1194/6/1254 1196/6/1256 
f 1195/6/1255 1196/6/1256 1197/6/1257 
f 1196/6/1256 1198/6/1258 1197/6/1257 
f 1197/6/1257 1198/6/1258 1199/6/1259 
f 1199/6/1259 1198/6/1258 1200/6/1260 
f 1199/6/1259 1200/6/1260 1201/6/1261 
f 1201/6/1261 1200/6/1260 1202/6/1262 
f 1201/6/1261 1202/6/1262 1203/6/1263 
f 1203/6/1263 1202/6/1262 1204/6/1264 
f 1203/6/1263 1204/6/1264 1205/6/1265 
f 1205/6/1265 1204/6/1264 1206/6/1266 
f 1205/6/1265 1206/6/1266 1207/6/1267 
f 1188/6/1248 1189/6/1249 1191/6/1251 
f 1188/6/1248 1191/6/1251 1190/6/1250 
f 1208/6/1268 1174/6/1269 1176/6/1270 
f 1208/6/1268 1176/6/1270 1178/6/1271 
f 1208/6/1268 1178/6/1271 1180/6/1272 
f 1208/6/1268 1180/6/1272 1182/6/1273 
f 1208/6/1268 1182/6/1273 1184/6/1274 
f 1208/6/1268 1184/6/1274 1186/6/1275 
f 1208/6/1268 1186/6/1275 1188/6/1276 
f 1208/6/1268 1188/6/1276 1190/6/1277 
f 1193/6/1278 1208/6/1268 1190/6/1277 
f 1195/6/1279 1208/6/1268 1193/6/1278 
f 1197/6/1280 1208/6/1268 1195/6/1279 
f 1199/6/1281 1208/6/1268 1197/6/1280 
f 1201/6/1282 1208/6/1268 1199/6/1281 
f 1203/6/1283 1208/6/1268 1201/6/1282 
f 1205/6/1284 1208/6/1268 1203/6/1283 
f 1207/6/1285 1208/6/1268 1205/6/1284 
f 1209/6/1286 1134/6/1287 1133/6/1288 
f 1209/6/1286 1133/6/1288 1138/6/1289 
f 1209/6/1286 1138/6/1289 1141/6/1290 
f 1209/6/1286 1141/6/1290 1143/6/1291 
f 1209/6/1286 1143/6/1291 1145/6/1292 
f 1209/6/1286 1145/6/1292 1147/6/1293 
f 1209/6/1286 1147/6/1293 1149/6/1294 
f 1209/6/1286 1149/6/1294 1151/6/1295 
f 1153/6/1296 1209/6/1286 1151/6/1295 
f 1155/6/1297 1209/6/1286 1153/6/1296 
f 1157/6/1298 1209/6/1286 1155/6/1297 
f 1159/6/1299 1209/6/1286 1157/6/1298 
f 1161/6/1300 1209/6/1286 1159/6/1299 
f 1163/6/1301 1209/6/1286 1161/6/1300 
f 1165/6/1302 1209/6/1286 1163/6/1301 
f 1167/6/1303 1209/6/1286 1165/6/1302 
f 1169/6/1304 1209/6/1286 1167/6/1303 
f 1171/6/1305 1209/6/1286 1169/6/1304 
f 1171/6/1306 1172/6/1307 1210/6/1308 
f 1171/6/1306 1210/6/1308 1211/6/1309 
f 1171/6/1306 1211/6/1309 1212/6/1310 
f 1171/6/1306 1212/6/1310 1174/6/1311 
f 1174/6/1311 1213/6/1312 1175/6/1313 
f 1174/6/1311 1212/6/1310 1213/6/1312 
f 1098/6/1311 1094/6/1314 1171/6/1306 
f 1098/6/1311 1171/6/1306 1174/6/1311 
f 1132/6/1315 1209/6/1315 1171/6/1306 
f 1094/6/1314 1132/6/1315 1171/6/1306 
f 1058/6/1316 1134/6/1316 1209/6/1315 
f 1058/6/1316 1209/6/1315 1132/6/1315 
f 1098/6/1317 1174/6/1317 1208/6/1317 
f 1098/6/1317 1208/6/1317 1131/6/1317 
f 1130/6/1318 1208/6/1318 1207/6/1318 
f 1130/6/1318 1131/6/1318 1208/6/1318 
f 1095/6/1319 1094/6/1314 1214/6/1320 
f 1214/6/1320 1094/6/1314 1215/6/1321 
f 1215/6/1321 1094/6/1314 1216/6/1322 
f 1216/6/1322 1094/6/1314 1098/6/1311 
f 1097/6/1323 1217/6/1324 1098/6/1311 
f 1217/6/1324 1216/6/1322 1098/6/1311 
f 1218/6/1325 1219/6/1325 1220/6/1325 
f 1221/6/1325 1219/6/1325 1218/6/1325 
f 1222/6/1326 1219/6/1326 1221/6/1326 
f 1222/6/1326 1221/6/1326 1223/6/1326 
f 1224/6/1327 1222/6/1327 1223/6/1327 
f 1225/6/1327 1224/6/1327 1223/6/1327 
f 1225/6/1328 1226/6/1328 1224/6/1328 
f 1227/6/1328 1226/6/1328 1225/6/1328 
f 1227/6/1329 1228/6/1329 1226/6/1329 
f 1229/6/1329 1228/6/1329 1227/6/1329 
f 1229/6/1330 1230/6/1330 1228/6/1330 
f 1229/6/1330 1231/6/1330 1230/6/1330 
f 1231/6/1331 1232/6/1331 1230/6/1331 
f 1231/6/1331 1233/6/1331 1232/6/1331 
f 1233/6/1332 1220/6/1332 1232/6/1332 
f 1218/6/1332 1220/6/1332 1233/6/1332 
f 1234/6/1333 1221/6/1333 1218/6/1333 
f 1234/6/1333 1235/6/1333 1221/6/1333 
f 1221/6/1334 1235/6/1334 1223/6/1334 
f 1223/6/1334 1235/6/1334 1236/6/1334 
f 1225/6/1335 1223/6/1335 1236/6/1335 
f 1225/6/1335 1236/6/1335 1237/6/1335 
f 1227/6/1336 1225/6/1336 1237/6/1336 
f 1238/6/1336 1227/6/1336 1237/6/1336 
f 1229/6/1337 1227/6/1337 1238/6/1337 
f 1239/6/1337 1229/6/1337 1238/6/1337 
f 1239/6/1338 1231/6/1338 1229/6/1338 
f 1240/6/1338 1231/6/1338 1239/6/1338 
f 1240/6/1339 1233/6/1339 1231/6/1339 
f 1240/6/1339 1241/6/1339 1233/6/1339 
f 1241/6/1340 1218/6/1340 1233/6/1340 
f 1241/6/1340 1234/6/1340 1218/6/1340 
f 1242/6/1341 1235/6/1341 1234/6/1341 
f 1243/6/1341 1235/6/1341 1242/6/1341 
f 1236/6/1342 1235/6/1342 1243/6/1342 
f 1236/6/1342 1243/6/1342 1244/6/1342 
f 1237/6/1343 1236/6/1343 1244/6/1343 
f 1237/6/1343 1244/6/1343 1245/6/1343 
f 1245/6/1344 1238/6/1344 1237/6/1344 
f 1246/6/1344 1238/6/1344 1245/6/1344 
f 1246/6/1345 1239/6/1345 1238/6/1345 
f 1247/6/1345 1239/6/1345 1246/6/1345 
f 1247/6/1346 1240/6/1346 1239/6/1346 
f 1247/6/1346 1248/6/1346 1240/6/1346 
f 1248/6/1347 1241/6/1347 1240/6/1347 
f 1248/6/1347 1249/6/1347 1241/6/1347 
f 1249/6/1348 1234/6/1348 1241/6/1348 
f 1242/6/1348 1234/6/1348 1249/6/1348 
f 1250/6/1349 1243/6/1349 1242/6/1349 
f 1251/6/1349 1243/6/1349 1250/6/1349 
f 1244/6/1350 1243/6/1350 1251/6/1350 
f 1244/6/1350 1251/6/1350 1252/6/1350 
f 1245/6/1351 1244/6/1351 1252/6/1351 
f 1245/6/1351 1252/6/1351 1253/6/1351 
f 1253/6/1352 1246/6/1352 1245/6/1352 
f 1254/6/1352 1246/6/1352 1253/6/1352 
f 1254/6/1353 1247/6/1353 1246/6/1353 
f 1255/6/1353 1247/6/1353 1254/6/1353 
f 1247/6/1354 1255/6/1354 1248/6/1354 
f 1255/6/1354 1256/6/1354 1248/6/1354 
f 1256/6/1355 1249/6/1355 1248/6/1355 
f 1256/6/1355 1257/6/1355 1249/6/1355 
f 1257/6/1356 1242/6/1356 1249/6/1356 
f 1250/6/1356 1242/6/1356 1257/6/1356 
f 1258/6/1357 1251/6/1357 1250/6/1357 
f 1259/6/1357 1251/6/1357 1258/6/1357 
f 1252/6/1358 1251/6/1358 1259/6/1358 
f 1252/6/1358 1259/6/1358 1260/6/1358 
f 1253/6/1359 1252/6/1359 1260/6/1359 
f 1253/6/1359 1260/6/1359 1261/6/1359 
f 1261/6/1360 1254/6/1360 1253/6/1360 
f 1262/6/1360 1254/6/1360 1261/6/1360 
f 1262/6/1361 1255/6/1361 1254/6/1361 
f 1263/6/1361 1255/6/1361 1262/6/1361 
f 1255/6/1362 1263/6/1362 1256/6/1362 
f 1263/6/1362 1264/6/1362 1256/6/1362 
f 1264/6/1363 1257/6/1363 1256/6/1363 
f 1264/6/1363 1265/6/1363 1257/6/1363 
f 1265/6/1364 1250/6/1364 1257/6/1364 
f 1258/6/1364 1250/6/1364 1265/6/1364 
f 1128/6/1365 1207/6/1366 1205/6/1365 
f 1128/6/1365 1130/6/1366 1207/6/1366 
f 1126/6/1367 1205/6/1365 1203/6/1367 
f 1126/6/1367 1128/6/1365 1205/6/1365 
f 1124/6/1368 1203/6/1367 1201/6/1368 
f 1124/6/1368 1126/6/1367 1203/6/1367 
f 1122/6/1369 1201/6/1368 1199/6/1369 
f 1122/6/1369 1124/6/1368 1201/6/1368 
f 1120/6/1370 1199/6/1370 1197/6/1370 
f 1122/6/1370 1199/6/1370 1120/6/1370 
f 1266/6/1371 1267/6/1371 1268/6/1372 
f 1268/6/1372 1267/6/1371 1269/6/1372 
f 1268/6/1372 1269/6/1372 1270/6/1373 
f 1270/6/1373 1269/6/1372 1271/6/1373 
f 1270/6/1373 1271/6/1373 1272/6/1374 
f 1272/6/1374 1271/6/1373 1273/6/1374 
usemtl Material_4
f 552/6/1375 551/6/1375 1274/6/1375 
f 553/6/1375 552/6/1375 1274/6/1375 
f 553/6/1375 1274/6/1375 554/6/1375 
f 554/6/1375 1274/6/1375 555/6/1375 
f 1274/6/1375 556/6/1375 555/6/1375 
f 1274/6/1375 557/6/1375 556/6/1375 
f 1274/6/1375 558/6/1375 557/6/1375 
f 551/6/1375 558/6/1375 1274/6/1375 
f 616/6/1375 1275/6/1375 615/6/1375 
f 617/6/1375 1275/6/1375 616/6/1375 
f 617/6/1375 618/6/1375 1275/6/1375 
f 618/6/1375 619/6/1375 1275/6/1375 
f 619/6/1375 620/6/1375 1275/6/1375 
f 1275/6/1375 620/6/1375 621/6/1375 
f 1275/6/1375 621/6/1375 622/6/1375 
f 1275/6/1375 622/6/1375 615/6/1375 
usemtl Material_28
f 1276/6/844 1277/6/844 1278/6/844 
f 1279/6/844 1277/6/844 1276/6/844 
f 1280/6/949 1281/6/949 1282/6/949 
f 1283/6/949 1280/6/949 1282/6/949 
f 1284/6/844 1279/6/844 1276/6/844 
f 1285/6/844 1279/6/844 1284/6/844 
f 1286/6/949 1280/6/949 1283/6/949 
f 1287/6/949 1286/6/949 1283/6/949 
f 1285/6/844 1284/6/844 1288/6/844 
f 1289/6/844 1285/6/844 1288/6/844 
f 1287/6/949 1290/6/949 1286/6/949 
f 1291/6/949 1290/6/949 1287/6/949 
f 1289/6/844 1288/6/844 1292/6/844 
f 1293/6/844 1289/6/844 1292/6/844 
f 1291/6/949 1294/6/949 1290/6/949 
f 1295/6/949 1294/6/949 1291/6/949 
f 1293/6/844 1292/6/844 1296/6/844 
f 1297/6/844 1293/6/844 1296/6/844 
f 1295/6/949 1298/6/949 1294/6/949 
f 1299/6/949 1298/6/949 1295/6/949 
f 1297/6/844 1296/6/844 1300/6/844 
f 1301/6/844 1297/6/844 1300/6/844 
f 1299/6/949 1302/6/949 1298/6/949 
f 1303/6/949 1302/6/949 1299/6/949 
f 1301/6/844 1300/6/844 1304/6/844 
f 1305/6/844 1301/6/844 1304/6/844 
f 1303/6/949 1306/6/949 1302/6/949 
f 1307/6/949 1306/6/949 1303/6/949 
f 1305/6/844 1304/6/844 1308/6/844 
f 1309/6/844 1305/6/844 1308/6/844 
f 1307/6/949 1310/6/949 1306/6/949 
f 1311/6/949 1310/6/949 1307/6/949 
f 1309/6/844 1308/6/844 1312/6/844 
f 1309/6/844 1312/6/844 1313/6/844 
f 1311/6/949 1314/6/949 1310/6/949 
f 1311/6/949 1315/6/949 1314/6/949 
f 1313/6/844 1312/6/844 1316/6/844 
f 1313/6/844 1316/6/844 1317/6/844 
f 1315/6/949 1318/6/949 1314/6/949 
f 1315/6/949 1319/6/949 1318/6/949 
f 1317/6/844 1316/6/844 1320/6/844 
f 1317/6/844 1320/6/844 1321/6/844 
f 1319/6/949 1322/6/949 1318/6/949 
f 1319/6/949 1323/6/949 1322/6/949 
f 1321/6/844 1320/6/844 1324/6/844 
f 1321/6/844 1324/6/844 1325/6/844 
f 1323/6/949 1326/6/949 1322/6/949 
f 1323/6/949 1327/6/949 1326/6/949 
f 1325/6/844 1324/6/844 1328/6/844 
f 1325/6/844 1328/6/844 1329/6/844 
f 1327/6/949 1330/6/949 1326/6/949 
f 1327/6/949 1331/6/949 1330/6/949 
f 1329/6/844 1328/6/844 1332/6/844 
f 1329/6/844 1332/6/844 1333/6/844 
f 1331/6/949 1334/6/949 1330/6/949 
f 1331/6/949 1335/6/949 1334/6/949 
f 1333/6/844 1332/6/844 1336/6/844 
f 1333/6/844 1336/6/844 1337/6/844 
f 1335/6/949 1338/6/949 1334/6/949 
f 1335/6/949 1339/6/949 1338/6/949 
f 1337/6/844 1336/6/844 1340/6/844 
f 1337/6/844 1340/6/844 1341/6/844 
f 1339/6/949 1342/6/949 1338/6/949 
f 1339/6/949 1343/6/949 1342/6/949 
f 1340/6/844 1344/6/844 1341/6/844 
f 1341/6/844 1344/6/844 1345/6/844 
f 1343/6/949 1346/6/949 1342/6/949 
f 1343/6/949 1347/6/949 1346/6/949 
f 1344/6/844 1348/6/844 1345/6/844 
f 1345/6/844 1348/6/844 1349/6/844 
f 1346/6/949 1347/6/949 1350/6/949 
f 1347/6/949 1351/6/949 1350/6/949 
f 1348/6/844 1352/6/844 1349/6/844 
f 1352/6/844 1353/6/844 1349/6/844 
f 1350/6/949 1351/6/949 1354/6/949 
f 1354/6/949 1351/6/949 1355/6/949 
f 1352/6/844 1356/6/844 1353/6/844 
f 1356/6/844 1357/6/844 1353/6/844 
f 1354/6/949 1355/6/949 1358/6/949 
f 1358/6/949 1355/6/949 1359/6/949 
f 1356/6/844 1360/6/844 1357/6/844 
f 1360/6/844 1361/6/844 1357/6/844 
f 1358/6/949 1359/6/949 1362/6/949 
f 1362/6/949 1359/6/949 1363/6/949 
f 1360/6/844 1364/6/844 1361/6/844 
f 1364/6/844 1365/6/844 1361/6/844 
f 1362/6/949 1363/6/949 1366/6/949 
f 1366/6/949 1363/6/949 1367/6/949 
f 1364/6/844 1368/6/844 1365/6/844 
f 1368/6/844 1369/6/844 1365/6/844 
f 1366/6/949 1367/6/949 1370/6/949 
f 1370/6/949 1367/6/949 1371/6/949 
f 1368/6/844 1372/6/844 1369/6/844 
f 1372/6/844 1373/6/844 1369/6/844 
f 1370/6/949 1371/6/949 1374/6/949 
f 1374/6/949 1371/6/949 1375/6/949 
f 1376/6/844 1373/6/844 1372/6/844 
f 1376/6/844 1377/6/844 1373/6/844 
f 1378/6/949 1374/6/949 1375/6/949 
f 1378/6/949 1375/6/949 1379/6/949 
f 1380/6/844 1377/6/844 1376/6/844 
f 1380/6/844 1381/6/844 1377/6/844 
f 1382/6/949 1378/6/949 1379/6/949 
f 1382/6/949 1379/6/949 1383/6/949 
f 1384/6/844 1381/6/844 1380/6/844 
f 1384/6/844 1385/6/844 1381/6/844 
f 1386/6/949 1382/6/949 1383/6/949 
f 1386/6/949 1383/6/949 1387/6/949 
f 1388/6/844 1385/6/844 1384/6/844 
f 1388/6/844 1389/6/844 1385/6/844 
f 1390/6/949 1386/6/949 1387/6/949 
f 1390/6/949 1387/6/949 1391/6/949 
f 1392/6/844 1389/6/844 1388/6/844 
f 1392/6/844 1393/6/844 1389/6/844 
f 1394/6/949 1390/6/949 1391/6/949 
f 1394/6/949 1391/6/949 1395/6/949 
f 1396/6/844 1393/6/844 1392/6/844 
f 1396/6/844 1397/6/844 1393/6/844 
f 1398/6/949 1394/6/949 1395/6/949 
f 1398/6/949 1395/6/949 1399/6/949 
f 1400/6/844 1397/6/844 1396/6/844 
f 1400/6/844 1401/6/844 1397/6/844 
f 1402/6/949 1398/6/949 1399/6/949 
f 1402/6/949 1399/6/949 1403/6/949 
f 1278/6/844 1401/6/844 1400/6/844 
f 1277/6/844 1401/6/844 1278/6/844 
f 1281/6/949 1402/6/949 1403/6/949 
f 1281/6/949 1403/6/949 1282/6/949 
f 1281/6/950 1276/6/951 1278/6/950 
f 1280/6/951 1276/6/951 1281/6/950 
f 1282/6/952 1277/6/952 1279/6/953 
f 1283/6/953 1282/6/952 1279/6/953 
f 1280/6/951 1284/6/1376 1276/6/951 
f 1286/6/1376 1284/6/1376 1280/6/951 
f 1283/6/953 1279/6/953 1285/6/955 
f 1287/6/955 1283/6/953 1285/6/955 
f 1286/6/1376 1288/6/956 1284/6/1376 
f 1290/6/956 1288/6/956 1286/6/1376 
f 1287/6/955 1285/6/955 1289/6/957 
f 1291/6/957 1287/6/955 1289/6/957 
f 1290/6/956 1292/6/958 1288/6/956 
f 1294/6/958 1292/6/958 1290/6/956 
f 1291/6/957 1289/6/957 1293/6/959 
f 1295/6/959 1291/6/957 1293/6/959 
f 1296/6/960 1292/6/958 1294/6/958 
f 1296/6/960 1294/6/958 1298/6/960 
f 1297/6/1377 1295/6/959 1293/6/959 
f 1297/6/1377 1299/6/1377 1295/6/959 
f 1300/6/962 1296/6/960 1298/6/960 
f 1300/6/962 1298/6/960 1302/6/962 
f 1301/6/963 1299/6/1377 1297/6/1377 
f 1301/6/963 1303/6/963 1299/6/1377 
f 1304/6/964 1300/6/962 1302/6/962 
f 1304/6/964 1302/6/962 1306/6/964 
f 1305/6/965 1303/6/963 1301/6/963 
f 1305/6/965 1307/6/965 1303/6/963 
f 1308/6/966 1304/6/964 1306/6/964 
f 1308/6/966 1306/6/964 1310/6/966 
f 1309/6/967 1307/6/965 1305/6/965 
f 1309/6/967 1311/6/967 1307/6/965 
f 1312/6/968 1308/6/966 1310/6/966 
f 1312/6/968 1310/6/966 1314/6/968 
f 1313/6/969 1311/6/967 1309/6/967 
f 1313/6/969 1315/6/969 1311/6/967 
f 1316/6/1378 1312/6/968 1314/6/968 
f 1316/6/1378 1314/6/968 1318/6/1378 
f 1317/6/1379 1315/6/969 1313/6/969 
f 1317/6/1379 1319/6/1379 1315/6/969 
f 1320/6/972 1316/6/1378 1318/6/1378 
f 1320/6/972 1318/6/1378 1322/6/972 
f 1321/6/973 1319/6/1379 1317/6/1379 
f 1321/6/973 1323/6/973 1319/6/1379 
f 1324/6/1380 1320/6/972 1322/6/972 
f 1324/6/1380 1322/6/972 1326/6/1380 
f 1325/6/1381 1323/6/973 1321/6/973 
f 1325/6/1381 1327/6/1381 1323/6/973 
f 1326/6/1380 1328/6/976 1324/6/1380 
f 1330/6/976 1328/6/976 1326/6/1380 
f 1327/6/1381 1325/6/1381 1329/6/977 
f 1331/6/977 1327/6/1381 1329/6/977 
f 1330/6/976 1332/6/1382 1328/6/976 
f 1334/6/1382 1332/6/1382 1330/6/976 
f 1331/6/977 1329/6/977 1333/6/979 
f 1335/6/979 1331/6/977 1333/6/979 
f 1334/6/1382 1336/6/1383 1332/6/1382 
f 1338/6/1383 1336/6/1383 1334/6/1382 
f 1335/6/979 1333/6/979 1337/6/1384 
f 1339/6/1384 1335/6/979 1337/6/1384 
f 1338/6/1383 1340/6/952 1336/6/1383 
f 1342/6/952 1340/6/952 1338/6/1383 
f 1339/6/1384 1337/6/1384 1341/6/950 
f 1343/6/950 1339/6/1384 1341/6/950 
f 1342/6/952 1344/6/953 1340/6/952 
f 1342/6/952 1346/6/953 1344/6/953 
f 1343/6/950 1341/6/950 1345/6/951 
f 1343/6/950 1345/6/951 1347/6/951 
f 1346/6/953 1348/6/955 1344/6/953 
f 1346/6/953 1350/6/955 1348/6/955 
f 1347/6/951 1345/6/951 1349/6/1376 
f 1347/6/951 1349/6/1376 1351/6/1376 
f 1350/6/955 1352/6/957 1348/6/955 
f 1350/6/955 1354/6/957 1352/6/957 
f 1351/6/1376 1349/6/1376 1353/6/956 
f 1351/6/1376 1353/6/956 1355/6/956 
f 1354/6/957 1356/6/959 1352/6/957 
f 1354/6/957 1358/6/959 1356/6/959 
f 1355/6/956 1353/6/956 1357/6/958 
f 1355/6/956 1357/6/958 1359/6/958 
f 1356/6/959 1358/6/959 1360/6/1377 
f 1358/6/959 1362/6/1377 1360/6/1377 
f 1357/6/958 1361/6/960 1359/6/958 
f 1359/6/958 1361/6/960 1363/6/960 
f 1360/6/1377 1362/6/1377 1364/6/963 
f 1362/6/1377 1366/6/963 1364/6/963 
f 1361/6/960 1365/6/962 1363/6/960 
f 1363/6/960 1365/6/962 1367/6/962 
f 1364/6/963 1366/6/963 1368/6/965 
f 1366/6/963 1370/6/965 1368/6/965 
f 1365/6/962 1369/6/964 1367/6/962 
f 1367/6/962 1369/6/964 1371/6/964 
f 1368/6/965 1370/6/965 1372/6/967 
f 1370/6/965 1374/6/967 1372/6/967 
f 1369/6/964 1373/6/966 1371/6/964 
f 1371/6/964 1373/6/966 1375/6/966 
f 1372/6/967 1374/6/967 1376/6/969 
f 1374/6/967 1378/6/969 1376/6/969 
f 1373/6/966 1377/6/968 1375/6/966 
f 1375/6/966 1377/6/968 1379/6/968 
f 1376/6/969 1378/6/969 1380/6/1379 
f 1378/6/969 1382/6/1379 1380/6/1379 
f 1377/6/968 1381/6/1378 1379/6/968 
f 1379/6/968 1381/6/1378 1383/6/1378 
f 1380/6/1379 1382/6/1379 1384/6/973 
f 1382/6/1379 1386/6/973 1384/6/973 
f 1381/6/1378 1385/6/972 1383/6/1378 
f 1383/6/1378 1385/6/972 1387/6/972 
f 1384/6/973 1386/6/973 1388/6/1381 
f 1386/6/973 1390/6/1381 1388/6/1381 
f 1385/6/972 1389/6/1380 1387/6/972 
f 1387/6/972 1389/6/1380 1391/6/1380 
f 1390/6/1381 1392/6/977 1388/6/1381 
f 1390/6/1381 1394/6/977 1392/6/977 
f 1391/6/1380 1389/6/1380 1393/6/976 
f 1391/6/1380 1393/6/976 1395/6/976 
f 1394/6/977 1396/6/979 1392/6/977 
f 1394/6/977 1398/6/979 1396/6/979 
f 1395/6/976 1393/6/976 1397/6/1382 
f 1395/6/976 1397/6/1382 1399/6/1382 
f 1398/6/979 1400/6/1384 1396/6/979 
f 1398/6/979 1402/6/1384 1400/6/1384 
f 1399/6/1382 1397/6/1382 1401/6/1383 
f 1399/6/1382 1401/6/1383 1403/6/1383 
f 1402/6/1384 1278/6/950 1400/6/1384 
f 1402/6/1384 1281/6/950 1278/6/950 
f 1403/6/1383 1401/6/1383 1277/6/952 
f 1403/6/1383 1277/6/952 1282/6/952 
# 0 polygons - 1853 triangles

#
# object wheel_rf_004
#

v  -1.0230 0.2353 1.4119
v  -1.0230 0.2264 1.4700
v  -1.0230 0.3752 1.4700
v  -1.0230 0.2707 1.3656
v  -1.0230 0.3187 1.3336
v  -1.0230 0.3752 1.3223
v  -1.0230 0.4317 1.3336
v  -1.0230 0.4796 1.3656
v  -1.0230 0.5116 1.4135
v  -1.0230 0.5229 1.4700
v  -1.0230 0.5116 1.5266
v  -1.0230 0.4796 1.5745
v  -1.0230 0.4317 1.6065
v  -1.0230 0.3739 1.6255
v  -1.0230 0.3252 1.6031
v  -1.0230 0.2797 1.5876
v  -1.0230 0.2387 1.5266
v  -1.0238 0.2603 1.3387
v  -1.0238 0.2039 1.3380
v  -1.0238 0.2109 1.4015
v  -1.0238 0.1647 1.4033
v  -1.0238 0.3869 1.3081
v  -1.0238 0.4608 1.3148
v  -1.0238 0.4421 1.2555
v  -1.0238 0.3724 1.2499
v  -1.0238 0.5348 1.4202
v  -1.0238 0.5529 1.4995
v  -1.0238 0.5799 1.3890
v  -1.0238 0.5961 1.4683
v  -1.0238 0.4735 1.6005
v  -1.0238 0.4134 1.6449
v  -1.0238 0.4429 1.6672
v  -1.0238 0.5152 1.6316
v  -1.0238 0.2175 1.5248
v  -1.0238 0.2680 1.5981
v  -1.0238 0.2011 1.5778
v  -1.0238 0.2539 1.6348
v  -1.0238 0.4429 1.6785
v  -1.0238 0.5310 1.6338
v  -1.0238 0.6073 1.4758
v  -1.0238 0.5850 1.3731
v  -1.0238 0.3598 1.2366
v  -1.0238 0.4530 1.2454
v  -1.0238 0.1947 1.3261
v  -1.0238 0.1506 1.4114
v  -1.0238 0.1858 1.5850
v  -1.0238 0.2553 1.6520
v  -1.0081 0.5652 1.3458
v  -1.0081 0.5212 1.3800
v  -1.0081 0.4975 1.3563
v  -1.0081 0.4804 1.3075
v  -1.0081 0.4725 1.2785
v  -1.0081 0.4883 1.2693
v  -1.0081 0.5753 1.5025
v  -1.0081 0.5917 1.5156
v  -1.0081 0.5476 1.5156
v  -1.0081 0.5239 1.5407
v  -1.0081 0.5028 1.5697
v  -1.0081 0.5453 1.6042
v  -1.0081 0.2882 1.6651
v  -1.0081 0.3077 1.6168
v  -1.0081 0.3283 1.6216
v  -1.0081 0.3744 1.6404
v  -1.0081 0.4016 1.6559
v  -1.0081 0.4011 1.6796
v  -1.0081 0.1992 1.5468
v  -1.0081 0.1770 1.5569
v  -1.0081 0.2104 1.5085
v  -1.0081 0.2141 1.4689
v  -1.0081 0.2079 1.4478
v  -1.0081 0.1558 1.4461
v  -1.0081 0.2218 1.3030
v  -1.0081 0.2775 1.3136
v  -1.0081 0.3271 1.3081
v  -1.0081 0.3381 1.2986
v  -1.0081 0.3326 1.2709
v  -1.0081 0.3136 1.2475
v  -1.0080 0.3795 1.2221
v  -1.0080 0.3795 1.2580
v  -1.0080 0.4193 1.2620
v  -1.0080 0.4263 1.2268
v  -0.7031 0.3795 1.2221
v  -0.7031 0.4193 1.2620
v  -0.7031 0.3795 1.2580
v  -0.7031 0.4263 1.2268
v  -1.0080 0.4577 1.2736
v  -1.0080 0.4714 1.2404
v  -0.7031 0.4577 1.2736
v  -0.7031 0.4714 1.2404
v  -1.0080 0.4930 1.2925
v  -1.0080 0.5129 1.2626
v  -0.7031 0.4930 1.2925
v  -0.7031 0.5129 1.2626
v  -1.0080 0.5240 1.3179
v  -1.0080 0.5493 1.2925
v  -0.7031 0.5240 1.3179
v  -0.7031 0.5493 1.2925
v  -1.0080 0.5494 1.3489
v  -1.0080 0.5792 1.3289
v  -0.7031 0.5494 1.3489
v  -0.7031 0.5792 1.3289
v  -1.0080 0.5683 1.3842
v  -1.0080 0.6014 1.3705
v  -0.7031 0.5683 1.3842
v  -0.7031 0.6014 1.3705
v  -1.0080 0.5799 1.4225
v  -1.0080 0.6151 1.4155
v  -0.7031 0.5799 1.4225
v  -0.7031 0.6151 1.4155
v  -1.0080 0.5838 1.4624
v  -1.0080 0.6197 1.4624
v  -0.7031 0.5838 1.4624
v  -0.7031 0.6197 1.4624
v  -1.0080 0.5799 1.5023
v  -1.0080 0.6151 1.5093
v  -0.7031 0.5799 1.5023
v  -0.7031 0.6151 1.5093
v  -1.0080 0.5683 1.5406
v  -1.0080 0.6014 1.5543
v  -0.7031 0.5683 1.5406
v  -0.7031 0.6014 1.5543
v  -1.0080 0.5494 1.5759
v  -1.0080 0.5792 1.5959
v  -0.7031 0.5494 1.5759
v  -0.7031 0.5792 1.5959
v  -1.0080 0.5240 1.6069
v  -1.0080 0.5493 1.6323
v  -0.7031 0.5240 1.6069
v  -0.7031 0.5493 1.6323
v  -1.0080 0.4930 1.6323
v  -1.0080 0.5129 1.6622
v  -0.7031 0.4930 1.6323
v  -0.7031 0.5129 1.6622
v  -1.0080 0.4577 1.6512
v  -1.0080 0.4714 1.6844
v  -0.7031 0.4577 1.6512
v  -0.7031 0.4714 1.6844
v  -1.0080 0.4193 1.6628
v  -1.0080 0.4263 1.6980
v  -0.7031 0.4193 1.6628
v  -0.7031 0.4263 1.6980
v  -1.0080 0.3795 1.6667
v  -1.0080 0.3795 1.7026
v  -0.7031 0.3795 1.6667
v  -0.7031 0.3795 1.7026
v  -1.0080 0.3396 1.6628
v  -1.0080 0.3326 1.6980
v  -0.7031 0.3396 1.6628
v  -0.7031 0.3326 1.6980
v  -1.0080 0.3013 1.6512
v  -1.0080 0.2875 1.6844
v  -0.7031 0.3013 1.6512
v  -0.7031 0.2875 1.6844
v  -1.0080 0.2659 1.6323
v  -1.0080 0.2460 1.6622
v  -0.7031 0.2659 1.6323
v  -0.7031 0.2460 1.6622
v  -1.0080 0.2350 1.6069
v  -1.0080 0.2096 1.6323
v  -0.7031 0.2350 1.6069
v  -0.7031 0.2096 1.6323
v  -1.0080 0.2096 1.5759
v  -1.0080 0.1797 1.5959
v  -0.7031 0.2096 1.5759
v  -0.7031 0.1797 1.5959
v  -1.0080 0.1907 1.5406
v  -1.0080 0.1575 1.5543
v  -0.7031 0.1907 1.5406
v  -0.7031 0.1575 1.5543
v  -1.0080 0.1790 1.5023
v  -1.0080 0.1438 1.5093
v  -0.7031 0.1790 1.5023
v  -0.7031 0.1438 1.5093
v  -1.0080 0.1751 1.4624
v  -1.0080 0.1392 1.4624
v  -0.7031 0.1751 1.4624
v  -0.7031 0.1392 1.4624
v  -1.0080 0.1790 1.4225
v  -1.0080 0.1438 1.4155
v  -0.7031 0.1790 1.4225
v  -0.7031 0.1438 1.4155
v  -1.0080 0.1907 1.3842
v  -1.0080 0.1575 1.3705
v  -0.7031 0.1907 1.3842
v  -0.7031 0.1575 1.3705
v  -1.0080 0.2096 1.3489
v  -1.0080 0.1797 1.3289
v  -0.7031 0.2096 1.3489
v  -0.7031 0.1797 1.3289
v  -1.0080 0.2350 1.3179
v  -1.0080 0.2096 1.2925
v  -0.7031 0.2350 1.3179
v  -0.7031 0.2096 1.2925
v  -1.0080 0.2659 1.2925
v  -1.0080 0.2460 1.2626
v  -0.7031 0.2659 1.2925
v  -0.7031 0.2460 1.2626
v  -1.0080 0.3013 1.2736
v  -1.0080 0.2875 1.2404
v  -0.7031 0.3013 1.2736
v  -0.7031 0.2875 1.2404
v  -1.0080 0.3396 1.2620
v  -1.0080 0.3326 1.2268
v  -0.7031 0.3396 1.2620
v  -0.7031 0.3326 1.2268
v  -1.0277 0.3757 1.2012
v  -1.0277 0.3757 1.2432
v  -1.0277 0.4185 1.2474
v  -1.0277 0.4267 1.2063
v  -0.7074 0.3757 1.2012
v  -0.7074 0.4185 1.2474
v  -0.7074 0.3757 1.2432
v  -0.7074 0.4267 1.2063
v  -1.0277 0.4597 1.2599
v  -1.0277 0.4758 1.2212
v  -0.7074 0.4597 1.2599
v  -0.7074 0.4758 1.2212
v  -1.0277 0.4977 1.2802
v  -1.0277 0.5210 1.2453
v  -0.7074 0.4977 1.2802
v  -0.7074 0.5210 1.2453
v  -1.0277 0.5310 1.3075
v  -1.0277 0.5607 1.2779
v  -0.7074 0.5310 1.3075
v  -0.7074 0.5607 1.2779
v  -1.0277 0.5584 1.3408
v  -1.0277 0.5932 1.3175
v  -0.7074 0.5584 1.3408
v  -0.7074 0.5932 1.3175
v  -1.0277 0.5787 1.3788
v  -1.0277 0.6174 1.3628
v  -0.7074 0.5787 1.3788
v  -0.7074 0.6174 1.3628
v  -1.0277 0.5912 1.4200
v  -1.0277 0.6323 1.4118
v  -0.7074 0.5912 1.4200
v  -0.7074 0.6323 1.4118
v  -1.0277 0.5954 1.4629
v  -1.0277 0.6373 1.4629
v  -0.7074 0.5954 1.4629
v  -0.7074 0.6373 1.4629
v  -1.0277 0.5912 1.5058
v  -1.0277 0.6323 1.5139
v  -0.7074 0.5912 1.5058
v  -0.7074 0.6323 1.5139
v  -1.0277 0.5787 1.5470
v  -1.0277 0.6174 1.5630
v  -0.7074 0.5787 1.5470
v  -0.7074 0.6174 1.5630
v  -1.0277 0.5584 1.5850
v  -1.0277 0.5932 1.6083
v  -0.7074 0.5584 1.5850
v  -0.7074 0.5932 1.6083
v  -1.0277 0.5310 1.6182
v  -1.0277 0.5607 1.6479
v  -0.7074 0.5310 1.6182
v  -0.7074 0.5607 1.6479
v  -1.0277 0.4977 1.6456
v  -1.0277 0.5210 1.6804
v  -0.7074 0.4977 1.6456
v  -0.7074 0.5210 1.6804
v  -1.0277 0.4597 1.6659
v  -1.0277 0.4758 1.7046
v  -0.7074 0.4597 1.6659
v  -0.7074 0.4758 1.7046
v  -1.0277 0.4185 1.6784
v  -1.0277 0.4267 1.7195
v  -0.7074 0.4185 1.6784
v  -0.7074 0.4267 1.7195
v  -1.0277 0.3757 1.6826
v  -1.0277 0.3757 1.7245
v  -0.7074 0.3757 1.6826
v  -0.7074 0.3757 1.7245
v  -1.0277 0.3328 1.6784
v  -1.0277 0.3246 1.7195
v  -0.7074 0.3328 1.6784
v  -0.7074 0.3246 1.7195
v  -1.0277 0.2916 1.6659
v  -1.0277 0.2755 1.7046
v  -0.7074 0.2916 1.6659
v  -0.7074 0.2755 1.7046
v  -1.0277 0.2536 1.6456
v  -1.0277 0.2303 1.6804
v  -0.7074 0.2536 1.6456
v  -0.7074 0.2303 1.6804
v  -1.0277 0.2203 1.6182
v  -1.0277 0.1907 1.6479
v  -0.7074 0.2203 1.6182
v  -0.7074 0.1907 1.6479
v  -1.0277 0.1930 1.5850
v  -1.0277 0.1581 1.6083
v  -0.7074 0.1930 1.5850
v  -0.7074 0.1581 1.6083
v  -1.0277 0.1727 1.5470
v  -1.0277 0.1339 1.5630
v  -0.7074 0.1727 1.5470
v  -0.7074 0.1339 1.5630
v  -1.0277 0.1602 1.5058
v  -1.0277 0.1191 1.5139
v  -0.7074 0.1602 1.5058
v  -0.7074 0.1191 1.5139
v  -1.0277 0.1560 1.4629
v  -1.0277 0.1140 1.4629
v  -0.7074 0.1560 1.4629
v  -0.7074 0.1140 1.4629
v  -1.0277 0.1602 1.4200
v  -1.0277 0.1191 1.4118
v  -0.7074 0.1602 1.4200
v  -0.7074 0.1191 1.4118
v  -1.0277 0.1727 1.3788
v  -1.0277 0.1339 1.3628
v  -0.7074 0.1727 1.3788
v  -0.7074 0.1339 1.3628
v  -1.0277 0.1930 1.3408
v  -1.0277 0.1581 1.3175
v  -0.7074 0.1930 1.3408
v  -0.7074 0.1581 1.3175
v  -1.0277 0.2203 1.3075
v  -1.0277 0.1907 1.2779
v  -0.7074 0.2203 1.3075
v  -0.7074 0.1907 1.2779
v  -1.0277 0.2536 1.2802
v  -1.0277 0.2303 1.2453
v  -0.7074 0.2536 1.2802
v  -0.7074 0.2303 1.2453
v  -1.0277 0.2916 1.2599
v  -1.0277 0.2755 1.2212
v  -0.7074 0.2916 1.2599
v  -0.7074 0.2755 1.2212
v  -1.0277 0.3328 1.2474
v  -1.0277 0.3246 1.2063
v  -0.7074 0.3328 1.2474
v  -0.7074 0.3246 1.2063
v  -0.9835 0.4215 1.4699
v  -1.0291 0.4215 1.4699
v  -0.9835 0.4329 1.4502
v  -1.0291 0.4329 1.4502
v  -0.9835 0.4557 1.4502
v  -1.0291 0.4557 1.4502
v  -0.9835 0.4672 1.4699
v  -1.0291 0.4672 1.4699
v  -0.9835 0.4557 1.4897
v  -1.0291 0.4557 1.4897
v  -0.9835 0.4329 1.4897
v  -1.0291 0.4329 1.4897
v  -0.9835 0.4443 1.4699
v  -1.0291 0.4443 1.4699
v  -0.9835 0.3693 1.5390
v  -1.0291 0.3693 1.5390
v  -0.9835 0.3807 1.5193
v  -1.0291 0.3807 1.5193
v  -0.9835 0.4035 1.5193
v  -1.0291 0.4035 1.5193
v  -0.9835 0.4149 1.5390
v  -1.0291 0.4149 1.5390
v  -0.9835 0.4035 1.5588
v  -1.0291 0.4035 1.5588
v  -0.9835 0.3807 1.5588
v  -1.0291 0.3807 1.5588
v  -0.9835 0.3921 1.5390
v  -1.0291 0.3921 1.5390
v  -0.9835 0.2896 1.5097
v  -1.0291 0.2896 1.5097
v  -0.9835 0.3010 1.4900
v  -1.0291 0.3010 1.4900
v  -0.9835 0.3238 1.4900
v  -1.0291 0.3238 1.4900
v  -0.9835 0.3352 1.5097
v  -1.0291 0.3352 1.5097
v  -0.9835 0.3238 1.5295
v  -1.0291 0.3238 1.5295
v  -0.9835 0.3010 1.5295
v  -1.0291 0.3010 1.5295
v  -0.9835 0.3124 1.5097
v  -1.0291 0.3124 1.5097
v  -0.9835 0.2943 1.4238
v  -1.0291 0.2943 1.4238
v  -0.9835 0.3057 1.4041
v  -1.0291 0.3057 1.4041
v  -0.9835 0.3286 1.4041
v  -1.0291 0.3286 1.4041
v  -0.9835 0.3400 1.4238
v  -1.0291 0.3400 1.4238
v  -0.9835 0.3286 1.4436
v  -1.0291 0.3286 1.4436
v  -0.9835 0.3057 1.4436
v  -1.0291 0.3057 1.4436
v  -0.9835 0.3172 1.4238
v  -1.0291 0.3172 1.4238
v  -0.9835 0.3787 1.4031
v  -1.0291 0.3787 1.4031
v  -0.9835 0.3901 1.3834
v  -1.0291 0.3901 1.3834
v  -0.9835 0.4129 1.3834
v  -1.0291 0.4129 1.3834
v  -0.9835 0.4243 1.4031
v  -1.0291 0.4243 1.4031
v  -0.9835 0.4129 1.4229
v  -1.0291 0.4129 1.4229
v  -0.9835 0.3901 1.4229
v  -1.0291 0.3901 1.4229
v  -0.9835 0.4015 1.4031
v  -1.0291 0.4015 1.4031
v  -0.9321 0.1958 1.4722
v  -0.9509 0.1958 1.4722
v  -0.9321 0.2092 1.4046
v  -0.9509 0.2092 1.4046
v  -0.9321 0.2475 1.3473
v  -0.9509 0.2475 1.3473
v  -0.9321 0.3047 1.3091
v  -0.9509 0.3047 1.3091
v  -0.9321 0.3723 1.2956
v  -0.9509 0.3723 1.2956
v  -0.9321 0.4399 1.3091
v  -0.9509 0.4399 1.3091
v  -0.9321 0.4972 1.3473
v  -0.9509 0.4972 1.3473
v  -0.9321 0.5354 1.4046
v  -0.9509 0.5354 1.4046
v  -0.9321 0.5489 1.4722
v  -0.9509 0.5489 1.4722
v  -0.9321 0.5354 1.5397
v  -0.9509 0.5354 1.5397
v  -0.9321 0.4972 1.5970
v  -0.9509 0.4972 1.5970
v  -0.9321 0.4399 1.6353
v  -0.9509 0.4399 1.6353
v  -0.9321 0.3723 1.6487
v  -0.9509 0.3723 1.6487
v  -0.9321 0.3047 1.6353
v  -0.9509 0.3047 1.6353
v  -0.9321 0.2475 1.5970
v  -0.9509 0.2475 1.5970
v  -0.9321 0.2092 1.5397
v  -0.9509 0.2092 1.5397
v  -0.9321 0.3723 1.4722
v  -0.9509 0.3723 1.4722
v  -1.0266 0.3761 1.0863
v  -1.0266 0.3761 1.2044
v  -1.0266 0.4265 1.2093
v  -1.0266 0.4495 1.0935
v  -0.7070 0.3761 1.0863
v  -0.7070 0.4265 1.2093
v  -0.7070 0.3761 1.2044
v  -0.7070 0.4495 1.0935
v  -1.0266 0.4749 1.2240
v  -1.0266 0.5201 1.1149
v  -0.7070 0.4749 1.2240
v  -0.7070 0.5201 1.1149
v  -1.0266 0.5195 1.2479
v  -1.0266 0.5851 1.1496
v  -0.7070 0.5195 1.2479
v  -0.7070 0.5851 1.1496
v  -1.0266 0.5586 1.2799
v  -1.0266 0.6421 1.1964
v  -0.7070 0.5586 1.2799
v  -0.7070 0.6421 1.1964
v  -1.0266 0.5907 1.3190
v  -1.0266 0.6889 1.2534
v  -0.7070 0.5907 1.3190
v  -0.7070 0.6889 1.2534
v  -1.0266 0.6145 1.3637
v  -1.0266 0.7236 1.3185
v  -0.7070 0.6145 1.3637
v  -0.7070 0.7236 1.3185
v  -1.0266 0.6292 1.4121
v  -1.0266 0.7451 1.3890
v  -0.7070 0.6292 1.4121
v  -0.7070 0.7451 1.3890
v  -1.0266 0.6342 1.4624
v  -1.0266 0.7523 1.4624
v  -0.7070 0.6342 1.4624
v  -0.7070 0.7523 1.4624
v  -1.0266 0.6292 1.5127
v  -1.0266 0.7451 1.5358
v  -0.7070 0.6292 1.5127
v  -0.7070 0.7451 1.5358
v  -1.0266 0.6145 1.5611
v  -1.0266 0.7236 1.6063
v  -0.7070 0.6145 1.5611
v  -0.7070 0.7236 1.6063
v  -1.0266 0.5907 1.6057
v  -1.0266 0.6889 1.6714
v  -0.7070 0.5907 1.6057
v  -0.7070 0.6889 1.6714
v  -1.0266 0.5586 1.6448
v  -1.0266 0.6421 1.7284
v  -0.7070 0.5586 1.6448
v  -0.7070 0.6421 1.7284
v  -1.0266 0.5195 1.6769
v  -1.0266 0.5851 1.7751
v  -0.7070 0.5195 1.6769
v  -0.7070 0.5851 1.7751
v  -1.0266 0.4749 1.7008
v  -1.0266 0.5201 1.8099
v  -0.7070 0.4749 1.7008
v  -0.7070 0.5201 1.8099
v  -1.0266 0.4265 1.7155
v  -1.0266 0.4495 1.8313
v  -0.7070 0.4265 1.7155
v  -0.7070 0.4495 1.8313
v  -1.0266 0.3761 1.7204
v  -1.0266 0.3761 1.8385
v  -0.7070 0.3761 1.7204
v  -0.7070 0.3761 1.8385
v  -1.0266 0.3258 1.7155
v  -1.0266 0.3028 1.8313
v  -0.7070 0.3258 1.7155
v  -0.7070 0.3028 1.8313
v  -1.0266 0.2774 1.7008
v  -1.0266 0.2322 1.8099
v  -0.7070 0.2774 1.7008
v  -0.7070 0.2322 1.8099
v  -1.0266 0.2328 1.6769
v  -1.0266 0.1672 1.7751
v  -0.7070 0.2328 1.6769
v  -0.7070 0.1672 1.7751
v  -1.0266 0.1937 1.6448
v  -1.0266 0.1102 1.7284
v  -0.7070 0.1937 1.6448
v  -0.7070 0.1102 1.7284
v  -1.0266 0.1616 1.6057
v  -1.0266 0.0634 1.6714
v  -0.7070 0.1616 1.6057
v  -0.7070 0.0634 1.6714
v  -1.0266 0.1378 1.5611
v  -1.0266 0.0286 1.6063
v  -0.7070 0.1378 1.5611
v  -0.7070 0.0286 1.6063
v  -1.0266 0.1231 1.5127
v  -1.0266 0.0072 1.5358
v  -0.7070 0.1231 1.5127
v  -0.7070 0.0072 1.5358
v  -1.0266 0.1181 1.4624
v  -1.0266 0.0000 1.4624
v  -0.7070 0.1181 1.4624
v  -0.7070 0.0000 1.4624
v  -1.0266 0.1231 1.4121
v  -1.0266 0.0072 1.3890
v  -0.7070 0.1231 1.4121
v  -0.7070 0.0072 1.3890
v  -1.0266 0.1378 1.3637
v  -1.0266 0.0286 1.3185
v  -0.7070 0.1378 1.3637
v  -0.7070 0.0286 1.3185
v  -1.0266 0.1616 1.3190
v  -1.0266 0.0634 1.2534
v  -0.7070 0.1616 1.3190
v  -0.7070 0.0634 1.2534
v  -1.0266 0.1937 1.2799
v  -1.0266 0.1102 1.1964
v  -0.7070 0.1937 1.2799
v  -0.7070 0.1102 1.1964
v  -1.0266 0.2328 1.2479
v  -1.0266 0.1672 1.1496
v  -0.7070 0.2328 1.2479
v  -0.7070 0.1672 1.1496
v  -1.0266 0.2774 1.2240
v  -1.0266 0.2322 1.1149
v  -0.7070 0.2774 1.2240
v  -0.7070 0.2322 1.1149
v  -1.0266 0.3258 1.2093
v  -1.0266 0.3028 1.0935
v  -0.7070 0.3258 1.2093
v  -0.7070 0.3028 1.0935
v  -1.0063 0.1635 1.4745
v  -1.0083 0.1593 1.4810
v  -1.0361 0.1741 1.4810
v  -1.0344 0.1775 1.4758
v  -1.0030 0.1703 1.4770
v  -1.0317 0.1831 1.4778
v  -1.0030 0.1703 1.4850
v  -1.0317 0.1831 1.4843
v  -1.0063 0.1635 1.4875
v  -1.0344 0.1775 1.4863
v  -1.0054 0.1654 1.4810
v  -1.0337 0.1790 1.4810
# 577 vertices

vn -0.9962 -0.0330 0.0809
vn -1.0000 0.0046 -0.0010
vn -1.0000 0.0000 -0.0000
vn -0.9999 0.0121 0.0119
vn -1.0000 0.0025 0.0037
vn -0.9908 -0.0947 -0.0962
vn -0.9998 -0.0042 0.0187
vn -1.0000 -0.0026 0.0039
vn -0.9999 -0.0106 0.0021
vn -0.9998 -0.0178 0.0025
vn -1.0000 -0.0051 -0.0010
vn -1.0000 -0.0053 -0.0079
vn -0.9998 -0.0111 -0.0170
vn -1.0000 -0.0020 -0.0061
vn -0.9947 0.0877 0.0542
vn -0.9997 0.0224 -0.0117
vn -0.9998 0.0146 0.0160
vn -0.9892 -0.0151 0.1455
vn -0.9939 -0.1103 0.0006
vn -0.9998 -0.0067 0.0168
vn -0.9898 -0.1255 0.0669
vn -0.9998 -0.0188 0.0039
vn -0.9999 -0.0163 -0.0005
vn -0.9997 -0.0139 -0.0204
vn -0.9998 -0.0074 -0.0165
vn -0.9995 0.0286 -0.0114
vn -0.9884 0.1371 0.0653
vn -0.9872 0.1557 0.0335
vn -0.9321 -0.2623 -0.2497
vn -0.9260 -0.2847 -0.2478
vn -0.8670 -0.4739 -0.1543
vn -0.9458 0.0655 -0.3181
vn -0.9091 0.1990 -0.3661
vn -0.9376 -0.0830 -0.3376
vn -0.8244 0.5000 -0.2653
vn -0.8046 0.5313 -0.2651
vn -0.7992 0.5743 -0.1775
vn -0.8026 0.5682 -0.1818
vn -0.8099 0.5614 -0.1701
vn -0.8145 0.5532 -0.1747
vn -0.9308 0.2319 0.2827
vn -0.9132 0.2053 0.3519
vn -0.9197 0.2143 0.3291
vn -0.9353 0.2402 0.2599
vn -0.9317 -0.2086 0.2973
vn -0.9331 -0.2202 0.2842
vn -0.9335 -0.2240 0.2798
vn -0.9309 -0.2030 0.3036
vn -0.7025 0.4168 0.5770
vn -0.6286 0.3950 0.6699
vn -0.6766 0.3927 0.6229
vn -0.6269 0.4180 0.6575
vn -0.7481 0.4938 0.4434
vn -0.7718 0.4981 0.3952
vn -0.8093 0.5543 0.1943
vn -0.7562 0.5570 0.3435
vn -0.8270 0.5525 0.1039
vn -0.9379 0.2188 -0.2692
vn -0.9349 0.2187 -0.2795
vn -0.9299 0.1881 -0.3160
vn -0.9230 0.1653 -0.3475
vn -0.8940 0.0627 -0.4437
vn -0.8962 0.4421 -0.0368
vn -0.9341 0.3445 0.0934
vn -0.9407 0.3078 0.1423
vn -0.7805 -0.2020 0.5916
vn -0.7717 -0.1804 0.6099
vn -0.7514 -0.2136 0.6243
vn -0.7427 -0.2160 0.6338
vn -0.6778 -0.3260 0.6590
vn -0.6656 -0.3230 0.6728
vn -0.7045 -0.3778 0.6009
vn -0.7012 -0.3926 0.5952
vn -0.7114 -0.4249 0.5598
vn -0.9354 -0.3536 -0.0072
vn -0.9355 -0.3533 -0.0058
vn -0.9360 -0.3520 -0.0008
vn -0.9362 -0.3513 0.0017
vn -0.8801 -0.1986 -0.4313
vn -0.8808 -0.1966 -0.4308
vn -0.8794 -0.2006 -0.4317
vn -0.8785 -0.2034 -0.4323
vn -0.5758 -0.7823 -0.2377
vn -0.5721 -0.7838 -0.2416
vn -0.5681 -0.7968 -0.2058
vn -0.5628 -0.8113 -0.1584
vn -0.6249 -0.7736 -0.1046
vn -0.6392 -0.7636 -0.0914
vn -0.6387 -0.7606 -0.1167
vn -0.9549 -0.2030 0.2166
vn -0.9257 -0.3628 0.1067
vn -0.9386 0.0426 0.3425
vn -0.9301 0.0813 0.3581
vn -0.9009 0.2173 0.3757
vn -0.9153 0.3178 -0.2475
vn -0.9006 0.0345 -0.4332
vn -0.9134 0.0050 -0.4071
vn -0.8739 0.0293 -0.4852
vn -0.8541 0.0052 -0.5200
vn -0.8468 -0.0706 -0.5273
vn -0.8838 -0.1221 -0.4517
vn -0.9573 -0.2716 -0.0992
vn -0.9457 -0.2927 0.1414
vn -0.9404 -0.2593 0.2201
vn -0.9340 -0.2587 0.2464
vn 1.0000 0.0000 -0.0000
vn -0.0000 -0.1951 0.9808
vn 0.0000 -0.0000 1.0000
vn -0.0000 0.1951 -0.9808
vn -0.0000 -0.0000 -1.0000
vn -0.0000 -0.3827 0.9239
vn -0.0000 0.3827 -0.9239
vn 0.0000 -0.5556 0.8315
vn -0.0000 0.5556 -0.8315
vn 0.0000 -0.7071 0.7071
vn 0.0000 0.7071 -0.7071
vn 0.0000 -0.8315 0.5556
vn -0.0000 0.8315 -0.5556
vn 0.0000 -0.9239 0.3827
vn -0.0000 0.9239 -0.3827
vn -0.0000 -0.9808 0.1951
vn 0.0000 0.9808 -0.1951
vn -0.0000 -1.0000 0.0000
vn -0.0000 1.0000 -0.0000
vn 0.0000 -0.9808 -0.1951
vn -0.0000 0.9808 0.1951
vn 0.0000 -0.9239 -0.3827
vn 0.0000 0.9239 0.3827
vn 0.0000 -0.8315 -0.5556
vn -0.0000 0.8315 0.5556
vn 0.0000 -0.7071 -0.7071
vn -0.0000 0.7071 0.7071
vn 0.0000 -0.5556 -0.8315
vn 0.0000 0.5556 0.8315
vn -0.0000 -0.3827 -0.9239
vn 0.0000 0.3827 0.9239
vn 0.0000 -0.1951 -0.9808
vn 0.0000 0.1951 0.9808
vn 0.0000 -0.8660 -0.5000
vn 0.0000 0.0000 -1.0000
vn 0.0000 0.8660 -0.5000
vn 0.0000 0.8660 0.5000
vn 0.0000 0.0000 1.0000
vn 0.0000 -0.8660 0.5000
vn -0.0000 -0.1951 -0.9808
vn 0.0000 0.8315 -0.5556
vn -0.0000 0.9808 -0.1951
vn -0.0000 0.5556 0.8315
vn -0.0000 0.1951 0.9808
vn -0.0000 -0.0000 1.0000
vn -0.0000 0.0000 -1.0000
vn -0.0000 -0.5556 0.8315
vn 0.0000 0.9239 -0.3827
vn 0.0000 -0.9808 0.1951
vn 0.0000 -1.0000 0.0000
vn 0.0000 1.0000 -0.0000
vn 0.0000 0.9808 0.1951
vn 0.0000 -0.3827 -0.9239
vn -0.3815 -0.7137 -0.5874
vn 0.1042 0.2924 -0.9506
vn 0.4053 0.9142 -0.0000
vn 0.1055 0.2921 0.9506
vn -0.3808 -0.7141 0.5874
vn 0.9005 -0.4350 0.0000
vn -0.9004 0.4350 0.0001
# 165 vertex normals

vt 0.0000 0.0000 0.0000
# 1 texture coords

g wheel_rf_004
usemtl Material_26
s off
f 1404/7/1385 1405/7/1386 1406/7/1387 
f 1407/7/1388 1404/7/1385 1406/7/1387 
f 1408/7/1389 1407/7/1388 1406/7/1387 
f 1409/7/1390 1408/7/1389 1406/7/1387 
f 1409/7/1390 1406/7/1387 1410/7/1391 
f 1410/7/1391 1406/7/1387 1411/7/1392 
f 1411/7/1392 1406/7/1387 1412/7/1393 
f 1412/7/1393 1406/7/1387 1413/7/1394 
f 1406/7/1387 1414/7/1395 1413/7/1394 
f 1406/7/1387 1415/7/1396 1414/7/1395 
f 1406/7/1387 1416/7/1397 1415/7/1396 
f 1406/7/1387 1417/7/1398 1416/7/1397 
f 1406/7/1387 1418/7/1387 1417/7/1398 
f 1406/7/1387 1419/7/1399 1418/7/1387 
f 1406/7/1387 1420/7/1400 1419/7/1399 
f 1405/7/1386 1420/7/1400 1406/7/1387 
f 1408/7/1389 1421/7/1401 1407/7/1388 
f 1422/7/1387 1423/7/1402 1421/7/1401 
f 1422/7/1387 1424/7/1387 1423/7/1402 
f 1407/7/1388 1423/7/1402 1404/7/1385 
f 1421/7/1401 1423/7/1402 1407/7/1388 
f 1425/7/1403 1409/7/1390 1410/7/1391 
f 1426/7/1404 1410/7/1391 1411/7/1392 
f 1425/7/1403 1410/7/1391 1426/7/1404 
f 1427/7/1387 1425/7/1403 1426/7/1404 
f 1428/7/1405 1425/7/1403 1427/7/1387 
f 1412/7/1393 1413/7/1394 1429/7/1406 
f 1413/7/1394 1414/7/1395 1430/7/1407 
f 1429/7/1406 1413/7/1394 1430/7/1407 
f 1431/7/1387 1430/7/1407 1432/7/1387 
f 1431/7/1387 1429/7/1406 1430/7/1407 
f 1415/7/1396 1416/7/1397 1433/7/1408 
f 1416/7/1397 1417/7/1398 1434/7/1409 
f 1433/7/1408 1416/7/1397 1434/7/1409 
f 1433/7/1408 1434/7/1409 1435/7/1387 
f 1433/7/1408 1435/7/1387 1436/7/1387 
f 1405/7/1386 1437/7/1410 1420/7/1400 
f 1437/7/1410 1438/7/1411 1420/7/1400 
f 1420/7/1400 1438/7/1411 1419/7/1399 
f 1437/7/1410 1439/7/1387 1440/7/1412 
f 1437/7/1410 1440/7/1412 1438/7/1411 
f 1436/7/1387 1441/7/1387 1442/7/1387 
f 1436/7/1387 1435/7/1387 1441/7/1387 
f 1431/7/1387 1432/7/1387 1443/7/1387 
f 1444/7/1387 1431/7/1387 1443/7/1387 
f 1445/7/1387 1427/7/1387 1446/7/1387 
f 1445/7/1387 1428/7/1405 1427/7/1387 
f 1447/7/1387 1448/7/1387 1422/7/1387 
f 1422/7/1387 1448/7/1387 1424/7/1387 
f 1439/7/1387 1449/7/1387 1450/7/1387 
f 1439/7/1387 1450/7/1387 1440/7/1412 
f 1451/7/1413 1431/7/1414 1444/7/1415 
f 1451/7/1413 1452/7/1416 1431/7/1414 
f 1452/7/1416 1412/7/1417 1429/7/1418 
f 1453/7/1419 1412/7/1417 1452/7/1416 
f 1453/7/1419 1411/7/1420 1412/7/1417 
f 1454/7/1421 1411/7/1420 1453/7/1419 
f 1454/7/1421 1426/7/1422 1411/7/1420 
f 1455/7/1423 1426/7/1422 1454/7/1421 
f 1427/7/1424 1426/7/1422 1455/7/1423 
f 1427/7/1425 1455/7/1426 1456/7/1427 
f 1446/7/1428 1427/7/1425 1456/7/1427 
f 1443/7/1429 1457/7/1430 1458/7/1431 
f 1432/7/1432 1457/7/1430 1443/7/1429 
f 1432/7/1433 1430/7/1434 1457/7/1435 
f 1457/7/1435 1430/7/1434 1459/7/1436 
f 1459/7/1436 1414/7/1437 1460/7/1438 
f 1430/7/1434 1414/7/1437 1459/7/1436 
f 1460/7/1438 1415/7/1439 1461/7/1440 
f 1414/7/1437 1415/7/1439 1460/7/1438 
f 1461/7/1440 1415/7/1439 1433/7/1441 
f 1461/7/1442 1433/7/1443 1462/7/1444 
f 1433/7/1443 1436/7/1445 1462/7/1444 
f 1462/7/1444 1436/7/1445 1442/7/1446 
f 1440/7/1412 1450/7/1447 1463/7/1448 
f 1464/7/1449 1440/7/1412 1463/7/1448 
f 1438/7/1411 1440/7/1412 1464/7/1449 
f 1419/7/1399 1438/7/1411 1464/7/1449 
f 1419/7/1450 1464/7/1451 1418/7/1452 
f 1418/7/1452 1464/7/1451 1465/7/1453 
f 1418/7/1452 1465/7/1453 1466/7/1454 
f 1466/7/1454 1417/7/1455 1418/7/1452 
f 1466/7/1454 1467/7/1456 1434/7/1457 
f 1434/7/1457 1417/7/1455 1466/7/1454 
f 1434/7/1457 1467/7/1456 1435/7/1458 
f 1467/7/1459 1468/7/1460 1435/7/1461 
f 1435/7/1461 1468/7/1460 1441/7/1462 
f 1469/7/1463 1470/7/1464 1449/7/1465 
f 1469/7/1463 1449/7/1465 1439/7/1466 
f 1469/7/1467 1439/7/1468 1437/7/1469 
f 1469/7/1467 1437/7/1469 1471/7/1470 
f 1471/7/1470 1437/7/1469 1405/7/1471 
f 1471/7/1470 1405/7/1471 1472/7/1472 
f 1472/7/1472 1405/7/1471 1404/7/1473 
f 1404/7/1385 1473/7/1474 1472/7/1475 
f 1423/7/1402 1473/7/1474 1404/7/1385 
f 1423/7/1402 1474/7/1476 1473/7/1474 
f 1423/7/1402 1424/7/1477 1474/7/1476 
f 1424/7/1477 1448/7/1478 1474/7/1476 
f 1475/7/1479 1447/7/1479 1422/7/1479 
f 1475/7/1480 1422/7/1481 1421/7/1482 
f 1475/7/1480 1421/7/1482 1476/7/1483 
f 1476/7/1483 1421/7/1482 1408/7/1484 
f 1477/7/1485 1476/7/1483 1408/7/1484 
f 1477/7/1485 1408/7/1484 1409/7/1390 
f 1478/7/1486 1477/7/1485 1409/7/1390 
f 1478/7/1486 1409/7/1390 1425/7/1403 
f 1479/7/1487 1478/7/1486 1425/7/1403 
f 1428/7/1405 1479/7/1487 1425/7/1403 
f 1480/7/1488 1479/7/1487 1428/7/1405 
f 1445/7/1489 1480/7/1488 1428/7/1405 
f 1452/7/1416 1429/7/1418 1431/7/1414 
f 1481/7/1387 1482/7/1387 1483/7/1387 
f 1481/7/1387 1483/7/1387 1484/7/1387 
f 1485/7/1490 1486/7/1490 1487/7/1490 
f 1485/7/1490 1488/7/1490 1486/7/1490 
f 1484/7/1387 1483/7/1387 1489/7/1387 
f 1484/7/1387 1489/7/1387 1490/7/1387 
f 1488/7/1490 1491/7/1490 1486/7/1490 
f 1488/7/1490 1492/7/1490 1491/7/1490 
f 1490/7/1387 1489/7/1387 1493/7/1387 
f 1490/7/1387 1493/7/1387 1494/7/1387 
f 1492/7/1490 1495/7/1490 1491/7/1490 
f 1492/7/1490 1496/7/1490 1495/7/1490 
f 1494/7/1387 1493/7/1387 1497/7/1387 
f 1494/7/1387 1497/7/1387 1498/7/1387 
f 1496/7/1490 1499/7/1490 1495/7/1490 
f 1496/7/1490 1500/7/1490 1499/7/1490 
f 1498/7/1387 1497/7/1387 1501/7/1387 
f 1498/7/1387 1501/7/1387 1502/7/1387 
f 1500/7/1490 1503/7/1490 1499/7/1490 
f 1500/7/1490 1504/7/1490 1503/7/1490 
f 1502/7/1387 1501/7/1387 1505/7/1387 
f 1502/7/1387 1505/7/1387 1506/7/1387 
f 1504/7/1490 1507/7/1490 1503/7/1490 
f 1504/7/1490 1508/7/1490 1507/7/1490 
f 1506/7/1387 1505/7/1387 1509/7/1387 
f 1506/7/1387 1509/7/1387 1510/7/1387 
f 1508/7/1490 1511/7/1490 1507/7/1490 
f 1508/7/1490 1512/7/1490 1511/7/1490 
f 1510/7/1387 1509/7/1387 1513/7/1387 
f 1510/7/1387 1513/7/1387 1514/7/1387 
f 1512/7/1490 1515/7/1490 1511/7/1490 
f 1512/7/1490 1516/7/1490 1515/7/1490 
f 1513/7/1387 1517/7/1387 1514/7/1387 
f 1514/7/1387 1517/7/1387 1518/7/1387 
f 1516/7/1490 1519/7/1490 1515/7/1490 
f 1516/7/1490 1520/7/1490 1519/7/1490 
f 1517/7/1387 1521/7/1387 1518/7/1387 
f 1518/7/1387 1521/7/1387 1522/7/1387 
f 1519/7/1490 1520/7/1490 1523/7/1490 
f 1520/7/1490 1524/7/1490 1523/7/1490 
f 1521/7/1387 1525/7/1387 1522/7/1387 
f 1522/7/1387 1525/7/1387 1526/7/1387 
f 1523/7/1490 1524/7/1490 1527/7/1490 
f 1524/7/1490 1528/7/1490 1527/7/1490 
f 1525/7/1387 1529/7/1387 1526/7/1387 
f 1526/7/1387 1529/7/1387 1530/7/1387 
f 1527/7/1490 1528/7/1490 1531/7/1490 
f 1528/7/1490 1532/7/1490 1531/7/1490 
f 1529/7/1387 1533/7/1387 1530/7/1387 
f 1530/7/1387 1533/7/1387 1534/7/1387 
f 1531/7/1490 1532/7/1490 1535/7/1490 
f 1532/7/1490 1536/7/1490 1535/7/1490 
f 1533/7/1387 1537/7/1387 1534/7/1387 
f 1537/7/1387 1538/7/1387 1534/7/1387 
f 1535/7/1490 1536/7/1490 1539/7/1490 
f 1539/7/1490 1536/7/1490 1540/7/1490 
f 1537/7/1387 1541/7/1387 1538/7/1387 
f 1541/7/1387 1542/7/1387 1538/7/1387 
f 1539/7/1490 1540/7/1490 1543/7/1490 
f 1543/7/1490 1540/7/1490 1544/7/1490 
f 1541/7/1387 1545/7/1387 1542/7/1387 
f 1545/7/1387 1546/7/1387 1542/7/1387 
f 1543/7/1490 1544/7/1490 1547/7/1490 
f 1547/7/1490 1544/7/1490 1548/7/1490 
f 1549/7/1387 1546/7/1387 1545/7/1387 
f 1549/7/1387 1550/7/1387 1546/7/1387 
f 1551/7/1490 1547/7/1490 1548/7/1490 
f 1551/7/1490 1548/7/1490 1552/7/1490 
f 1553/7/1387 1550/7/1387 1549/7/1387 
f 1553/7/1387 1554/7/1387 1550/7/1387 
f 1555/7/1490 1551/7/1490 1552/7/1490 
f 1555/7/1490 1552/7/1490 1556/7/1490 
f 1557/7/1387 1554/7/1387 1553/7/1387 
f 1557/7/1387 1558/7/1387 1554/7/1387 
f 1559/7/1490 1555/7/1490 1556/7/1490 
f 1559/7/1490 1556/7/1490 1560/7/1490 
f 1561/7/1387 1558/7/1387 1557/7/1387 
f 1561/7/1387 1562/7/1387 1558/7/1387 
f 1563/7/1490 1559/7/1490 1560/7/1490 
f 1563/7/1490 1560/7/1490 1564/7/1490 
f 1565/7/1387 1562/7/1387 1561/7/1387 
f 1565/7/1387 1566/7/1387 1562/7/1387 
f 1567/7/1490 1563/7/1490 1564/7/1490 
f 1567/7/1490 1564/7/1490 1568/7/1490 
f 1569/7/1387 1566/7/1387 1565/7/1387 
f 1569/7/1387 1570/7/1387 1566/7/1387 
f 1571/7/1490 1567/7/1490 1568/7/1490 
f 1571/7/1490 1568/7/1490 1572/7/1490 
f 1573/7/1387 1570/7/1387 1569/7/1387 
f 1573/7/1387 1574/7/1387 1570/7/1387 
f 1575/7/1490 1571/7/1490 1572/7/1490 
f 1575/7/1490 1572/7/1490 1576/7/1490 
f 1577/7/1387 1574/7/1387 1573/7/1387 
f 1578/7/1387 1574/7/1387 1577/7/1387 
f 1579/7/1490 1575/7/1490 1576/7/1490 
f 1579/7/1490 1576/7/1490 1580/7/1490 
f 1581/7/1387 1578/7/1387 1577/7/1387 
f 1582/7/1387 1578/7/1387 1581/7/1387 
f 1583/7/1490 1579/7/1490 1580/7/1490 
f 1584/7/1490 1583/7/1490 1580/7/1490 
f 1585/7/1387 1582/7/1387 1581/7/1387 
f 1586/7/1387 1582/7/1387 1585/7/1387 
f 1587/7/1490 1583/7/1490 1584/7/1490 
f 1588/7/1490 1587/7/1490 1584/7/1490 
f 1589/7/1387 1586/7/1387 1585/7/1387 
f 1590/7/1387 1586/7/1387 1589/7/1387 
f 1591/7/1490 1587/7/1490 1588/7/1490 
f 1592/7/1490 1591/7/1490 1588/7/1490 
f 1593/7/1387 1590/7/1387 1589/7/1387 
f 1594/7/1387 1590/7/1387 1593/7/1387 
f 1595/7/1490 1591/7/1490 1592/7/1490 
f 1596/7/1490 1595/7/1490 1592/7/1490 
f 1597/7/1387 1594/7/1387 1593/7/1387 
f 1598/7/1387 1594/7/1387 1597/7/1387 
f 1599/7/1490 1595/7/1490 1596/7/1490 
f 1600/7/1490 1599/7/1490 1596/7/1490 
f 1598/7/1387 1597/7/1387 1601/7/1387 
f 1602/7/1387 1598/7/1387 1601/7/1387 
f 1600/7/1490 1603/7/1490 1599/7/1490 
f 1604/7/1490 1603/7/1490 1600/7/1490 
f 1602/7/1387 1601/7/1387 1605/7/1387 
f 1606/7/1387 1602/7/1387 1605/7/1387 
f 1604/7/1490 1607/7/1490 1603/7/1490 
f 1608/7/1490 1607/7/1490 1604/7/1490 
f 1606/7/1387 1605/7/1387 1482/7/1387 
f 1481/7/1387 1606/7/1387 1482/7/1387 
f 1608/7/1490 1487/7/1490 1607/7/1490 
f 1485/7/1490 1487/7/1490 1608/7/1490 
f 1483/7/1491 1482/7/1492 1487/7/1492 
f 1483/7/1491 1487/7/1492 1486/7/1491 
f 1484/7/1493 1485/7/1494 1481/7/1494 
f 1488/7/1493 1485/7/1494 1484/7/1493 
f 1489/7/1495 1483/7/1491 1486/7/1491 
f 1489/7/1495 1486/7/1491 1491/7/1495 
f 1490/7/1496 1488/7/1493 1484/7/1493 
f 1492/7/1496 1488/7/1493 1490/7/1496 
f 1493/7/1497 1489/7/1495 1491/7/1495 
f 1493/7/1497 1491/7/1495 1495/7/1497 
f 1494/7/1498 1492/7/1496 1490/7/1496 
f 1496/7/1498 1492/7/1496 1494/7/1498 
f 1497/7/1499 1493/7/1497 1495/7/1497 
f 1497/7/1499 1495/7/1497 1499/7/1499 
f 1498/7/1500 1496/7/1498 1494/7/1498 
f 1500/7/1500 1496/7/1498 1498/7/1500 
f 1499/7/1499 1501/7/1501 1497/7/1499 
f 1503/7/1501 1501/7/1501 1499/7/1499 
f 1500/7/1500 1498/7/1500 1502/7/1502 
f 1500/7/1500 1502/7/1502 1504/7/1502 
f 1503/7/1501 1505/7/1503 1501/7/1501 
f 1507/7/1503 1505/7/1503 1503/7/1501 
f 1504/7/1502 1502/7/1502 1506/7/1504 
f 1504/7/1502 1506/7/1504 1508/7/1504 
f 1507/7/1503 1509/7/1505 1505/7/1503 
f 1511/7/1505 1509/7/1505 1507/7/1503 
f 1508/7/1504 1506/7/1504 1510/7/1506 
f 1508/7/1504 1510/7/1506 1512/7/1506 
f 1511/7/1505 1513/7/1507 1509/7/1505 
f 1511/7/1505 1515/7/1507 1513/7/1507 
f 1512/7/1506 1510/7/1506 1514/7/1508 
f 1512/7/1506 1514/7/1508 1516/7/1508 
f 1515/7/1507 1517/7/1509 1513/7/1507 
f 1519/7/1509 1517/7/1509 1515/7/1507 
f 1516/7/1508 1514/7/1508 1518/7/1510 
f 1516/7/1508 1518/7/1510 1520/7/1510 
f 1519/7/1509 1521/7/1511 1517/7/1509 
f 1523/7/1511 1521/7/1511 1519/7/1509 
f 1520/7/1510 1518/7/1510 1522/7/1512 
f 1520/7/1510 1522/7/1512 1524/7/1512 
f 1523/7/1511 1525/7/1513 1521/7/1511 
f 1527/7/1513 1525/7/1513 1523/7/1511 
f 1524/7/1512 1522/7/1512 1526/7/1514 
f 1524/7/1512 1526/7/1514 1528/7/1514 
f 1527/7/1513 1529/7/1515 1525/7/1513 
f 1531/7/1515 1529/7/1515 1527/7/1513 
f 1528/7/1514 1526/7/1514 1530/7/1516 
f 1528/7/1514 1530/7/1516 1532/7/1516 
f 1531/7/1515 1533/7/1517 1529/7/1515 
f 1531/7/1515 1535/7/1517 1533/7/1517 
f 1530/7/1516 1534/7/1518 1532/7/1516 
f 1532/7/1516 1534/7/1518 1536/7/1518 
f 1535/7/1517 1537/7/1519 1533/7/1517 
f 1535/7/1517 1539/7/1519 1537/7/1519 
f 1534/7/1518 1538/7/1520 1536/7/1518 
f 1536/7/1518 1538/7/1520 1540/7/1520 
f 1539/7/1519 1541/7/1521 1537/7/1519 
f 1539/7/1519 1543/7/1521 1541/7/1521 
f 1538/7/1520 1542/7/1522 1540/7/1520 
f 1540/7/1520 1542/7/1522 1544/7/1522 
f 1543/7/1521 1545/7/1494 1541/7/1521 
f 1543/7/1521 1547/7/1494 1545/7/1494 
f 1542/7/1522 1546/7/1492 1544/7/1522 
f 1544/7/1522 1546/7/1492 1548/7/1492 
f 1547/7/1494 1549/7/1493 1545/7/1494 
f 1547/7/1494 1551/7/1493 1549/7/1493 
f 1546/7/1492 1550/7/1491 1548/7/1492 
f 1548/7/1492 1550/7/1491 1552/7/1491 
f 1551/7/1493 1553/7/1496 1549/7/1493 
f 1551/7/1493 1555/7/1496 1553/7/1496 
f 1550/7/1491 1554/7/1495 1552/7/1491 
f 1552/7/1491 1554/7/1495 1556/7/1495 
f 1555/7/1496 1557/7/1498 1553/7/1496 
f 1555/7/1496 1559/7/1498 1557/7/1498 
f 1554/7/1495 1558/7/1497 1556/7/1495 
f 1556/7/1495 1558/7/1497 1560/7/1497 
f 1559/7/1498 1561/7/1500 1557/7/1498 
f 1559/7/1498 1563/7/1500 1561/7/1500 
f 1558/7/1497 1562/7/1499 1560/7/1497 
f 1560/7/1497 1562/7/1499 1564/7/1499 
f 1563/7/1500 1565/7/1502 1561/7/1500 
f 1567/7/1502 1565/7/1502 1563/7/1500 
f 1564/7/1499 1562/7/1499 1566/7/1501 
f 1564/7/1499 1566/7/1501 1568/7/1501 
f 1567/7/1502 1569/7/1504 1565/7/1502 
f 1571/7/1504 1569/7/1504 1567/7/1502 
f 1568/7/1501 1566/7/1501 1570/7/1503 
f 1568/7/1501 1570/7/1503 1572/7/1503 
f 1571/7/1504 1573/7/1506 1569/7/1504 
f 1575/7/1506 1573/7/1506 1571/7/1504 
f 1572/7/1503 1570/7/1503 1574/7/1505 
f 1572/7/1503 1574/7/1505 1576/7/1505 
f 1575/7/1506 1577/7/1508 1573/7/1506 
f 1579/7/1508 1577/7/1508 1575/7/1506 
f 1576/7/1505 1574/7/1505 1578/7/1507 
f 1576/7/1505 1578/7/1507 1580/7/1507 
f 1579/7/1508 1581/7/1510 1577/7/1508 
f 1583/7/1510 1581/7/1510 1579/7/1508 
f 1580/7/1507 1578/7/1507 1582/7/1509 
f 1584/7/1509 1580/7/1507 1582/7/1509 
f 1583/7/1510 1585/7/1512 1581/7/1510 
f 1587/7/1512 1585/7/1512 1583/7/1510 
f 1584/7/1509 1582/7/1509 1586/7/1511 
f 1584/7/1509 1586/7/1511 1588/7/1511 
f 1587/7/1512 1589/7/1514 1585/7/1512 
f 1591/7/1514 1589/7/1514 1587/7/1512 
f 1588/7/1511 1586/7/1511 1590/7/1513 
f 1588/7/1511 1590/7/1513 1592/7/1513 
f 1591/7/1514 1593/7/1516 1589/7/1514 
f 1595/7/1516 1593/7/1516 1591/7/1514 
f 1592/7/1513 1590/7/1513 1594/7/1515 
f 1592/7/1513 1594/7/1515 1596/7/1515 
f 1597/7/1518 1593/7/1516 1595/7/1516 
f 1597/7/1518 1595/7/1516 1599/7/1518 
f 1598/7/1517 1596/7/1515 1594/7/1515 
f 1600/7/1517 1596/7/1515 1598/7/1517 
f 1601/7/1520 1597/7/1518 1599/7/1518 
f 1601/7/1520 1599/7/1518 1603/7/1520 
f 1602/7/1519 1600/7/1517 1598/7/1517 
f 1604/7/1519 1600/7/1517 1602/7/1519 
f 1605/7/1522 1601/7/1520 1603/7/1520 
f 1605/7/1522 1603/7/1520 1607/7/1522 
f 1606/7/1521 1604/7/1519 1602/7/1519 
f 1608/7/1521 1604/7/1519 1606/7/1521 
f 1482/7/1492 1605/7/1522 1607/7/1522 
f 1482/7/1492 1607/7/1522 1487/7/1492 
f 1481/7/1494 1608/7/1521 1606/7/1521 
f 1485/7/1494 1608/7/1521 1481/7/1494 
f 1609/7/1387 1610/7/1387 1611/7/1387 
f 1609/7/1387 1611/7/1387 1612/7/1387 
f 1613/7/1490 1614/7/1490 1615/7/1490 
f 1613/7/1490 1616/7/1490 1614/7/1490 
f 1612/7/1387 1611/7/1387 1617/7/1387 
f 1612/7/1387 1617/7/1387 1618/7/1387 
f 1616/7/1490 1619/7/1490 1614/7/1490 
f 1616/7/1490 1620/7/1490 1619/7/1490 
f 1618/7/1387 1617/7/1387 1621/7/1387 
f 1618/7/1387 1621/7/1387 1622/7/1387 
f 1620/7/1490 1623/7/1490 1619/7/1490 
f 1620/7/1490 1624/7/1490 1623/7/1490 
f 1622/7/1387 1621/7/1387 1625/7/1387 
f 1622/7/1387 1625/7/1387 1626/7/1387 
f 1624/7/1490 1627/7/1490 1623/7/1490 
f 1624/7/1490 1628/7/1490 1627/7/1490 
f 1626/7/1387 1625/7/1387 1629/7/1387 
f 1626/7/1387 1629/7/1387 1630/7/1387 
f 1628/7/1490 1631/7/1490 1627/7/1490 
f 1628/7/1490 1632/7/1490 1631/7/1490 
f 1630/7/1387 1629/7/1387 1633/7/1387 
f 1630/7/1387 1633/7/1387 1634/7/1387 
f 1632/7/1490 1635/7/1490 1631/7/1490 
f 1632/7/1490 1636/7/1490 1635/7/1490 
f 1634/7/1387 1633/7/1387 1637/7/1387 
f 1634/7/1387 1637/7/1387 1638/7/1387 
f 1636/7/1490 1639/7/1490 1635/7/1490 
f 1636/7/1490 1640/7/1490 1639/7/1490 
f 1638/7/1387 1637/7/1387 1641/7/1387 
f 1638/7/1387 1641/7/1387 1642/7/1387 
f 1640/7/1490 1643/7/1490 1639/7/1490 
f 1640/7/1490 1644/7/1490 1643/7/1490 
f 1641/7/1387 1645/7/1387 1642/7/1387 
f 1642/7/1387 1645/7/1387 1646/7/1387 
f 1644/7/1490 1647/7/1490 1643/7/1490 
f 1644/7/1490 1648/7/1490 1647/7/1490 
f 1645/7/1387 1649/7/1387 1646/7/1387 
f 1646/7/1387 1649/7/1387 1650/7/1387 
f 1647/7/1490 1648/7/1490 1651/7/1490 
f 1648/7/1490 1652/7/1490 1651/7/1490 
f 1649/7/1387 1653/7/1387 1650/7/1387 
f 1650/7/1387 1653/7/1387 1654/7/1387 
f 1651/7/1490 1652/7/1490 1655/7/1490 
f 1652/7/1490 1656/7/1490 1655/7/1490 
f 1653/7/1387 1657/7/1387 1654/7/1387 
f 1654/7/1387 1657/7/1387 1658/7/1387 
f 1655/7/1490 1656/7/1490 1659/7/1490 
f 1656/7/1490 1660/7/1490 1659/7/1490 
f 1657/7/1387 1661/7/1387 1658/7/1387 
f 1661/7/1387 1662/7/1387 1658/7/1387 
f 1659/7/1490 1660/7/1490 1663/7/1490 
f 1663/7/1490 1660/7/1490 1664/7/1490 
f 1661/7/1387 1665/7/1387 1662/7/1387 
f 1665/7/1387 1666/7/1387 1662/7/1387 
f 1663/7/1490 1664/7/1490 1667/7/1490 
f 1667/7/1490 1664/7/1490 1668/7/1490 
f 1665/7/1387 1669/7/1387 1666/7/1387 
f 1669/7/1387 1670/7/1387 1666/7/1387 
f 1667/7/1490 1668/7/1490 1671/7/1490 
f 1671/7/1490 1668/7/1490 1672/7/1490 
f 1669/7/1387 1673/7/1387 1670/7/1387 
f 1673/7/1387 1674/7/1387 1670/7/1387 
f 1671/7/1490 1672/7/1490 1675/7/1490 
f 1675/7/1490 1672/7/1490 1676/7/1490 
f 1677/7/1387 1674/7/1387 1673/7/1387 
f 1677/7/1387 1678/7/1387 1674/7/1387 
f 1679/7/1490 1675/7/1490 1676/7/1490 
f 1679/7/1490 1676/7/1490 1680/7/1490 
f 1681/7/1387 1678/7/1387 1677/7/1387 
f 1681/7/1387 1682/7/1387 1678/7/1387 
f 1683/7/1490 1679/7/1490 1680/7/1490 
f 1683/7/1490 1680/7/1490 1684/7/1490 
f 1685/7/1387 1682/7/1387 1681/7/1387 
f 1685/7/1387 1686/7/1387 1682/7/1387 
f 1687/7/1490 1683/7/1490 1684/7/1490 
f 1687/7/1490 1684/7/1490 1688/7/1490 
f 1689/7/1387 1686/7/1387 1685/7/1387 
f 1689/7/1387 1690/7/1387 1686/7/1387 
f 1691/7/1490 1687/7/1490 1688/7/1490 
f 1691/7/1490 1688/7/1490 1692/7/1490 
f 1693/7/1387 1690/7/1387 1689/7/1387 
f 1693/7/1387 1694/7/1387 1690/7/1387 
f 1695/7/1490 1691/7/1490 1692/7/1490 
f 1695/7/1490 1692/7/1490 1696/7/1490 
f 1697/7/1387 1694/7/1387 1693/7/1387 
f 1697/7/1387 1698/7/1387 1694/7/1387 
f 1699/7/1490 1695/7/1490 1696/7/1490 
f 1699/7/1490 1696/7/1490 1700/7/1490 
f 1701/7/1387 1698/7/1387 1697/7/1387 
f 1701/7/1387 1702/7/1387 1698/7/1387 
f 1703/7/1490 1699/7/1490 1700/7/1490 
f 1703/7/1490 1700/7/1490 1704/7/1490 
f 1705/7/1387 1702/7/1387 1701/7/1387 
f 1706/7/1387 1702/7/1387 1705/7/1387 
f 1707/7/1490 1703/7/1490 1704/7/1490 
f 1707/7/1490 1704/7/1490 1708/7/1490 
f 1709/7/1387 1706/7/1387 1705/7/1387 
f 1710/7/1387 1706/7/1387 1709/7/1387 
f 1711/7/1490 1707/7/1490 1708/7/1490 
f 1712/7/1490 1711/7/1490 1708/7/1490 
f 1713/7/1387 1710/7/1387 1709/7/1387 
f 1714/7/1387 1710/7/1387 1713/7/1387 
f 1715/7/1490 1711/7/1490 1712/7/1490 
f 1716/7/1490 1715/7/1490 1712/7/1490 
f 1717/7/1387 1714/7/1387 1713/7/1387 
f 1718/7/1387 1714/7/1387 1717/7/1387 
f 1719/7/1490 1715/7/1490 1716/7/1490 
f 1720/7/1490 1719/7/1490 1716/7/1490 
f 1721/7/1387 1718/7/1387 1717/7/1387 
f 1722/7/1387 1718/7/1387 1721/7/1387 
f 1723/7/1490 1719/7/1490 1720/7/1490 
f 1724/7/1490 1723/7/1490 1720/7/1490 
f 1722/7/1387 1721/7/1387 1725/7/1387 
f 1726/7/1387 1722/7/1387 1725/7/1387 
f 1724/7/1490 1727/7/1490 1723/7/1490 
f 1728/7/1490 1727/7/1490 1724/7/1490 
f 1726/7/1387 1725/7/1387 1729/7/1387 
f 1730/7/1387 1726/7/1387 1729/7/1387 
f 1728/7/1490 1731/7/1490 1727/7/1490 
f 1732/7/1490 1731/7/1490 1728/7/1490 
f 1730/7/1387 1729/7/1387 1733/7/1387 
f 1734/7/1387 1730/7/1387 1733/7/1387 
f 1732/7/1490 1735/7/1490 1731/7/1490 
f 1736/7/1490 1735/7/1490 1732/7/1490 
f 1734/7/1387 1733/7/1387 1610/7/1387 
f 1609/7/1387 1734/7/1387 1610/7/1387 
f 1736/7/1490 1615/7/1490 1735/7/1490 
f 1613/7/1490 1615/7/1490 1736/7/1490 
f 1611/7/1491 1610/7/1492 1615/7/1492 
f 1611/7/1491 1615/7/1492 1614/7/1491 
f 1612/7/1493 1613/7/1494 1609/7/1494 
f 1616/7/1493 1613/7/1494 1612/7/1493 
f 1617/7/1495 1611/7/1491 1614/7/1491 
f 1617/7/1495 1614/7/1491 1619/7/1495 
f 1618/7/1496 1616/7/1493 1612/7/1493 
f 1620/7/1496 1616/7/1493 1618/7/1496 
f 1621/7/1497 1617/7/1495 1619/7/1495 
f 1621/7/1497 1619/7/1495 1623/7/1497 
f 1622/7/1498 1620/7/1496 1618/7/1496 
f 1624/7/1498 1620/7/1496 1622/7/1498 
f 1625/7/1499 1621/7/1497 1623/7/1497 
f 1625/7/1499 1623/7/1497 1627/7/1499 
f 1626/7/1500 1624/7/1498 1622/7/1498 
f 1628/7/1500 1624/7/1498 1626/7/1500 
f 1627/7/1499 1629/7/1501 1625/7/1499 
f 1631/7/1501 1629/7/1501 1627/7/1499 
f 1628/7/1500 1626/7/1500 1630/7/1502 
f 1628/7/1500 1630/7/1502 1632/7/1502 
f 1631/7/1501 1633/7/1503 1629/7/1501 
f 1635/7/1503 1633/7/1503 1631/7/1501 
f 1632/7/1502 1630/7/1502 1634/7/1504 
f 1632/7/1502 1634/7/1504 1636/7/1504 
f 1635/7/1503 1637/7/1505 1633/7/1503 
f 1639/7/1505 1637/7/1505 1635/7/1503 
f 1636/7/1504 1634/7/1504 1638/7/1506 
f 1636/7/1504 1638/7/1506 1640/7/1506 
f 1639/7/1505 1641/7/1507 1637/7/1505 
f 1639/7/1505 1643/7/1507 1641/7/1507 
f 1640/7/1506 1638/7/1506 1642/7/1508 
f 1640/7/1506 1642/7/1508 1644/7/1508 
f 1643/7/1507 1645/7/1509 1641/7/1507 
f 1647/7/1509 1645/7/1509 1643/7/1507 
f 1644/7/1508 1642/7/1508 1646/7/1510 
f 1644/7/1508 1646/7/1510 1648/7/1510 
f 1647/7/1509 1649/7/1511 1645/7/1509 
f 1651/7/1511 1649/7/1511 1647/7/1509 
f 1648/7/1510 1646/7/1510 1650/7/1512 
f 1648/7/1510 1650/7/1512 1652/7/1512 
f 1651/7/1511 1653/7/1513 1649/7/1511 
f 1655/7/1513 1653/7/1513 1651/7/1511 
f 1652/7/1512 1650/7/1512 1654/7/1514 
f 1652/7/1512 1654/7/1514 1656/7/1514 
f 1655/7/1513 1657/7/1515 1653/7/1513 
f 1659/7/1515 1657/7/1515 1655/7/1513 
f 1656/7/1514 1654/7/1514 1658/7/1516 
f 1656/7/1514 1658/7/1516 1660/7/1516 
f 1659/7/1515 1661/7/1517 1657/7/1515 
f 1659/7/1515 1663/7/1517 1661/7/1517 
f 1658/7/1516 1662/7/1518 1660/7/1516 
f 1660/7/1516 1662/7/1518 1664/7/1518 
f 1663/7/1517 1665/7/1519 1661/7/1517 
f 1663/7/1517 1667/7/1519 1665/7/1519 
f 1662/7/1518 1666/7/1520 1664/7/1518 
f 1664/7/1518 1666/7/1520 1668/7/1520 
f 1667/7/1519 1669/7/1521 1665/7/1519 
f 1667/7/1519 1671/7/1521 1669/7/1521 
f 1666/7/1520 1670/7/1522 1668/7/1520 
f 1668/7/1520 1670/7/1522 1672/7/1522 
f 1671/7/1521 1673/7/1494 1669/7/1521 
f 1671/7/1521 1675/7/1494 1673/7/1494 
f 1670/7/1522 1674/7/1492 1672/7/1522 
f 1672/7/1522 1674/7/1492 1676/7/1492 
f 1675/7/1494 1677/7/1493 1673/7/1494 
f 1675/7/1494 1679/7/1493 1677/7/1493 
f 1674/7/1492 1678/7/1491 1676/7/1492 
f 1676/7/1492 1678/7/1491 1680/7/1491 
f 1679/7/1493 1681/7/1496 1677/7/1493 
f 1679/7/1493 1683/7/1496 1681/7/1496 
f 1678/7/1491 1682/7/1495 1680/7/1491 
f 1680/7/1491 1682/7/1495 1684/7/1495 
f 1683/7/1496 1685/7/1498 1681/7/1496 
f 1683/7/1496 1687/7/1498 1685/7/1498 
f 1682/7/1495 1686/7/1497 1684/7/1495 
f 1684/7/1495 1686/7/1497 1688/7/1497 
f 1687/7/1498 1689/7/1500 1685/7/1498 
f 1687/7/1498 1691/7/1500 1689/7/1500 
f 1686/7/1497 1690/7/1499 1688/7/1497 
f 1688/7/1497 1690/7/1499 1692/7/1499 
f 1691/7/1500 1693/7/1502 1689/7/1500 
f 1695/7/1502 1693/7/1502 1691/7/1500 
f 1692/7/1499 1690/7/1499 1694/7/1501 
f 1692/7/1499 1694/7/1501 1696/7/1501 
f 1695/7/1502 1697/7/1504 1693/7/1502 
f 1699/7/1504 1697/7/1504 1695/7/1502 
f 1696/7/1501 1694/7/1501 1698/7/1503 
f 1696/7/1501 1698/7/1503 1700/7/1503 
f 1699/7/1504 1701/7/1506 1697/7/1504 
f 1703/7/1506 1701/7/1506 1699/7/1504 
f 1700/7/1503 1698/7/1503 1702/7/1505 
f 1700/7/1503 1702/7/1505 1704/7/1505 
f 1703/7/1506 1705/7/1508 1701/7/1506 
f 1707/7/1508 1705/7/1508 1703/7/1506 
f 1704/7/1505 1702/7/1505 1706/7/1507 
f 1704/7/1505 1706/7/1507 1708/7/1507 
f 1707/7/1508 1709/7/1510 1705/7/1508 
f 1711/7/1510 1709/7/1510 1707/7/1508 
f 1708/7/1507 1706/7/1507 1710/7/1509 
f 1712/7/1509 1708/7/1507 1710/7/1509 
f 1711/7/1510 1713/7/1512 1709/7/1510 
f 1715/7/1512 1713/7/1512 1711/7/1510 
f 1712/7/1509 1710/7/1509 1714/7/1511 
f 1712/7/1509 1714/7/1511 1716/7/1511 
f 1715/7/1512 1717/7/1514 1713/7/1512 
f 1719/7/1514 1717/7/1514 1715/7/1512 
f 1716/7/1511 1714/7/1511 1718/7/1513 
f 1716/7/1511 1718/7/1513 1720/7/1513 
f 1719/7/1514 1721/7/1516 1717/7/1514 
f 1723/7/1516 1721/7/1516 1719/7/1514 
f 1720/7/1513 1718/7/1513 1722/7/1515 
f 1720/7/1513 1722/7/1515 1724/7/1515 
f 1725/7/1518 1721/7/1516 1723/7/1516 
f 1725/7/1518 1723/7/1516 1727/7/1518 
f 1726/7/1517 1724/7/1515 1722/7/1515 
f 1728/7/1517 1724/7/1515 1726/7/1517 
f 1729/7/1520 1725/7/1518 1727/7/1518 
f 1729/7/1520 1727/7/1518 1731/7/1520 
f 1730/7/1519 1728/7/1517 1726/7/1517 
f 1732/7/1519 1728/7/1517 1730/7/1519 
f 1733/7/1522 1729/7/1520 1731/7/1520 
f 1733/7/1522 1731/7/1520 1735/7/1522 
f 1734/7/1521 1732/7/1519 1730/7/1519 
f 1736/7/1521 1732/7/1519 1734/7/1521 
f 1610/7/1492 1733/7/1522 1735/7/1522 
f 1610/7/1492 1735/7/1522 1615/7/1492 
f 1609/7/1494 1736/7/1521 1734/7/1521 
f 1613/7/1494 1736/7/1521 1609/7/1494 
usemtl Material_5
f 1737/7/1523 1738/7/1523 1739/7/1523 
f 1739/7/1523 1738/7/1523 1740/7/1523 
f 1741/7/1524 1739/7/1524 1740/7/1524 
f 1741/7/1524 1740/7/1524 1742/7/1524 
f 1741/7/1525 1742/7/1525 1743/7/1525 
f 1743/7/1525 1742/7/1525 1744/7/1525 
f 1743/7/1526 1744/7/1526 1745/7/1526 
f 1745/7/1526 1744/7/1526 1746/7/1526 
f 1746/7/1527 1747/7/1527 1745/7/1527 
f 1746/7/1527 1748/7/1527 1747/7/1527 
f 1747/7/1528 1748/7/1528 1737/7/1528 
f 1737/7/1528 1748/7/1528 1738/7/1528 
f 1739/7/1490 1749/7/1490 1737/7/1490 
f 1740/7/1387 1738/7/1387 1750/7/1387 
f 1741/7/1490 1749/7/1490 1739/7/1490 
f 1740/7/1387 1750/7/1387 1742/7/1387 
f 1741/7/1490 1743/7/1490 1749/7/1490 
f 1742/7/1387 1750/7/1387 1744/7/1387 
f 1743/7/1490 1745/7/1490 1749/7/1490 
f 1750/7/1387 1746/7/1387 1744/7/1387 
f 1749/7/1490 1745/7/1490 1747/7/1490 
f 1750/7/1387 1748/7/1387 1746/7/1387 
f 1749/7/1490 1747/7/1490 1737/7/1490 
f 1738/7/1387 1748/7/1387 1750/7/1387 
f 1751/7/1523 1752/7/1523 1753/7/1523 
f 1753/7/1523 1752/7/1523 1754/7/1523 
f 1755/7/1524 1753/7/1524 1754/7/1524 
f 1755/7/1524 1754/7/1524 1756/7/1524 
f 1755/7/1525 1756/7/1525 1757/7/1525 
f 1757/7/1525 1756/7/1525 1758/7/1525 
f 1757/7/1526 1758/7/1526 1759/7/1526 
f 1759/7/1526 1758/7/1526 1760/7/1526 
f 1760/7/1527 1761/7/1527 1759/7/1527 
f 1760/7/1527 1762/7/1527 1761/7/1527 
f 1761/7/1528 1762/7/1528 1751/7/1528 
f 1751/7/1528 1762/7/1528 1752/7/1528 
f 1753/7/1490 1763/7/1490 1751/7/1490 
f 1754/7/1387 1752/7/1387 1764/7/1387 
f 1755/7/1490 1763/7/1490 1753/7/1490 
f 1754/7/1387 1764/7/1387 1756/7/1387 
f 1755/7/1490 1757/7/1490 1763/7/1490 
f 1756/7/1387 1764/7/1387 1758/7/1387 
f 1757/7/1490 1759/7/1490 1763/7/1490 
f 1764/7/1387 1760/7/1387 1758/7/1387 
f 1763/7/1490 1759/7/1490 1761/7/1490 
f 1764/7/1387 1762/7/1387 1760/7/1387 
f 1763/7/1490 1761/7/1490 1751/7/1490 
f 1752/7/1387 1762/7/1387 1764/7/1387 
f 1765/7/1523 1766/7/1523 1767/7/1523 
f 1767/7/1523 1766/7/1523 1768/7/1523 
f 1769/7/1524 1767/7/1524 1768/7/1524 
f 1769/7/1524 1768/7/1524 1770/7/1524 
f 1769/7/1525 1770/7/1525 1771/7/1525 
f 1771/7/1525 1770/7/1525 1772/7/1525 
f 1771/7/1526 1772/7/1526 1773/7/1526 
f 1773/7/1526 1772/7/1526 1774/7/1526 
f 1774/7/1527 1775/7/1527 1773/7/1527 
f 1774/7/1527 1776/7/1527 1775/7/1527 
f 1775/7/1528 1776/7/1528 1765/7/1528 
f 1765/7/1528 1776/7/1528 1766/7/1528 
f 1767/7/1490 1777/7/1490 1765/7/1490 
f 1768/7/1387 1766/7/1387 1778/7/1387 
f 1769/7/1490 1777/7/1490 1767/7/1490 
f 1768/7/1387 1778/7/1387 1770/7/1387 
f 1769/7/1490 1771/7/1490 1777/7/1490 
f 1770/7/1387 1778/7/1387 1772/7/1387 
f 1771/7/1490 1773/7/1490 1777/7/1490 
f 1778/7/1387 1774/7/1387 1772/7/1387 
f 1777/7/1490 1773/7/1490 1775/7/1490 
f 1778/7/1387 1776/7/1387 1774/7/1387 
f 1777/7/1490 1775/7/1490 1765/7/1490 
f 1766/7/1387 1776/7/1387 1778/7/1387 
f 1779/7/1523 1780/7/1523 1781/7/1523 
f 1781/7/1523 1780/7/1523 1782/7/1523 
f 1783/7/1524 1781/7/1524 1782/7/1524 
f 1783/7/1524 1782/7/1524 1784/7/1524 
f 1783/7/1525 1784/7/1525 1785/7/1525 
f 1785/7/1525 1784/7/1525 1786/7/1525 
f 1785/7/1526 1786/7/1526 1787/7/1526 
f 1787/7/1526 1786/7/1526 1788/7/1526 
f 1787/7/1527 1788/7/1527 1789/7/1527 
f 1788/7/1527 1790/7/1527 1789/7/1527 
f 1789/7/1528 1790/7/1528 1779/7/1528 
f 1779/7/1528 1790/7/1528 1780/7/1528 
f 1781/7/1490 1791/7/1490 1779/7/1490 
f 1782/7/1387 1780/7/1387 1792/7/1387 
f 1783/7/1490 1791/7/1490 1781/7/1490 
f 1782/7/1387 1792/7/1387 1784/7/1387 
f 1783/7/1490 1785/7/1490 1791/7/1490 
f 1784/7/1387 1792/7/1387 1786/7/1387 
f 1785/7/1490 1787/7/1490 1791/7/1490 
f 1792/7/1387 1788/7/1387 1786/7/1387 
f 1791/7/1490 1787/7/1490 1789/7/1490 
f 1792/7/1387 1790/7/1387 1788/7/1387 
f 1791/7/1490 1789/7/1490 1779/7/1490 
f 1780/7/1387 1790/7/1387 1792/7/1387 
f 1793/7/1523 1794/7/1523 1795/7/1523 
f 1795/7/1523 1794/7/1523 1796/7/1523 
f 1797/7/1524 1795/7/1524 1796/7/1524 
f 1797/7/1524 1796/7/1524 1798/7/1524 
f 1797/7/1525 1798/7/1525 1799/7/1525 
f 1799/7/1525 1798/7/1525 1800/7/1525 
f 1799/7/1526 1800/7/1526 1801/7/1526 
f 1801/7/1526 1800/7/1526 1802/7/1526 
f 1801/7/1527 1802/7/1527 1803/7/1527 
f 1802/7/1527 1804/7/1527 1803/7/1527 
f 1803/7/1528 1804/7/1528 1793/7/1528 
f 1793/7/1528 1804/7/1528 1794/7/1528 
f 1795/7/1490 1805/7/1490 1793/7/1490 
f 1796/7/1387 1794/7/1387 1806/7/1387 
f 1797/7/1490 1805/7/1490 1795/7/1490 
f 1796/7/1387 1806/7/1387 1798/7/1387 
f 1797/7/1490 1799/7/1490 1805/7/1490 
f 1798/7/1387 1806/7/1387 1800/7/1387 
f 1799/7/1490 1801/7/1490 1805/7/1490 
f 1806/7/1387 1802/7/1387 1800/7/1387 
f 1805/7/1490 1801/7/1490 1803/7/1490 
f 1806/7/1387 1804/7/1387 1802/7/1387 
f 1805/7/1490 1803/7/1490 1793/7/1490 
f 1794/7/1387 1804/7/1387 1806/7/1387 
f 1807/7/1509 1808/7/1509 1809/7/1509 
f 1809/7/1509 1808/7/1509 1810/7/1509 
f 1809/7/1513 1810/7/1513 1811/7/1513 
f 1811/7/1513 1810/7/1513 1812/7/1513 
f 1813/7/1517 1811/7/1517 1812/7/1517 
f 1813/7/1517 1812/7/1517 1814/7/1517 
f 1815/7/1529 1813/7/1529 1814/7/1529 
f 1815/7/1529 1814/7/1529 1816/7/1529 
f 1817/7/1493 1815/7/1493 1816/7/1493 
f 1817/7/1493 1816/7/1493 1818/7/1493 
f 1819/7/1498 1817/7/1498 1818/7/1498 
f 1819/7/1498 1818/7/1498 1820/7/1498 
f 1819/7/1530 1820/7/1530 1821/7/1530 
f 1821/7/1530 1820/7/1530 1822/7/1530 
f 1821/7/1531 1822/7/1531 1823/7/1531 
f 1823/7/1531 1822/7/1531 1824/7/1531 
f 1823/7/1510 1824/7/1510 1825/7/1510 
f 1825/7/1510 1824/7/1510 1826/7/1510 
f 1825/7/1514 1826/7/1514 1827/7/1514 
f 1827/7/1514 1826/7/1514 1828/7/1514 
f 1827/7/1532 1828/7/1532 1829/7/1532 
f 1828/7/1532 1830/7/1532 1829/7/1532 
f 1829/7/1533 1830/7/1533 1831/7/1533 
f 1830/7/1533 1832/7/1533 1831/7/1533 
f 1832/7/1491 1833/7/1491 1831/7/1491 
f 1832/7/1491 1834/7/1491 1833/7/1491 
f 1833/7/1497 1834/7/1497 1835/7/1497 
f 1834/7/1497 1836/7/1497 1835/7/1497 
f 1835/7/1501 1836/7/1501 1837/7/1501 
f 1837/7/1501 1836/7/1501 1838/7/1501 
f 1837/7/1505 1838/7/1505 1807/7/1505 
f 1807/7/1505 1838/7/1505 1808/7/1505 
f 1809/7/1490 1839/7/1490 1807/7/1490 
f 1810/7/1387 1808/7/1387 1840/7/1387 
f 1811/7/1490 1839/7/1490 1809/7/1490 
f 1812/7/1387 1810/7/1387 1840/7/1387 
f 1813/7/1490 1839/7/1490 1811/7/1490 
f 1814/7/1387 1812/7/1387 1840/7/1387 
f 1815/7/1490 1839/7/1490 1813/7/1490 
f 1816/7/1387 1814/7/1387 1840/7/1387 
f 1815/7/1490 1817/7/1490 1839/7/1490 
f 1816/7/1387 1840/7/1387 1818/7/1387 
f 1817/7/1490 1819/7/1490 1839/7/1490 
f 1818/7/1387 1840/7/1387 1820/7/1387 
f 1819/7/1490 1821/7/1490 1839/7/1490 
f 1820/7/1387 1840/7/1387 1822/7/1387 
f 1821/7/1490 1823/7/1490 1839/7/1490 
f 1822/7/1387 1840/7/1387 1824/7/1387 
f 1823/7/1490 1825/7/1490 1839/7/1490 
f 1840/7/1387 1826/7/1387 1824/7/1387 
f 1839/7/1490 1825/7/1490 1827/7/1490 
f 1840/7/1387 1828/7/1387 1826/7/1387 
f 1839/7/1490 1827/7/1490 1829/7/1490 
f 1840/7/1387 1830/7/1387 1828/7/1387 
f 1839/7/1490 1829/7/1490 1831/7/1490 
f 1840/7/1387 1832/7/1387 1830/7/1387 
f 1839/7/1490 1831/7/1490 1833/7/1490 
f 1840/7/1387 1834/7/1387 1832/7/1387 
f 1839/7/1490 1833/7/1490 1835/7/1490 
f 1840/7/1387 1836/7/1387 1834/7/1387 
f 1839/7/1490 1835/7/1490 1837/7/1490 
f 1840/7/1387 1838/7/1387 1836/7/1387 
f 1839/7/1490 1837/7/1490 1807/7/1490 
f 1808/7/1387 1838/7/1387 1840/7/1387 
usemtl Material_28
f 1841/7/1387 1842/7/1387 1843/7/1387 
f 1841/7/1387 1843/7/1387 1844/7/1387 
f 1845/7/1490 1846/7/1490 1847/7/1490 
f 1845/7/1490 1848/7/1490 1846/7/1490 
f 1844/7/1387 1843/7/1387 1849/7/1387 
f 1844/7/1387 1849/7/1387 1850/7/1387 
f 1848/7/1490 1851/7/1490 1846/7/1490 
f 1848/7/1490 1852/7/1490 1851/7/1490 
f 1850/7/1387 1849/7/1387 1853/7/1387 
f 1850/7/1387 1853/7/1387 1854/7/1387 
f 1852/7/1490 1855/7/1490 1851/7/1490 
f 1852/7/1490 1856/7/1490 1855/7/1490 
f 1854/7/1387 1853/7/1387 1857/7/1387 
f 1854/7/1387 1857/7/1387 1858/7/1387 
f 1856/7/1490 1859/7/1490 1855/7/1490 
f 1856/7/1490 1860/7/1490 1859/7/1490 
f 1858/7/1387 1857/7/1387 1861/7/1387 
f 1858/7/1387 1861/7/1387 1862/7/1387 
f 1860/7/1490 1863/7/1490 1859/7/1490 
f 1860/7/1490 1864/7/1490 1863/7/1490 
f 1862/7/1387 1861/7/1387 1865/7/1387 
f 1862/7/1387 1865/7/1387 1866/7/1387 
f 1864/7/1490 1867/7/1490 1863/7/1490 
f 1864/7/1490 1868/7/1490 1867/7/1490 
f 1866/7/1387 1865/7/1387 1869/7/1387 
f 1866/7/1387 1869/7/1387 1870/7/1387 
f 1868/7/1490 1871/7/1490 1867/7/1490 
f 1868/7/1490 1872/7/1490 1871/7/1490 
f 1870/7/1387 1869/7/1387 1873/7/1387 
f 1870/7/1387 1873/7/1387 1874/7/1387 
f 1872/7/1490 1875/7/1490 1871/7/1490 
f 1872/7/1490 1876/7/1490 1875/7/1490 
f 1873/7/1387 1877/7/1387 1874/7/1387 
f 1874/7/1387 1877/7/1387 1878/7/1387 
f 1876/7/1490 1879/7/1490 1875/7/1490 
f 1876/7/1490 1880/7/1490 1879/7/1490 
f 1877/7/1387 1881/7/1387 1878/7/1387 
f 1878/7/1387 1881/7/1387 1882/7/1387 
f 1879/7/1490 1880/7/1490 1883/7/1490 
f 1880/7/1490 1884/7/1490 1883/7/1490 
f 1881/7/1387 1885/7/1387 1882/7/1387 
f 1885/7/1387 1886/7/1387 1882/7/1387 
f 1883/7/1490 1884/7/1490 1887/7/1490 
f 1887/7/1490 1884/7/1490 1888/7/1490 
f 1885/7/1387 1889/7/1387 1886/7/1387 
f 1889/7/1387 1890/7/1387 1886/7/1387 
f 1887/7/1490 1888/7/1490 1891/7/1490 
f 1891/7/1490 1888/7/1490 1892/7/1490 
f 1889/7/1387 1893/7/1387 1890/7/1387 
f 1893/7/1387 1894/7/1387 1890/7/1387 
f 1891/7/1490 1892/7/1490 1895/7/1490 
f 1895/7/1490 1892/7/1490 1896/7/1490 
f 1893/7/1387 1897/7/1387 1894/7/1387 
f 1897/7/1387 1898/7/1387 1894/7/1387 
f 1895/7/1490 1896/7/1490 1899/7/1490 
f 1899/7/1490 1896/7/1490 1900/7/1490 
f 1897/7/1387 1901/7/1387 1898/7/1387 
f 1901/7/1387 1902/7/1387 1898/7/1387 
f 1899/7/1490 1900/7/1490 1903/7/1490 
f 1903/7/1490 1900/7/1490 1904/7/1490 
f 1901/7/1387 1905/7/1387 1902/7/1387 
f 1905/7/1387 1906/7/1387 1902/7/1387 
f 1903/7/1490 1904/7/1490 1907/7/1490 
f 1907/7/1490 1904/7/1490 1908/7/1490 
f 1909/7/1387 1906/7/1387 1905/7/1387 
f 1909/7/1387 1910/7/1387 1906/7/1387 
f 1911/7/1490 1907/7/1490 1908/7/1490 
f 1911/7/1490 1908/7/1490 1912/7/1490 
f 1913/7/1387 1910/7/1387 1909/7/1387 
f 1913/7/1387 1914/7/1387 1910/7/1387 
f 1915/7/1490 1911/7/1490 1912/7/1490 
f 1915/7/1490 1912/7/1490 1916/7/1490 
f 1917/7/1387 1914/7/1387 1913/7/1387 
f 1917/7/1387 1918/7/1387 1914/7/1387 
f 1919/7/1490 1915/7/1490 1916/7/1490 
f 1919/7/1490 1916/7/1490 1920/7/1490 
f 1921/7/1387 1918/7/1387 1917/7/1387 
f 1921/7/1387 1922/7/1387 1918/7/1387 
f 1923/7/1490 1919/7/1490 1920/7/1490 
f 1923/7/1490 1920/7/1490 1924/7/1490 
f 1925/7/1387 1922/7/1387 1921/7/1387 
f 1925/7/1387 1926/7/1387 1922/7/1387 
f 1927/7/1490 1923/7/1490 1924/7/1490 
f 1927/7/1490 1924/7/1490 1928/7/1490 
f 1929/7/1387 1926/7/1387 1925/7/1387 
f 1929/7/1387 1930/7/1387 1926/7/1387 
f 1931/7/1490 1927/7/1490 1928/7/1490 
f 1931/7/1490 1928/7/1490 1932/7/1490 
f 1933/7/1387 1930/7/1387 1929/7/1387 
f 1933/7/1387 1934/7/1387 1930/7/1387 
f 1935/7/1490 1931/7/1490 1932/7/1490 
f 1935/7/1490 1932/7/1490 1936/7/1490 
f 1937/7/1387 1934/7/1387 1933/7/1387 
f 1938/7/1387 1934/7/1387 1937/7/1387 
f 1939/7/1490 1935/7/1490 1936/7/1490 
f 1939/7/1490 1936/7/1490 1940/7/1490 
f 1941/7/1387 1938/7/1387 1937/7/1387 
f 1942/7/1387 1938/7/1387 1941/7/1387 
f 1943/7/1490 1939/7/1490 1940/7/1490 
f 1944/7/1490 1943/7/1490 1940/7/1490 
f 1945/7/1387 1942/7/1387 1941/7/1387 
f 1946/7/1387 1942/7/1387 1945/7/1387 
f 1947/7/1490 1943/7/1490 1944/7/1490 
f 1948/7/1490 1947/7/1490 1944/7/1490 
f 1946/7/1387 1945/7/1387 1949/7/1387 
f 1950/7/1387 1946/7/1387 1949/7/1387 
f 1948/7/1490 1951/7/1490 1947/7/1490 
f 1952/7/1490 1951/7/1490 1948/7/1490 
f 1950/7/1387 1949/7/1387 1953/7/1387 
f 1954/7/1387 1950/7/1387 1953/7/1387 
f 1952/7/1490 1955/7/1490 1951/7/1490 
f 1956/7/1490 1955/7/1490 1952/7/1490 
f 1954/7/1387 1953/7/1387 1957/7/1387 
f 1958/7/1387 1954/7/1387 1957/7/1387 
f 1956/7/1490 1959/7/1490 1955/7/1490 
f 1960/7/1490 1959/7/1490 1956/7/1490 
f 1958/7/1387 1957/7/1387 1961/7/1387 
f 1962/7/1387 1958/7/1387 1961/7/1387 
f 1960/7/1490 1963/7/1490 1959/7/1490 
f 1964/7/1490 1963/7/1490 1960/7/1490 
f 1962/7/1387 1961/7/1387 1965/7/1387 
f 1966/7/1387 1962/7/1387 1965/7/1387 
f 1964/7/1490 1967/7/1490 1963/7/1490 
f 1968/7/1490 1967/7/1490 1964/7/1490 
f 1966/7/1387 1965/7/1387 1842/7/1387 
f 1841/7/1387 1966/7/1387 1842/7/1387 
f 1968/7/1490 1847/7/1490 1967/7/1490 
f 1845/7/1490 1847/7/1490 1968/7/1490 
f 1843/7/1491 1842/7/1534 1847/7/1534 
f 1843/7/1491 1847/7/1534 1846/7/1491 
f 1844/7/1493 1845/7/1535 1841/7/1535 
f 1848/7/1493 1845/7/1535 1844/7/1493 
f 1849/7/1495 1843/7/1491 1846/7/1491 
f 1849/7/1495 1846/7/1491 1851/7/1495 
f 1850/7/1496 1848/7/1493 1844/7/1493 
f 1852/7/1496 1848/7/1493 1850/7/1496 
f 1853/7/1536 1849/7/1495 1851/7/1495 
f 1853/7/1536 1851/7/1495 1855/7/1536 
f 1854/7/1498 1852/7/1496 1850/7/1496 
f 1856/7/1498 1852/7/1496 1854/7/1498 
f 1857/7/1499 1853/7/1536 1855/7/1536 
f 1857/7/1499 1855/7/1536 1859/7/1499 
f 1858/7/1500 1856/7/1498 1854/7/1498 
f 1860/7/1500 1856/7/1498 1858/7/1500 
f 1859/7/1499 1861/7/1501 1857/7/1499 
f 1863/7/1501 1861/7/1501 1859/7/1499 
f 1860/7/1500 1858/7/1500 1862/7/1502 
f 1860/7/1500 1862/7/1502 1864/7/1502 
f 1863/7/1501 1865/7/1503 1861/7/1501 
f 1867/7/1503 1865/7/1503 1863/7/1501 
f 1864/7/1502 1862/7/1502 1866/7/1537 
f 1864/7/1502 1866/7/1537 1868/7/1537 
f 1867/7/1503 1869/7/1538 1865/7/1503 
f 1871/7/1538 1869/7/1538 1867/7/1503 
f 1868/7/1537 1866/7/1537 1870/7/1506 
f 1868/7/1537 1870/7/1506 1872/7/1506 
f 1871/7/1538 1873/7/1539 1869/7/1538 
f 1871/7/1538 1875/7/1539 1873/7/1539 
f 1872/7/1506 1870/7/1506 1874/7/1540 
f 1872/7/1506 1874/7/1540 1876/7/1540 
f 1875/7/1539 1877/7/1509 1873/7/1539 
f 1879/7/1509 1877/7/1509 1875/7/1539 
f 1876/7/1540 1874/7/1540 1878/7/1541 
f 1876/7/1540 1878/7/1541 1880/7/1541 
f 1879/7/1509 1881/7/1511 1877/7/1509 
f 1883/7/1511 1881/7/1511 1879/7/1509 
f 1880/7/1541 1878/7/1541 1882/7/1512 
f 1880/7/1541 1882/7/1512 1884/7/1512 
f 1883/7/1511 1885/7/1513 1881/7/1511 
f 1887/7/1513 1885/7/1513 1883/7/1511 
f 1884/7/1512 1882/7/1512 1886/7/1514 
f 1884/7/1512 1886/7/1514 1888/7/1514 
f 1887/7/1513 1889/7/1515 1885/7/1513 
f 1891/7/1515 1889/7/1515 1887/7/1513 
f 1888/7/1514 1886/7/1514 1890/7/1516 
f 1888/7/1514 1890/7/1516 1892/7/1516 
f 1891/7/1515 1893/7/1517 1889/7/1515 
f 1891/7/1515 1895/7/1517 1893/7/1517 
f 1890/7/1516 1894/7/1518 1892/7/1516 
f 1892/7/1516 1894/7/1518 1896/7/1518 
f 1895/7/1517 1897/7/1542 1893/7/1517 
f 1895/7/1517 1899/7/1542 1897/7/1542 
f 1894/7/1518 1898/7/1520 1896/7/1518 
f 1896/7/1518 1898/7/1520 1900/7/1520 
f 1899/7/1542 1901/7/1529 1897/7/1542 
f 1899/7/1542 1903/7/1529 1901/7/1529 
f 1898/7/1520 1902/7/1522 1900/7/1520 
f 1900/7/1520 1902/7/1522 1904/7/1522 
f 1903/7/1529 1905/7/1535 1901/7/1529 
f 1903/7/1529 1907/7/1535 1905/7/1535 
f 1902/7/1522 1906/7/1534 1904/7/1522 
f 1904/7/1522 1906/7/1534 1908/7/1534 
f 1907/7/1535 1909/7/1493 1905/7/1535 
f 1907/7/1535 1911/7/1493 1909/7/1493 
f 1906/7/1534 1910/7/1491 1908/7/1534 
f 1908/7/1534 1910/7/1491 1912/7/1491 
f 1911/7/1493 1913/7/1496 1909/7/1493 
f 1911/7/1493 1915/7/1496 1913/7/1496 
f 1910/7/1491 1914/7/1495 1912/7/1491 
f 1912/7/1491 1914/7/1495 1916/7/1495 
f 1915/7/1496 1917/7/1498 1913/7/1496 
f 1915/7/1496 1919/7/1498 1917/7/1498 
f 1914/7/1495 1918/7/1536 1916/7/1495 
f 1916/7/1495 1918/7/1536 1920/7/1536 
f 1919/7/1498 1921/7/1500 1917/7/1498 
f 1919/7/1498 1923/7/1500 1921/7/1500 
f 1918/7/1536 1922/7/1499 1920/7/1536 
f 1920/7/1536 1922/7/1499 1924/7/1499 
f 1923/7/1500 1925/7/1502 1921/7/1500 
f 1927/7/1502 1925/7/1502 1923/7/1500 
f 1924/7/1499 1922/7/1499 1926/7/1501 
f 1924/7/1499 1926/7/1501 1928/7/1501 
f 1927/7/1502 1929/7/1537 1925/7/1502 
f 1931/7/1537 1929/7/1537 1927/7/1502 
f 1928/7/1501 1926/7/1501 1930/7/1503 
f 1928/7/1501 1930/7/1503 1932/7/1503 
f 1931/7/1537 1933/7/1506 1929/7/1537 
f 1935/7/1506 1933/7/1506 1931/7/1537 
f 1932/7/1503 1930/7/1503 1934/7/1538 
f 1932/7/1503 1934/7/1538 1936/7/1538 
f 1935/7/1506 1937/7/1540 1933/7/1506 
f 1939/7/1540 1937/7/1540 1935/7/1506 
f 1936/7/1538 1934/7/1538 1938/7/1539 
f 1936/7/1538 1938/7/1539 1940/7/1539 
f 1939/7/1540 1941/7/1541 1937/7/1540 
f 1943/7/1541 1941/7/1541 1939/7/1540 
f 1940/7/1539 1938/7/1539 1942/7/1509 
f 1944/7/1509 1940/7/1539 1942/7/1509 
f 1943/7/1541 1945/7/1512 1941/7/1541 
f 1947/7/1512 1945/7/1512 1943/7/1541 
f 1944/7/1509 1942/7/1509 1946/7/1511 
f 1944/7/1509 1946/7/1511 1948/7/1511 
f 1947/7/1512 1949/7/1514 1945/7/1512 
f 1951/7/1514 1949/7/1514 1947/7/1512 
f 1948/7/1511 1946/7/1511 1950/7/1513 
f 1948/7/1511 1950/7/1513 1952/7/1513 
f 1951/7/1514 1953/7/1516 1949/7/1514 
f 1955/7/1516 1953/7/1516 1951/7/1514 
f 1952/7/1513 1950/7/1513 1954/7/1515 
f 1952/7/1513 1954/7/1515 1956/7/1515 
f 1957/7/1518 1953/7/1516 1955/7/1516 
f 1957/7/1518 1955/7/1516 1959/7/1518 
f 1958/7/1517 1956/7/1515 1954/7/1515 
f 1960/7/1517 1956/7/1515 1958/7/1517 
f 1961/7/1520 1957/7/1518 1959/7/1518 
f 1961/7/1520 1959/7/1518 1963/7/1520 
f 1962/7/1542 1960/7/1517 1958/7/1517 
f 1964/7/1542 1960/7/1517 1962/7/1542 
f 1965/7/1522 1961/7/1520 1963/7/1520 
f 1965/7/1522 1963/7/1520 1967/7/1522 
f 1966/7/1529 1964/7/1542 1962/7/1542 
f 1968/7/1529 1964/7/1542 1966/7/1529 
f 1842/7/1534 1965/7/1522 1967/7/1522 
f 1842/7/1534 1967/7/1522 1847/7/1534 
f 1841/7/1535 1968/7/1529 1966/7/1529 
f 1845/7/1535 1968/7/1529 1841/7/1535 
usemtl Material_17
f 1969/7/1543 1970/7/1543 1971/7/1543 
f 1969/7/1543 1971/7/1543 1972/7/1543 
f 1972/7/1544 1973/7/1544 1969/7/1544 
f 1974/7/1544 1973/7/1544 1972/7/1544 
f 1973/7/1545 1974/7/1545 1975/7/1545 
f 1975/7/1545 1974/7/1545 1976/7/1545 
f 1976/7/1546 1977/7/1546 1975/7/1546 
f 1976/7/1546 1978/7/1546 1977/7/1546 
f 1977/7/1547 1978/7/1547 1970/7/1547 
f 1970/7/1547 1978/7/1547 1971/7/1547 
f 1969/7/1548 1979/7/1548 1970/7/1548 
f 1972/7/1549 1971/7/1549 1980/7/1549 
f 1969/7/1548 1973/7/1548 1979/7/1548 
f 1972/7/1549 1980/7/1549 1974/7/1549 
f 1973/7/1548 1975/7/1548 1979/7/1548 
f 1974/7/1549 1980/7/1549 1976/7/1549 
f 1979/7/1548 1975/7/1548 1977/7/1548 
f 1980/7/1549 1978/7/1549 1976/7/1549 
f 1979/7/1548 1977/7/1548 1970/7/1548 
f 1971/7/1549 1978/7/1549 1980/7/1549 
# 0 polygons - 1084 triangles

#
# object main_001
#

v  1.0419 0.5142 -1.0418
v  1.0533 0.5316 -1.0245
v  1.0416 0.5137 -0.8866
v  1.0522 0.5316 -0.9008
v  1.0533 0.5834 -1.0490
v  1.0459 0.5943 -0.9111
v  1.0522 0.5819 -0.9138
v  1.0491 0.5957 -1.0819
v  1.0270 0.5825 0.6754
v  1.0400 0.5651 0.7772
v  1.0354 0.5670 0.6783
v  1.0318 0.5811 0.7746
v  1.0495 0.5797 1.0578
v  1.0585 0.5657 1.0364
v  1.0585 0.5160 1.0178
v  1.0429 0.5017 1.0222
v  1.0400 0.5191 0.7747
v  1.0272 0.5071 0.7747
v  1.0354 0.5191 0.6783
v  1.0225 0.5077 0.6708
v  1.0597 0.4979 1.9050
v  1.0424 0.4837 1.9197
v  1.0456 0.4845 1.9011
v  1.0341 0.4950 2.0422
v  1.0191 0.4841 2.0396
v  1.0656 0.5595 1.8743
v  1.0545 0.5690 1.8580
v  1.0490 0.5689 1.9039
v  1.0256 0.5691 2.0421
v  1.0362 0.5585 2.0441
v  0.9831 0.5676 2.2050
v  0.9945 0.5588 2.2061
v  0.9792 0.4843 2.1826
v  0.9943 0.4960 2.1907
v  0.9488 0.5675 2.2967
v  0.9576 0.5585 2.2992
v  0.9446 0.4853 2.2695
v  0.9595 0.4962 2.2764
v  1.0545 0.6081 -1.9028
v  1.0319 0.6223 -1.9832
v  1.0486 0.6167 -1.8758
v  1.0405 0.6090 -1.9877
v  1.0431 0.5393 -1.9309
v  1.0295 0.5265 -1.9194
v  1.0174 0.5298 -1.9821
v  1.0337 0.5412 -1.9861
v  0.9954 0.5311 -2.1201
v  1.0135 0.5459 -2.1200
v  0.9683 0.5515 -2.2908
v  0.9499 0.5378 -2.2890
v  1.0161 0.6114 -2.1261
v  1.0047 0.6234 -2.1220
v  0.9647 0.6091 -2.2948
v  0.9529 0.6231 -2.2935
v  -1.0419 0.5142 -1.0418
v  -1.0416 0.5137 -0.8866
v  -1.0533 0.5316 -1.0245
v  -1.0522 0.5316 -0.9008
v  -1.0533 0.5834 -1.0490
v  -1.0522 0.5819 -0.9138
v  -1.0459 0.5943 -0.9111
v  -1.0491 0.5957 -1.0819
v  -1.0270 0.5825 0.6754
v  -1.0354 0.5670 0.6783
v  -1.0400 0.5651 0.7772
v  -1.0318 0.5811 0.7746
v  -1.0495 0.5797 1.0578
v  -1.0585 0.5657 1.0364
v  -1.0400 0.5191 0.7747
v  -1.0429 0.5017 1.0222
v  -1.0585 0.5160 1.0178
v  -1.0272 0.5071 0.7747
v  -1.0354 0.5191 0.6783
v  -1.0225 0.5077 0.6708
v  -1.0424 0.4837 1.9197
v  -1.0597 0.4979 1.9050
v  -1.0456 0.4845 1.9011
v  -1.0341 0.4950 2.0422
v  -1.0191 0.4841 2.0396
v  -1.0490 0.5689 1.9039
v  -1.0545 0.5690 1.8580
v  -1.0656 0.5595 1.8743
v  -1.0256 0.5691 2.0421
v  -1.0362 0.5585 2.0441
v  -0.9831 0.5676 2.2050
v  -0.9945 0.5588 2.2061
v  -0.9792 0.4843 2.1826
v  -0.9943 0.4960 2.1907
v  -0.9488 0.5675 2.2967
v  -0.9576 0.5585 2.2992
v  -0.9446 0.4853 2.2695
v  -0.9595 0.4962 2.2764
v  -1.0319 0.6223 -1.9832
v  -1.0545 0.6081 -1.9028
v  -1.0486 0.6167 -1.8758
v  -1.0405 0.6090 -1.9877
v  -1.0174 0.5298 -1.9821
v  -1.0295 0.5265 -1.9194
v  -1.0431 0.5393 -1.9309
v  -1.0337 0.5412 -1.9861
v  -0.9954 0.5311 -2.1201
v  -1.0135 0.5459 -2.1200
v  -0.9683 0.5515 -2.2908
v  -0.9499 0.5378 -2.2890
v  -1.0161 0.6114 -2.1261
v  -1.0047 0.6234 -2.1220
v  -0.9647 0.6091 -2.2948
v  -0.9529 0.6231 -2.2935
v  0.9219 0.6817 -2.3580
v  0.9417 0.7374 -2.2929
v  0.9417 0.6811 -2.2939
v  0.9366 0.8126 -2.3048
v  0.9279 0.8634 -2.3189
v  0.9052 0.9013 -2.3632
v  0.8863 0.9134 -2.4144
v  0.9031 0.6821 -2.3888
v  0.8700 0.6815 -2.4112
v  0.8393 0.9181 -2.4502
v  0.8081 0.6820 -2.4421
v  0.7600 0.9186 -2.4674
v  0.7508 0.6821 -2.4545
v  0.2290 0.6821 -2.4782
v  0.2294 0.9244 -2.4781
v  -0.9219 0.6817 -2.3580
v  -0.9417 0.6811 -2.2939
v  -0.9417 0.7374 -2.2929
v  -0.9366 0.8126 -2.3048
v  -0.9279 0.8634 -2.3189
v  -0.9052 0.9013 -2.3632
v  -0.8863 0.9134 -2.4144
v  -0.9031 0.6821 -2.3888
v  -0.8700 0.6815 -2.4112
v  -0.8393 0.9181 -2.4502
v  -0.8081 0.6820 -2.4421
v  -0.7600 0.9186 -2.4674
v  -0.7508 0.6821 -2.4545
v  -0.2290 0.6821 -2.4782
v  -0.2294 0.9244 -2.4781
v  0.2106 0.9045 -2.4665
v  0.2129 0.6994 -2.4667
v  0.1003 0.7001 -2.4667
v  0.1208 0.9050 -2.4665
v  -0.0000 0.7002 -2.4667
v  0.0000 0.9050 -2.4665
v  -0.2106 0.9045 -2.4665
v  -0.1003 0.7001 -2.4667
v  -0.2129 0.6994 -2.4667
v  -0.1208 0.9050 -2.4665
v  0.1202 0.9251 -2.4776
v  0.0000 0.9251 -2.4779
v  0.1003 0.6821 -2.4782
v  -0.0000 0.6821 -2.4782
v  -0.1202 0.9251 -2.4776
v  -0.1003 0.6821 -2.4782
v  0.8031 1.0912 -2.2821
v  0.8289 1.0714 -2.2680
v  0.8325 1.0912 -2.2816
v  0.8453 1.0709 -2.2817
v  0.8467 1.0524 -2.2817
v  0.0000 1.0912 -2.4045
v  0.0000 1.0119 -2.4614
v  0.2906 1.0115 -2.4563
v  0.2847 1.0912 -2.3995
v  0.5386 1.0119 -2.4461
v  0.5317 1.0912 -2.3893
v  0.7449 1.0118 -2.4334
v  0.6456 1.0912 -2.3831
v  0.8325 1.0120 -2.4225
v  0.6866 1.0912 -2.3798
v  0.8456 1.0120 -2.4003
v  0.7293 1.0912 -2.3668
v  0.8521 1.0146 -2.3703
v  0.7589 1.0912 -2.3472
v  0.8521 1.0276 -2.3286
v  0.7450 1.0912 -2.4999
v  0.7713 1.0912 -2.4722
v  0.7976 1.0487 -2.4633
v  0.8204 1.0500 -2.4386
v  0.7944 1.0912 -2.4249
v  0.8328 1.0526 -2.3995
v  0.8143 1.0912 -2.3630
v  0.8409 1.0578 -2.3482
v  0.5394 1.0912 -2.5121
v  0.2898 1.0912 -2.5223
v  0.1101 1.0109 -2.4604
v  0.1120 1.0471 -2.4880
v  0.0000 1.0912 -2.5273
v  -0.8325 1.0912 -2.2816
v  -0.8289 1.0714 -2.2680
v  -0.8031 1.0912 -2.2821
v  -0.8453 1.0709 -2.2817
v  -0.8467 1.0524 -2.2817
v  -0.2906 1.0115 -2.4563
v  -0.2847 1.0912 -2.3995
v  -0.5386 1.0119 -2.4461
v  -0.5317 1.0912 -2.3893
v  -0.7449 1.0118 -2.4334
v  -0.6456 1.0912 -2.3831
v  -0.8325 1.0120 -2.4225
v  -0.6866 1.0912 -2.3798
v  -0.8456 1.0120 -2.4003
v  -0.7293 1.0912 -2.3668
v  -0.8521 1.0146 -2.3703
v  -0.7589 1.0912 -2.3472
v  -0.8521 1.0276 -2.3286
v  -0.7450 1.0912 -2.4999
v  -0.7976 1.0487 -2.4633
v  -0.7713 1.0912 -2.4722
v  -0.8204 1.0500 -2.4386
v  -0.7944 1.0912 -2.4249
v  -0.8328 1.0526 -2.3995
v  -0.8143 1.0912 -2.3630
v  -0.8409 1.0578 -2.3482
v  -0.2898 1.0912 -2.5223
v  -0.5394 1.0912 -2.5121
v  -0.1101 1.0109 -2.4604
v  -0.1120 1.0471 -2.4880
v  0.9988 0.2323 0.9475
v  1.0030 0.2301 1.0120
v  0.9988 0.2058 0.9871
v  0.9988 0.2031 0.9458
v  0.9964 0.2349 0.7712
v  0.9964 0.2041 0.7712
v  0.9916 0.2356 0.6232
v  0.9916 0.2047 0.6232
v  1.0155 0.2524 -0.7712
v  1.0155 0.2215 -0.7712
v  1.0155 0.2519 -0.9998
v  1.0155 0.2187 -0.9795
v  0.9988 0.2631 0.9637
v  1.0030 0.2667 1.0192
v  0.9873 0.2619 0.7731
v  0.9826 0.2745 0.6244
v  1.0299 0.3974 0.9893
v  1.0341 0.3974 1.0343
v  1.0450 0.5035 1.0637
v  1.0537 0.5797 1.0918
v  1.0557 0.6473 1.1035
v  1.0609 0.6473 1.1366
v  1.0591 0.7016 1.1613
v  1.0620 0.7016 1.2005
v  1.0667 0.7566 1.2920
v  0.9820 0.2754 0.5375
v  1.0007 0.2846 -0.6569
v  1.0007 0.2842 -0.7671
v  1.0371 0.4061 1.9186
v  1.0183 0.4075 2.0396
v  0.9784 0.4102 2.1826
v  0.9494 0.4129 2.2570
v  1.0287 0.4027 1.9205
v  1.0083 0.4042 2.0387
v  0.9593 0.2805 2.0736
v  0.9700 0.4076 2.1808
v  0.9226 0.2829 2.1844
v  0.9430 0.4099 2.2527
v  0.9040 0.2838 2.2297
v  0.9966 0.2284 1.9413
v  1.0474 0.7706 1.8640
v  1.0421 0.7658 1.9041
v  1.0473 0.7657 1.8643
v  1.0611 0.6849 -1.8183
v  1.0582 0.7390 -1.7289
v  1.0582 0.6789 -1.7842
v  1.0486 0.6112 -1.8372
v  1.0295 0.5270 -1.8736
v  1.0028 0.4374 -1.9490
v  1.0028 0.4392 -1.8960
v  0.9590 0.3004 -1.9861
v  0.9571 0.3012 -1.9331
v  1.0184 0.3979 0.7736
v  1.0137 0.3979 0.6565
v  1.0337 0.6444 0.7739
v  1.0290 0.6426 0.6766
v  1.0301 0.7099 0.6757
v  1.0348 0.7095 0.7770
v  1.0348 0.7658 0.6748
v  1.0395 0.7658 0.7793
v  1.0395 0.8110 0.7804
v  1.0709 0.7977 1.3788
v  1.0709 0.7756 1.3773
v  1.0667 0.7987 1.2948
v  1.0729 0.7977 1.4600
v  1.0729 0.7741 1.4600
v  1.0688 0.7918 1.5588
v  1.0688 0.7638 1.5603
v  1.0535 0.7040 1.1031
v  1.0609 0.7564 1.1625
v  1.0535 0.7604 1.1021
v  1.0609 0.8027 1.1605
v  1.0535 0.8027 1.1021
v  1.0674 0.7638 1.6682
v  1.0674 0.7375 1.6684
v  1.0629 0.7159 1.7552
v  1.0644 0.7170 1.7140
v  1.0596 0.6755 1.8075
v  1.0629 0.6756 1.7697
v  1.0542 0.6171 1.8654
v  1.0580 0.6179 1.8256
v  1.0674 0.7867 1.6684
v  1.0634 0.7657 1.7547
v  1.0634 0.7796 1.7541
v  1.0560 0.7646 1.8079
v  1.0544 0.6745 1.8650
v  1.0491 0.6745 1.9027
v  1.0491 0.6200 1.9040
v  1.0558 0.7737 1.8078
v  1.0256 0.6163 2.0421
v  1.0256 0.6680 2.0421
v  1.0066 0.7541 2.0418
v  0.9831 0.6636 2.2050
v  0.9831 0.6134 2.2045
v  0.9436 0.6144 2.3040
v  0.9309 0.6573 2.3116
v  0.9529 0.7295 2.2028
v  0.8882 0.7048 2.3202
v  1.0078 0.3051 -0.8020
v  1.0073 0.3054 -1.0043
v  1.0317 0.3988 -1.0160
v  1.0323 0.3988 -0.8452
v  1.0476 0.6426 -0.9273
v  1.0510 0.6435 -1.1071
v  1.0485 0.7097 -0.9457
v  1.0570 0.7164 -1.1701
v  1.0536 0.7653 -0.9578
v  1.0617 0.7576 -1.2440
v  1.0537 0.8115 -0.9703
v  1.0617 0.8152 -1.2390
v  1.0401 0.8563 -0.9777
v  1.0519 0.8654 -1.2421
v  1.0658 0.8157 -1.3879
v  1.0580 0.8697 -1.3854
v  1.0658 0.7955 -1.3879
v  1.0619 0.7907 -1.6197
v  1.0619 0.8158 -1.6197
v  1.0658 0.8010 -1.4976
v  1.0658 0.8148 -1.4976
v  1.0581 0.8721 -1.6197
v  1.0596 0.8704 -1.4957
v  1.0582 0.8121 -1.7289
v  1.0611 0.7372 -1.8163
v  1.0536 0.8135 -1.8165
v  1.0546 0.8678 -1.7301
v  1.0465 0.8678 -1.8164
v  1.0308 0.8126 -1.9853
v  1.0180 0.8653 -1.9831
v  1.0020 0.8126 -2.1225
v  0.9894 0.8634 -2.1214
v  1.0347 0.7370 -1.9830
v  1.0073 0.7356 -2.1240
v  1.0347 0.6833 -1.9850
v  1.0073 0.6854 -2.1230
v  0.9938 0.4422 -1.9841
v  0.9743 0.4546 -2.1201
v  0.9358 0.4689 -2.2911
v  0.9135 0.3618 -2.1426
v  0.8867 0.3771 -2.2848
v  1.0348 0.8133 0.6729
v  0.9956 0.8516 1.4610
v  0.9341 0.8963 1.4616
v  0.9328 0.8850 1.5581
v  0.9871 0.8462 1.5566
v  0.9345 0.9072 1.3768
v  1.0013 0.8516 1.3762
v  0.9361 0.9184 1.2993
v  1.0056 0.8516 1.2986
v  1.0117 0.8483 1.1619
v  0.9365 0.9319 1.1621
v  1.0168 0.8473 1.1031
v  0.9368 0.9381 1.1037
v  1.0247 0.8527 0.7809
v  0.9374 0.9687 0.7882
v  1.0216 0.8558 0.6664
v  0.9423 0.9842 0.6375
v  0.9794 0.8346 1.6673
v  0.9314 0.8651 1.6700
v  0.9713 0.8250 1.7527
v  0.9297 0.8500 1.7515
v  0.9663 0.8191 1.8124
v  0.9279 0.8407 1.8127
v  0.9613 0.8130 1.8630
v  0.9259 0.8313 1.8634
v  0.9563 0.8041 1.9082
v  0.9237 0.8209 1.9086
v  0.9379 0.7791 2.0448
v  0.9132 0.7891 2.0438
v  0.9127 0.7409 2.2054
v  0.8975 0.7526 2.2062
v  0.8796 0.7153 2.3263
v  0.9265 0.9914 0.6336
v  0.8942 0.9852 0.7874
v  0.8929 0.9598 1.1023
v  0.8929 0.9549 1.1600
v  0.8926 0.9363 1.2989
v  0.8924 0.9265 1.3763
v  0.8915 0.9148 1.4609
v  0.8904 0.8985 1.5579
v  0.8877 0.8810 1.6705
v  0.8845 0.8664 1.7515
v  0.8818 0.8532 1.8170
v  0.8792 0.8436 1.8657
v  0.8759 0.8317 1.9100
v  0.8679 0.8038 2.0461
v  0.8480 0.7618 2.2102
v  0.8302 0.7167 2.3399
v  0.8829 0.9900 0.7560
v  1.0229 0.9239 -1.2426
v  1.0198 0.8914 -0.9796
v  0.9832 0.9515 -0.9857
v  0.9851 0.9574 -1.2414
v  0.9534 1.0023 -1.2416
v  0.9533 0.9974 -0.9857
v  1.0247 0.9328 -1.3859
v  0.9851 0.9576 -1.3852
v  0.9536 1.0027 -1.3843
v  1.0184 0.9369 -1.4954
v  1.0123 0.9367 -1.6195
v  0.9792 0.9584 -1.4934
v  0.9744 0.9603 -1.6191
v  0.9483 1.0052 -1.4877
v  0.9457 1.0063 -1.6176
v  0.9007 1.0779 -1.2375
v  0.9033 1.0778 -0.9789
v  0.8462 1.1603 -1.2368
v  0.8586 1.1587 -0.9546
v  0.7370 1.3091 -1.1559
v  0.7468 1.3162 -0.8819
v  0.6664 1.4089 -1.0587
v  0.6769 1.4115 -0.8267
v  0.6368 1.4343 -1.0421
v  0.6490 1.4423 -0.8011
v  0.8382 1.1600 -1.3086
v  0.8829 1.0893 -1.3852
v  0.9146 1.0494 -1.4867
v  0.9177 1.0511 -1.6170
v  0.6431 1.4313 -0.1927
v  0.6303 1.4418 -0.2552
v  0.5031 1.4698 -0.2568
v  0.5097 1.4579 -0.1458
v  0.6259 1.4473 -0.3023
v  0.5236 1.4714 -0.2960
v  0.6281 1.4498 -0.5857
v  0.5290 1.4733 -0.5845
v  0.6237 1.4492 -0.7508
v  0.5290 1.4713 -0.7504
v  0.6259 1.4492 -0.8002
v  0.5097 1.4718 -0.7987
v  0.6170 1.4433 -1.0415
v  0.5073 1.4513 -1.0424
v  0.2897 1.4652 -1.0430
v  0.2849 1.4886 -0.8156
v  0.2872 1.4781 -0.0967
v  0.2900 1.4840 -0.2400
v  -0.0000 1.4890 -0.0765
v  0.0000 1.4988 -0.2374
v  -0.0000 1.5037 -0.8186
v  0.0000 1.4805 -1.0480
v  0.6567 1.4078 -0.1298
v  0.5125 1.4358 -0.0741
v  0.2879 1.4582 -0.0253
v  -0.0000 1.4715 0.0028
v  1.0053 0.9275 -1.7317
v  0.9982 0.9286 -1.8136
v  0.9715 0.9610 -1.7304
v  0.9424 1.0050 -1.7294
v  0.9121 1.0542 -1.7283
v  0.9629 0.9610 -1.8096
v  0.9349 1.0037 -1.8084
v  0.9037 1.0542 -1.8074
v  0.9741 0.9192 -1.9828
v  0.9701 0.9038 -2.1199
v  0.9443 0.9626 -1.9839
v  0.9140 1.0097 -1.9808
v  0.8907 1.0521 -1.9772
v  0.9495 0.9249 -2.1159
v  0.9237 0.9704 -2.1127
v  0.8986 1.0129 -2.1084
v  0.8770 1.0490 -2.1087
v  0.8976 0.9254 -2.3647
v  0.8761 0.9747 -2.3594
v  0.8565 0.9783 -2.4065
v  0.8513 1.0160 -2.3511
v  0.8319 1.0176 -2.3937
v  0.8064 1.0524 -2.3706
v  0.8230 1.0526 -2.3394
v  0.8265 0.9775 -2.4430
v  0.8027 1.0180 -2.4255
v  0.7786 1.0524 -2.4000
v  0.7452 0.9801 -2.4588
v  0.2268 0.9797 -2.4704
v  0.1230 0.9793 -2.4698
v  0.0000 0.9798 -2.4701
v  0.7403 1.0183 -2.4438
v  0.2251 1.0178 -2.4587
v  0.1283 1.0183 -2.4588
v  0.0000 1.0180 -2.4588
v  0.7244 1.0513 -2.4164
v  0.2226 1.0512 -2.4378
v  0.1208 1.0512 -2.4376
v  -0.0000 1.0512 -2.4372
v  0.6863 0.7697 2.2294
v  0.6844 0.8183 2.0683
v  0.5030 0.7750 2.2487
v  0.4975 0.8240 2.0808
v  0.6833 0.7160 2.3739
v  0.4993 0.7178 2.4164
v  -0.9988 0.2323 0.9475
v  -0.9988 0.2058 0.9871
v  -1.0030 0.2301 1.0120
v  -0.9988 0.2031 0.9458
v  -0.9964 0.2349 0.7712
v  -0.9964 0.2041 0.7712
v  -0.9916 0.2356 0.6232
v  -0.9916 0.2047 0.6232
v  -1.0155 0.2524 -0.7712
v  -1.0155 0.2215 -0.7712
v  -1.0155 0.2519 -0.9998
v  -1.0155 0.2187 -0.9795
v  -1.0030 0.2667 1.0192
v  -0.9988 0.2631 0.9637
v  -0.9873 0.2619 0.7731
v  -0.9826 0.2745 0.6244
v  -1.0299 0.3974 0.9893
v  -1.0341 0.3974 1.0343
v  -1.0450 0.5035 1.0637
v  -1.0537 0.5797 1.0918
v  -1.0609 0.6473 1.1366
v  -1.0557 0.6473 1.1035
v  -1.0620 0.7016 1.2005
v  -1.0591 0.7016 1.1613
v  -1.0667 0.7566 1.2920
v  -0.9820 0.2754 0.5375
v  -1.0007 0.2846 -0.6569
v  -1.0007 0.2842 -0.7671
v  -1.0371 0.4061 1.9186
v  -1.0183 0.4075 2.0396
v  -0.9784 0.4102 2.1826
v  -0.9494 0.4129 2.2570
v  -1.0287 0.4027 1.9205
v  -0.9593 0.2805 2.0736
v  -1.0083 0.4042 2.0387
v  -0.9700 0.4076 2.1808
v  -0.9226 0.2829 2.1844
v  -0.9040 0.2838 2.2297
v  -0.9430 0.4099 2.2527
v  -0.9966 0.2284 1.9413
v  -1.0474 0.7706 1.8640
v  -1.0473 0.7657 1.8643
v  -1.0421 0.7658 1.9041
v  -1.0611 0.6849 -1.8183
v  -1.0582 0.6789 -1.7842
v  -1.0582 0.7390 -1.7289
v  -1.0486 0.6112 -1.8372
v  -1.0295 0.5270 -1.8736
v  -1.0028 0.4374 -1.9490
v  -1.0028 0.4392 -1.8960
v  -0.9590 0.3004 -1.9861
v  -0.9571 0.3012 -1.9331
v  -1.0184 0.3979 0.7736
v  -1.0137 0.3979 0.6565
v  -1.0337 0.6444 0.7739
v  -1.0290 0.6426 0.6766
v  -1.0301 0.7099 0.6757
v  -1.0348 0.7095 0.7770
v  -1.0348 0.7658 0.6748
v  -1.0395 0.7658 0.7793
v  -1.0395 0.8110 0.7804
v  -1.0709 0.7756 1.3773
v  -1.0709 0.7977 1.3788
v  -1.0667 0.7987 1.2948
v  -1.0729 0.7741 1.4600
v  -1.0729 0.7977 1.4600
v  -1.0688 0.7638 1.5603
v  -1.0688 0.7918 1.5588
v  -1.0535 0.7040 1.1031
v  -1.0609 0.7564 1.1625
v  -1.0535 0.7604 1.1021
v  -1.0609 0.8027 1.1605
v  -1.0535 0.8027 1.1021
v  -1.0674 0.7375 1.6684
v  -1.0674 0.7638 1.6682
v  -1.0644 0.7170 1.7140
v  -1.0629 0.7159 1.7552
v  -1.0629 0.6756 1.7697
v  -1.0596 0.6755 1.8075
v  -1.0580 0.6179 1.8256
v  -1.0542 0.6171 1.8654
v  -1.0674 0.7867 1.6684
v  -1.0634 0.7657 1.7547
v  -1.0634 0.7796 1.7541
v  -1.0560 0.7646 1.8079
v  -1.0544 0.6745 1.8650
v  -1.0491 0.6745 1.9027
v  -1.0491 0.6200 1.9040
v  -1.0558 0.7737 1.8078
v  -1.0256 0.6163 2.0421
v  -1.0256 0.6680 2.0421
v  -1.0066 0.7541 2.0418
v  -0.9831 0.6636 2.2050
v  -0.9831 0.6134 2.2045
v  -0.9436 0.6144 2.3040
v  -0.9309 0.6573 2.3116
v  -0.9529 0.7295 2.2028
v  -0.8882 0.7048 2.3202
v  -1.0078 0.3051 -0.8020
v  -1.0073 0.3054 -1.0043
v  -1.0317 0.3988 -1.0160
v  -1.0323 0.3988 -0.8452
v  -1.0476 0.6426 -0.9273
v  -1.0510 0.6435 -1.1071
v  -1.0485 0.7097 -0.9457
v  -1.0570 0.7164 -1.1701
v  -1.0536 0.7653 -0.9578
v  -1.0617 0.7576 -1.2440
v  -1.0537 0.8115 -0.9703
v  -1.0617 0.8152 -1.2390
v  -1.0401 0.8563 -0.9777
v  -1.0519 0.8654 -1.2421
v  -1.0658 0.8157 -1.3879
v  -1.0580 0.8697 -1.3854
v  -1.0658 0.7955 -1.3879
v  -1.0619 0.7907 -1.6197
v  -1.0658 0.8010 -1.4976
v  -1.0619 0.8158 -1.6197
v  -1.0658 0.8148 -1.4976
v  -1.0596 0.8704 -1.4957
v  -1.0581 0.8721 -1.6197
v  -1.0582 0.8121 -1.7289
v  -1.0611 0.7372 -1.8163
v  -1.0536 0.8135 -1.8165
v  -1.0546 0.8678 -1.7301
v  -1.0465 0.8678 -1.8164
v  -1.0308 0.8126 -1.9853
v  -1.0180 0.8653 -1.9831
v  -1.0020 0.8126 -2.1225
v  -0.9894 0.8634 -2.1214
v  -1.0073 0.7356 -2.1240
v  -1.0073 0.6854 -2.1230
v  -1.0347 0.6833 -1.9850
v  -0.9938 0.4422 -1.9841
v  -0.9743 0.4546 -2.1201
v  -0.9358 0.4689 -2.2911
v  -0.9135 0.3618 -2.1426
v  -0.8867 0.3771 -2.2848
v  -1.0348 0.8133 0.6729
v  -0.9328 0.8850 1.5581
v  -0.9341 0.8963 1.4616
v  -0.9956 0.8516 1.4610
v  -0.9871 0.8462 1.5566
v  -0.9345 0.9072 1.3768
v  -1.0013 0.8516 1.3762
v  -0.9361 0.9184 1.2993
v  -1.0056 0.8516 1.2986
v  -1.0117 0.8483 1.1619
v  -0.9365 0.9319 1.1621
v  -1.0168 0.8473 1.1031
v  -0.9368 0.9381 1.1037
v  -1.0247 0.8527 0.7809
v  -0.9374 0.9687 0.7882
v  -1.0216 0.8558 0.6664
v  -0.9423 0.9842 0.6375
v  -0.9794 0.8346 1.6673
v  -0.9314 0.8651 1.6700
v  -0.9713 0.8250 1.7527
v  -0.9297 0.8500 1.7515
v  -0.9663 0.8191 1.8124
v  -0.9279 0.8407 1.8127
v  -0.9613 0.8130 1.8630
v  -0.9259 0.8313 1.8634
v  -0.9563 0.8041 1.9082
v  -0.9237 0.8209 1.9086
v  -0.9379 0.7791 2.0448
v  -0.9132 0.7891 2.0438
v  -0.9127 0.7409 2.2054
v  -0.8975 0.7526 2.2062
v  -0.8796 0.7153 2.3263
v  -0.9265 0.9914 0.6336
v  -0.8942 0.9852 0.7874
v  -0.8929 0.9598 1.1023
v  -0.8929 0.9549 1.1600
v  -0.8926 0.9363 1.2989
v  -0.8924 0.9265 1.3763
v  -0.8915 0.9148 1.4609
v  -0.8904 0.8985 1.5579
v  -0.8877 0.8810 1.6705
v  -0.8845 0.8664 1.7515
v  -0.8818 0.8532 1.8170
v  -0.8792 0.8436 1.8657
v  -0.8759 0.8317 1.9100
v  -0.8679 0.8038 2.0461
v  -0.8480 0.7618 2.2102
v  -0.8302 0.7167 2.3399
v  -0.8829 0.9900 0.7560
v  -1.0229 0.9239 -1.2426
v  -1.0198 0.8914 -0.9796
v  -0.9832 0.9515 -0.9857
v  -0.9851 0.9574 -1.2414
v  -0.9534 1.0023 -1.2416
v  -0.9533 0.9974 -0.9857
v  -1.0247 0.9328 -1.3859
v  -0.9851 0.9576 -1.3852
v  -0.9536 1.0027 -1.3843
v  -1.0184 0.9369 -1.4954
v  -1.0126 0.9367 -1.6195
v  -0.9792 0.9584 -1.4934
v  -0.9747 0.9603 -1.6191
v  -0.9483 1.0052 -1.4877
v  -0.9457 1.0063 -1.6176
v  -0.9033 1.0778 -0.9789
v  -0.9007 1.0779 -1.2375
v  -0.8462 1.1603 -1.2368
v  -0.8586 1.1587 -0.9546
v  -0.7370 1.3091 -1.1559
v  -0.7468 1.3162 -0.8819
v  -0.6664 1.4089 -1.0587
v  -0.6769 1.4115 -0.8267
v  -0.6368 1.4343 -1.0421
v  -0.6490 1.4423 -0.8011
v  -0.8382 1.1600 -1.3086
v  -0.8829 1.0893 -1.3852
v  -0.9146 1.0494 -1.4867
v  -0.9177 1.0511 -1.6170
v  -0.5031 1.4698 -0.2568
v  -0.6303 1.4418 -0.2552
v  -0.6431 1.4313 -0.1927
v  -0.5097 1.4579 -0.1458
v  -0.6259 1.4473 -0.3023
v  -0.5236 1.4714 -0.2960
v  -0.6281 1.4498 -0.5857
v  -0.5290 1.4733 -0.5845
v  -0.6237 1.4492 -0.7508
v  -0.5290 1.4713 -0.7504
v  -0.5097 1.4718 -0.7987
v  -0.6259 1.4492 -0.8002
v  -0.6170 1.4433 -1.0415
v  -0.5073 1.4513 -1.0424
v  -0.2849 1.4886 -0.8156
v  -0.2897 1.4652 -1.0430
v  -0.2872 1.4781 -0.0967
v  -0.2900 1.4840 -0.2400
v  -0.6567 1.4078 -0.1298
v  -0.5125 1.4358 -0.0741
v  -0.2879 1.4582 -0.0253
v  -1.0073 0.9275 -1.7303
v  -0.9995 0.9286 -1.8136
v  -0.9701 0.9610 -1.7304
v  -0.9424 1.0050 -1.7294
v  -0.9121 1.0542 -1.7283
v  -0.9629 0.9610 -1.8096
v  -0.9349 1.0037 -1.8084
v  -0.9037 1.0542 -1.8074
v  -0.9741 0.9192 -1.9828
v  -0.9701 0.9038 -2.1199
v  -0.9443 0.9626 -1.9839
v  -0.9140 1.0097 -1.9808
v  -0.8907 1.0521 -1.9772
v  -0.9495 0.9249 -2.1159
v  -0.9237 0.9704 -2.1127
v  -0.8986 1.0129 -2.1084
v  -0.8770 1.0490 -2.1087
v  -0.8976 0.9254 -2.3647
v  -0.8761 0.9747 -2.3594
v  -0.8565 0.9783 -2.4065
v  -0.8513 1.0160 -2.3511
v  -0.8319 1.0176 -2.3937
v  -0.8064 1.0524 -2.3706
v  -0.8230 1.0526 -2.3394
v  -0.8265 0.9775 -2.4430
v  -0.8027 1.0180 -2.4255
v  -0.7786 1.0524 -2.4000
v  -0.7452 0.9801 -2.4588
v  -0.2268 0.9797 -2.4704
v  -0.1230 0.9793 -2.4698
v  -0.7403 1.0183 -2.4438
v  -0.2251 1.0178 -2.4587
v  -0.1283 1.0183 -2.4588
v  -0.7244 1.0513 -2.4164
v  -0.2226 1.0512 -2.4378
v  -0.1208 1.0512 -2.4376
v  -0.5030 0.7750 2.2487
v  -0.6844 0.8183 2.0683
v  -0.6863 0.7697 2.2294
v  -0.4975 0.8240 2.0808
v  -0.6833 0.7160 2.3739
v  -0.4993 0.7178 2.4164
v  0.9148 0.3194 -2.1382
v  0.8817 0.3414 -2.2870
v  -0.9148 0.3194 -2.1382
v  -0.8817 0.3414 -2.2870
v  0.6363 1.4347 -1.0479
v  0.6609 1.4104 -1.0641
v  0.7261 1.3130 -1.1589
v  0.8247 1.1616 -1.3131
v  0.8646 1.0930 -1.3937
v  0.8938 1.0569 -1.4902
v  0.8898 1.0577 -1.6168
v  0.8845 1.0602 -1.7283
v  0.8752 1.0604 -1.8070
v  0.8460 1.0602 -1.9762
v  0.8167 1.0590 -2.1092
v  0.7595 1.0666 -2.2877
v  0.7222 1.0666 -2.3143
v  0.6848 1.0666 -2.3241
v  0.2181 1.0666 -2.3474
v  0.1193 1.0666 -2.3463
v  0.0000 1.0666 -2.3499
v  -0.6363 1.4347 -1.0479
v  -0.6609 1.4104 -1.0641
v  -0.7261 1.3130 -1.1589
v  -0.8247 1.1616 -1.3131
v  -0.8646 1.0930 -1.3937
v  -0.8938 1.0569 -1.4902
v  -0.8898 1.0577 -1.6168
v  -0.8845 1.0602 -1.7283
v  -0.8752 1.0604 -1.8070
v  -0.8460 1.0602 -1.9762
v  -0.8167 1.0590 -2.1092
v  -0.7595 1.0666 -2.2877
v  -0.7222 1.0666 -2.3143
v  -0.6848 1.0666 -2.3241
v  -0.2181 1.0666 -2.3474
v  -0.1193 1.0666 -2.3463
v  0.9510 0.2275 2.0677
v  0.9166 0.2269 2.1719
v  0.8999 0.2267 2.2187
v  -0.9510 0.2275 2.0677
v  -0.9166 0.2269 2.1719
v  -0.8999 0.2267 2.2187
v  -1.0324 0.7367 -1.9833
v  0.6613 0.8809 -2.4718
v  0.6613 0.8107 -2.4718
v  0.6532 0.8026 -2.4718
v  0.6532 0.8867 -2.4718
v  0.4239 0.8038 -2.4769
v  0.4240 0.8888 -2.4769
v  0.4150 0.8122 -2.4769
v  0.4150 0.8804 -2.4769
v  0.6613 0.7778 -2.4699
v  0.6613 0.7162 -2.4699
v  0.6532 0.7092 -2.4699
v  0.6531 0.7838 -2.4699
v  0.4239 0.7092 -2.4750
v  0.4239 0.7818 -2.4750
v  0.4150 0.7165 -2.4749
v  0.4150 0.7767 -2.4749
v  0.6841 0.8834 -2.4694
v  0.6751 0.8099 -2.4692
v  0.6751 0.8797 -2.4692
v  0.6840 0.8040 -2.4694
v  0.7602 0.8844 -2.4673
v  0.7604 0.8042 -2.4673
v  0.8392 0.8816 -2.4505
v  0.8391 0.8051 -2.4508
v  0.6841 0.7810 -2.4694
v  0.6750 0.7130 -2.4693
v  0.6750 0.7773 -2.4693
v  0.6841 0.7070 -2.4694
v  0.7605 0.7802 -2.4674
v  0.7603 0.7073 -2.4673
v  0.8392 0.7801 -2.4505
v  0.8395 0.7081 -2.4505
v  -0.6613 0.8809 -2.4718
v  -0.6532 0.8026 -2.4718
v  -0.6613 0.8107 -2.4718
v  -0.6532 0.8867 -2.4718
v  -0.4239 0.8038 -2.4769
v  -0.4240 0.8888 -2.4769
v  -0.4150 0.8804 -2.4769
v  -0.4150 0.8122 -2.4769
v  -0.6613 0.7778 -2.4699
v  -0.6532 0.7092 -2.4699
v  -0.6613 0.7162 -2.4699
v  -0.6531 0.7838 -2.4699
v  -0.4239 0.7092 -2.4750
v  -0.4239 0.7818 -2.4750
v  -0.4150 0.7767 -2.4749
v  -0.4150 0.7165 -2.4749
v  -0.6841 0.8834 -2.4694
v  -0.6751 0.8797 -2.4692
v  -0.6751 0.8099 -2.4692
v  -0.6840 0.8040 -2.4694
v  -0.7602 0.8844 -2.4673
v  -0.7604 0.8042 -2.4673
v  -0.8391 0.8051 -2.4508
v  -0.8392 0.8816 -2.4505
v  -0.6841 0.7810 -2.4694
v  -0.6750 0.7773 -2.4693
v  -0.6750 0.7130 -2.4693
v  -0.6841 0.7070 -2.4694
v  -0.7603 0.7073 -2.4673
v  -0.7605 0.7802 -2.4674
v  -0.8395 0.7081 -2.4505
v  -0.8392 0.7801 -2.4505
v  1.0199 0.6064 -2.1239
v  1.0295 0.6054 -2.0691
v  1.0295 0.5518 -2.0691
v  1.0199 0.5550 -2.1239
v  0.9988 0.5552 -2.1954
v  0.9988 0.6061 -2.1953
v  -1.0199 0.6064 -2.1239
v  -1.0295 0.5518 -2.0691
v  -1.0295 0.6054 -2.0691
v  -1.0199 0.5550 -2.1239
v  -0.9988 0.5552 -2.1954
v  -0.9988 0.6061 -2.1953
v  -0.0784 1.0011 -2.4646
v  0.0845 1.0010 -2.4646
v  -0.0576 0.9957 -2.4663
v  0.0659 0.9957 -2.4663
v  0.0845 1.0196 -2.4589
v  -0.0774 1.0196 -2.4590
v  0.0659 1.0253 -2.4552
v  -0.0576 1.0253 -2.4552
v  0.8861 0.8788 -2.4159
v  0.8862 0.8062 -2.4157
v  0.9100 0.8647 -2.3792
v  0.9131 0.8064 -2.3741
v  0.8861 0.7801 -2.4159
v  0.8865 0.7093 -2.4157
v  0.9123 0.7816 -2.3756
v  0.9167 0.7095 -2.3685
v  -0.8862 0.8062 -2.4157
v  -0.8861 0.8788 -2.4159
v  -0.9131 0.8064 -2.3741
v  -0.9100 0.8647 -2.3792
v  -0.8865 0.7093 -2.4157
v  -0.8861 0.7801 -2.4159
v  -0.9167 0.7095 -2.3685
v  -0.9123 0.7816 -2.3756
v  1.0384 0.5516 2.0441
v  1.0091 0.5506 2.1561
v  1.0091 0.4970 2.1561
v  1.0384 0.5002 2.0441
v  1.0526 0.5004 1.9657
v  1.0526 0.5513 1.9658
v  -1.0384 0.5516 2.0441
v  -1.0091 0.4970 2.1561
v  -1.0091 0.5506 2.1561
v  -1.0384 0.5002 2.0441
v  -1.0526 0.5004 1.9657
v  -1.0526 0.5513 1.9658
v  0.0268 0.9600 -2.4833
v  0.0165 0.9778 -2.4423
v  0.0268 0.9600 -2.4423
v  0.0165 0.9778 -2.4833
v  -0.0040 0.9778 -2.4423
v  -0.0040 0.9778 -2.4833
v  -0.0142 0.9600 -2.4423
v  -0.0142 0.9600 -2.4833
v  -0.0040 0.9423 -2.4423
v  -0.0040 0.9423 -2.4833
v  0.0165 0.9423 -2.4423
v  0.0165 0.9423 -2.4833
v  0.0063 0.9600 -2.4857
v  0.6191 0.9754 -2.4660
v  0.6184 0.9358 -2.4712
v  0.6059 0.9358 -2.4709
v  0.6059 0.9683 -2.4667
v  0.6077 0.9772 -2.4655
v  0.5732 0.9671 -2.4662
v  0.5708 0.9772 -2.4648
v  0.5630 0.9716 -2.4654
v  0.5584 0.9649 -2.4661
v  0.5682 0.9604 -2.4669
v  0.5599 0.9553 -2.4674
v  0.5759 0.9537 -2.4680
v  0.5686 0.9491 -2.4684
v  0.5939 0.9532 -2.4684
v  0.5938 0.9486 -2.4690
v  0.5774 0.9486 -2.4687
v  0.5666 0.9364 -2.4700
v  0.5516 0.9364 -2.4697
v  0.5405 0.9775 -2.4646
v  0.5477 0.9724 -2.4650
v  0.5233 0.9634 -2.4669
v  0.5288 0.9578 -2.4675
v  0.5475 0.9421 -2.4690
v  0.5402 0.9362 -2.4700
v  0.5230 0.9531 -2.4683
v  0.5159 0.9579 -2.4679
v  0.4932 0.9415 -2.4707
v  0.5002 0.9358 -2.4713
v  0.5050 0.9777 -2.4656
v  0.4983 0.9721 -2.4666
v  0.4868 0.9601 -2.4680
v  0.4863 0.9534 -2.4689
v  0.4765 0.9601 -2.4685
v  0.4765 0.9539 -2.4693
v  0.4698 0.9772 -2.4668
v  0.4693 0.9665 -2.4682
v  0.4348 0.9670 -2.4684
v  0.4276 0.9782 -2.4671
v  0.4215 0.9675 -2.4685
v  0.4616 0.9384 -2.4719
v  0.4477 0.9394 -2.4719
v  0.7531 0.9522 -2.4631
v  0.7531 0.9330 -2.4658
v  0.6316 0.9332 -2.4688
v  0.6326 0.9524 -2.4661
v  -0.5385 0.9842 -2.4635
v  -0.5387 0.9425 -2.4689
v  -0.5472 0.9425 -2.4688
v  -0.5489 0.9714 -2.4650
v  -0.5583 0.9748 -2.4643
v  -0.5540 0.9910 -2.4623
v  -0.5652 0.9714 -2.4646
v  -0.5651 0.9884 -2.4624
v  -0.5655 0.9444 -2.4682
v  -0.5743 0.9444 -2.4680
v  -0.5749 0.9717 -2.4644
v  -0.5748 0.9897 -2.4620
v  -0.5839 0.9924 -2.4615
v  -0.5839 0.9764 -2.4636
v  -0.5974 0.9848 -2.4622
v  -0.5876 0.9710 -2.4642
v  -0.5879 0.9438 -2.4678
v  -0.5993 0.9431 -2.4676
v  -0.6463 0.9818 -2.4617
v  -0.6459 0.9731 -2.4629
v  -0.6680 0.9727 -2.4629
v  -0.6746 0.9819 -2.4612
v  -0.6447 0.9439 -2.4668
v  -0.6578 0.9439 -2.4673
v  -0.6667 0.9548 -2.4653
v  -0.6869 0.9819 -2.4608
v  -0.6851 0.9543 -2.4645
v  -0.6855 0.9442 -2.4659
v  -0.6943 0.9828 -2.4602
v  -0.6951 0.9443 -2.4652
v  -0.7038 0.9548 -2.4637
v  -0.7041 0.9755 -2.4610
v  -0.7262 0.9831 -2.4598
v  -0.7195 0.9747 -2.4610
v  -0.7201 0.9549 -2.4635
v  -0.7257 0.9446 -2.4648
v  -0.7319 0.9552 -2.4634
v  -0.7330 0.9654 -2.4620
v  -0.7318 0.9746 -2.4609
v  -0.6088 0.9835 -2.4633
v  -0.6108 0.9731 -2.4645
v  -0.6309 0.9731 -2.4635
v  -0.6402 0.9828 -2.4618
v  -0.6310 0.9666 -2.4644
v  -0.6428 0.9666 -2.4638
v  -0.6139 0.9611 -2.4659
v  -0.6319 0.9611 -2.4650
v  -0.6105 0.9673 -2.4653
v  -0.6032 0.9623 -2.4663
v  -0.6033 0.9522 -2.4676
v  -0.6140 0.9517 -2.4672
v  -0.6090 0.9438 -2.4685
v  -0.6413 0.9438 -2.4668
v  -0.6326 0.9505 -2.4664
v  -0.7455 0.9835 -2.4595
v  -0.7475 0.9731 -2.4607
v  -0.7676 0.9731 -2.4589
v  -0.7768 0.9836 -2.4566
v  -0.7678 0.9666 -2.4597
v  -0.7795 0.9666 -2.4586
v  -0.7507 0.9611 -2.4619
v  -0.7687 0.9611 -2.4603
v  -0.7473 0.9673 -2.4615
v  -0.7401 0.9623 -2.4628
v  -0.7402 0.9522 -2.4641
v  -0.7509 0.9517 -2.4632
v  -0.7459 0.9438 -2.4647
v  -0.7773 0.9440 -2.4618
v  -0.7694 0.9505 -2.4617
v  1.0458 0.6167 0.9496
v  1.0472 0.6234 0.9648
v  1.0472 0.6176 0.9648
v  1.0451 0.6238 0.9416
v  1.0449 0.6136 0.9398
v  1.0458 0.6118 0.9498
v  1.0451 0.6068 0.9410
v  1.0457 0.6050 0.9488
v  1.0482 0.6124 0.9761
v  1.0484 0.6053 0.9777
v  1.0491 0.6169 0.9855
v  1.0498 0.6133 0.9936
v  1.0499 0.6246 0.9946
v  1.0490 0.6266 0.9847
v  1.0494 0.6355 0.9888
v  1.0483 0.6300 0.9769
v  1.0484 0.6370 0.9784
v  1.0452 0.6378 0.9422
v  1.0452 0.6296 0.9426
v  1.0434 0.6304 0.9043
v  1.0452 0.6381 0.9303
v  1.0452 0.6304 0.9303
v  1.0424 0.6043 0.8903
v  1.0433 0.6040 0.9026
v  1.0425 0.6307 0.8909
v  1.0435 0.6384 0.9053
v  1.0425 0.6381 0.8909
v  1.0410 0.6304 0.8699
v  1.0410 0.6387 0.8696
v  1.0309 0.6425 0.7076
v  1.0391 0.6394 0.8536
v  1.0391 0.6048 0.8523
v  1.0309 0.6067 0.7076
v  -1.0353 0.6151 0.7374
v  -1.0367 0.6142 0.7526
v  -1.0353 0.6209 0.7374
v  -1.0374 0.6213 0.7606
v  -1.0367 0.6092 0.7524
v  -1.0376 0.6111 0.7624
v  -1.0374 0.6043 0.7612
v  -1.0367 0.6025 0.7535
v  -1.0343 0.6098 0.7261
v  -1.0341 0.6028 0.7246
v  -1.0327 0.6108 0.7086
v  -1.0334 0.6144 0.7167
v  -1.0326 0.6221 0.7076
v  -1.0335 0.6241 0.7175
v  -1.0331 0.6329 0.7134
v  -1.0342 0.6275 0.7253
v  -1.0341 0.6345 0.7238
v  -1.0373 0.6271 0.7596
v  -1.0373 0.6353 0.7600
v  -1.0373 0.6278 0.7719
v  -1.0391 0.6278 0.7979
v  -1.0373 0.6355 0.7719
v  -1.0392 0.6014 0.7996
v  -1.0401 0.6018 0.8119
v  -1.0400 0.6282 0.8113
v  -1.0390 0.6359 0.7969
v  -1.0400 0.6355 0.8113
v  -1.0415 0.6278 0.8323
v  -1.0415 0.6362 0.8326
v  -1.0433 0.6369 0.8486
v  -1.0433 0.6023 0.8499
v  -1.0516 0.6400 0.9946
v  -1.0516 0.6041 0.9946
v  0.9332 0.2964 -1.2780
v  0.9332 0.2374 -1.3139
v  0.9973 0.2374 -1.3139
v  0.9973 0.2964 -1.2780
v  0.9332 0.4255 -1.2809
v  0.9973 0.4255 -1.2809
v  0.9332 0.4847 -1.3320
v  0.9973 0.4847 -1.3320
v  0.9332 0.4665 -1.3579
v  0.9973 0.4665 -1.3579
v  0.9332 0.2481 -1.3552
v  0.9973 0.2481 -1.3552
v  0.9332 0.3525 -1.3260
v  0.9973 0.3525 -1.3260
v  0.9332 0.3060 1.6658
v  0.9332 0.2470 1.6299
v  0.9973 0.2470 1.6299
v  0.9973 0.3060 1.6658
v  0.9332 0.4351 1.6629
v  0.9973 0.4351 1.6629
v  0.9332 0.4942 1.6118
v  0.9973 0.4942 1.6118
v  0.9332 0.4760 1.5859
v  0.9973 0.4760 1.5859
v  0.9332 0.2577 1.5886
v  0.9973 0.2577 1.5886
v  0.9332 0.3620 1.6178
v  0.9973 0.3620 1.6178
v  -0.9332 0.2964 -1.2780
v  -0.9973 0.2374 -1.3139
v  -0.9332 0.2374 -1.3139
v  -0.9973 0.2964 -1.2780
v  -0.9332 0.4255 -1.2809
v  -0.9973 0.4255 -1.2809
v  -0.9332 0.4847 -1.3320
v  -0.9973 0.4847 -1.3320
v  -0.9332 0.4665 -1.3579
v  -0.9973 0.4665 -1.3579
v  -0.9332 0.2481 -1.3552
v  -0.9973 0.2481 -1.3552
v  -0.9332 0.3525 -1.3260
v  -0.9973 0.3525 -1.3260
v  -0.9332 0.3060 1.6658
v  -0.9973 0.2470 1.6299
v  -0.9332 0.2470 1.6299
v  -0.9973 0.3060 1.6658
v  -0.9332 0.4351 1.6629
v  -0.9973 0.4351 1.6629
v  -0.9332 0.4942 1.6118
v  -0.9973 0.4942 1.6118
v  -0.9332 0.4760 1.5859
v  -0.9973 0.4760 1.5859
v  -0.9332 0.2577 1.5886
v  -0.9973 0.2577 1.5886
v  -0.9332 0.3620 1.6178
v  -0.9973 0.3620 1.6178
v  0.8320 1.0528 -2.2245
v  0.8190 1.0643 -2.2250
v  0.8210 1.0528 -2.2094
v  0.8170 1.0643 -2.2222
v  0.8033 1.0528 -2.2151
v  0.8137 1.0643 -2.2233
v  0.8033 1.0528 -2.2338
v  0.8137 1.0643 -2.2267
v  0.8210 1.0528 -2.2396
v  0.8170 1.0643 -2.2278
v  0.8190 1.4749 -2.2262
v  0.8170 1.4749 -2.2234
v  0.8137 1.4749 -2.2245
v  0.8137 1.4749 -2.2279
v  0.8170 1.4749 -2.2290
v  0.8211 1.4797 -2.2262
v  0.8176 1.4797 -2.2215
v  0.8121 1.4797 -2.2233
v  0.8121 1.4797 -2.2291
v  0.8176 1.4797 -2.2309
v  0.8211 1.4910 -2.2262
v  0.8176 1.4910 -2.2215
v  0.8121 1.4910 -2.2233
v  0.8121 1.4910 -2.2291
v  0.8176 1.4910 -2.2309
v  0.8161 1.0528 -2.2245
v  0.8161 1.4910 -2.2262
v  0.2048 0.8964 -2.4721
v  0.2048 0.7085 -2.4721
v  -0.2021 0.8964 -2.4721
v  -0.2021 0.7085 -2.4721
v  0.0169 0.9912 0.9230
v  -0.0058 1.0116 0.9146
v  0.0134 0.9965 0.9149
v  -0.0007 1.0269 0.9219
v  0.0362 1.0015 0.9104
v  0.0105 1.0295 0.9085
v  0.0322 1.0044 0.9028
v  0.0054 1.0142 0.9013
v  -0.1057 1.0096 0.8722
v  -0.1077 1.0251 0.8803
v  -0.1040 1.0335 0.8653
v  -0.1020 1.0180 0.8571
v  -0.4292 1.0145 0.8098
v  -0.4307 1.0262 0.8160
v  -0.4279 1.0325 0.8046
v  -0.4264 1.0208 0.7984
v  -0.4948 1.0179 0.7995
v  -0.4980 1.0297 0.8050
v  -0.4921 1.0360 0.7949
v  -0.4889 1.0243 0.7894
v  -0.5548 1.0228 0.7632
v  -0.5568 1.0345 0.7692
v  -0.5531 1.0409 0.7581
v  -0.5511 1.0292 0.7521
v  -0.6955 1.0275 0.7324
v  -0.6966 1.0338 0.7357
v  -0.6946 1.0373 0.7296
v  -0.6935 1.0309 0.7264
v  -0.3006 1.0243 0.8063
v  -0.3028 1.0316 0.8133
v  -0.4521 1.0243 0.7772
v  -0.4543 1.0316 0.7841
v  -0.3006 1.0390 0.8063
v  -0.4521 1.0390 0.7772
v  -0.2984 1.0316 0.7993
v  -0.4499 1.0316 0.7702
v  -0.5454 1.0243 0.7573
v  -0.5476 1.0316 0.7643
v  -0.5454 1.0390 0.7573
v  -0.5432 1.0316 0.7503
v  -0.6379 1.0243 0.7382
v  -0.6402 1.0316 0.7452
v  -0.6379 1.0390 0.7382
v  -0.6357 1.0316 0.7312
v  -0.7190 1.0243 0.7145
v  -0.7212 1.0316 0.7215
v  -0.7190 1.0390 0.7145
v  -0.7167 1.0316 0.7075
v  -0.8190 1.0243 0.6889
v  -0.8208 1.0316 0.6946
v  -0.8190 1.0390 0.6889
v  -0.8163 1.0316 0.6840
v  0.7291 0.9782 0.7831
v  0.7220 0.9837 0.7983
v  0.7252 1.0028 0.7889
v  0.7315 1.0110 0.8031
v  0.7432 0.9911 0.7935
v  0.7401 1.0224 0.7927
v  0.7503 0.9857 0.7783
v  0.7338 1.0141 0.7785
v  0.6596 1.0147 0.7494
v  0.6591 1.0218 0.7655
v  0.6601 1.0379 0.7584
v  0.6606 1.0308 0.7423
v  0.3171 1.0082 0.8227
v  0.3167 1.0136 0.8349
v  0.3174 1.0258 0.8295
v  0.3178 1.0204 0.8174
v  0.2506 1.0100 0.8261
v  0.2485 1.0156 0.8380
v  0.2525 1.0273 0.8332
v  0.2547 1.0217 0.8213
v  0.1851 1.0291 0.8094
v  0.1842 1.0345 0.8215
v  0.1859 1.0467 0.8163
v  0.1868 1.0412 0.8041
v  0.0412 1.0359 0.8082
v  0.0407 1.0389 0.8148
v  0.0416 1.0455 0.8119
v  0.0421 1.0425 0.8053
v  0.4444 1.0322 0.7753
v  0.4435 1.0335 0.7856
v  0.2887 1.0331 0.7948
v  0.2877 1.0345 0.8050
v  0.4444 1.0438 0.7843
v  0.2887 1.0447 0.8038
v  0.4454 1.0425 0.7741
v  0.2896 1.0434 0.7935
v  0.1933 1.0349 0.8044
v  0.1924 1.0362 0.8146
v  0.1933 1.0465 0.8134
v  0.1943 1.0451 0.8031
v  0.0989 1.0362 0.8026
v  0.0979 1.0376 0.8129
v  0.0989 1.0478 0.8116
v  0.0998 1.0465 0.8014
v  0.0149 1.0417 0.7956
v  0.0140 1.0430 0.8059
v  0.0149 1.0533 0.8046
v  0.0159 1.0519 0.7944
v  -0.0881 1.0461 0.7899
v  -0.0888 1.0483 0.7990
v  -0.0881 1.0577 0.7989
v  -0.0863 1.0552 0.7902
v  0.3209 1.0437 0.8225
v  0.3209 1.0095 0.8418
v  0.6542 1.0224 0.7725
v  0.6542 1.0566 0.7531
v  0.3209 1.0074 0.8371
v  0.6542 1.0204 0.7678
v  0.3209 1.0417 0.8178
v  0.6542 1.0546 0.7484
v  -0.0000 1.4989 -0.2536
v  0.2881 1.4827 -0.2564
v  0.4808 1.4733 -0.2659
v  0.4954 1.4727 -0.2780
v  0.5020 1.4725 -0.2951
v  0.5116 1.4756 -0.5846
v  0.5091 1.4741 -0.7508
v  0.4959 1.4752 -0.7735
v  0.4826 1.4776 -0.7831
v  0.2848 1.4904 -0.7986
v  0.0000 1.5038 -0.8025
v  -0.2881 1.4827 -0.2564
v  -0.4808 1.4733 -0.2659
v  -0.4954 1.4727 -0.2780
v  -0.5020 1.4725 -0.2951
v  -0.5116 1.4756 -0.5846
v  -0.5091 1.4741 -0.7508
v  -0.4959 1.4752 -0.7735
v  -0.4826 1.4776 -0.7831
v  -0.2848 1.4904 -0.7986
v  0.8702 1.1205 0.4286
v  0.8983 0.9929 0.6347
v  0.8438 1.1234 0.4297
v  0.7659 1.2789 0.1307
v  0.7421 1.2841 0.1347
v  0.6442 1.4000 -0.0914
v  0.6254 1.4140 -0.0927
v  0.5219 1.4292 -0.0636
v  0.2828 1.4533 -0.0161
v  0.0000 1.4665 0.0090
v  0.8514 0.9970 0.7079
v  0.8607 0.9804 0.7098
v  0.6715 0.9920 0.7964
v  0.6689 1.0064 0.7697
v  0.4972 0.9940 0.8238
v  0.4936 1.0113 0.8016
v  0.2751 0.9957 0.8476
v  0.2760 1.0168 0.8277
v  0.0000 0.9967 0.8607
v  0.0000 1.0194 0.8395
v  -0.8702 1.1205 0.4286
v  -0.8983 0.9929 0.6347
v  -0.8438 1.1234 0.4297
v  -0.7421 1.2841 0.1347
v  -0.7659 1.2789 0.1307
v  -0.6442 1.4000 -0.0914
v  -0.6254 1.4140 -0.0927
v  -0.5219 1.4292 -0.0636
v  -0.2828 1.4533 -0.0161
v  -0.8514 0.9970 0.7079
v  -0.8607 0.9804 0.7098
v  -0.6715 0.9920 0.7964
v  -0.6689 1.0064 0.7697
v  -0.4972 0.9940 0.8238
v  -0.4936 1.0113 0.8016
v  -0.2751 0.9957 0.8476
v  -0.2760 1.0168 0.8277
v  0.2839 1.0237 0.9209
v  0.0000 1.0277 0.9317
v  0.4974 1.0134 0.8955
v  0.6759 1.0084 0.8646
v  -0.2839 1.0237 0.9209
v  -0.4974 1.0134 0.8955
v  -0.6759 1.0084 0.8646
# 1396 vertices

vn 0.8353 -0.5498 -0.0002
vn 0.8372 -0.5469 0.0003
vn 0.8593 -0.5114 0.0068
vn 0.8635 -0.5042 0.0081
vn 0.9268 0.3751 0.0199
vn 0.8963 0.4432 0.0129
vn 0.8938 0.4482 0.0124
vn 0.9279 0.3723 0.0202
vn 0.8826 0.4689 -0.0323
vn 0.8891 0.4554 -0.0457
vn 0.8814 0.4713 -0.0317
vn 0.8912 0.4515 -0.0439
vn 0.8062 0.5888 -0.0579
vn 0.7965 0.6018 -0.0583
vn 0.6656 -0.7439 -0.0601
vn 0.6835 -0.7285 -0.0463
vn 0.6732 -0.7387 -0.0350
vn 0.6721 -0.7397 -0.0352
vn 1.0000 0.0037 0.0088
vn 1.0000 0.0024 0.0093
vn 0.9989 0.0007 -0.0470
vn 0.9982 0.0029 -0.0596
vn 0.9982 0.0047 -0.0594
vn 0.9969 0.0248 -0.0748
vn 0.9968 0.0283 -0.0754
vn 0.9652 -0.1794 -0.1901
vn 0.9574 -0.1817 -0.2242
vn 0.9205 -0.1879 -0.3425
vn 0.8956 -0.1900 -0.4023
vn 0.6722 0.1839 0.7171
vn 0.6656 0.1843 0.7232
vn 0.6748 0.1838 0.7147
vn 0.3804 0.0331 -0.9242
vn 0.3918 0.0300 -0.9196
vn 0.4756 0.0068 -0.8797
vn 0.8589 -0.1798 0.4796
vn 0.5594 -0.3828 0.7352
vn 0.4981 0.0003 -0.8671
vn 0.6791 -0.7274 0.0985
vn 0.6766 -0.7288 0.1051
vn 0.6724 -0.7355 0.0828
vn 0.5742 -0.8074 0.1353
vn 0.5682 -0.8114 0.1369
vn 0.5969 0.7984 0.0793
vn 0.5867 0.8066 0.0722
vn 0.6205 0.7778 0.1003
vn 0.6802 0.7169 0.1529
vn 0.6798 0.7175 0.1519
vn 0.5896 0.7853 0.1890
vn 0.5916 0.7852 0.1828
vn 0.5397 -0.8217 0.1829
vn 0.5357 -0.8232 0.1878
vn 0.6472 0.7176 0.2573
vn 0.6535 0.7105 0.2611
vn 0.5119 -0.8331 0.2096
vn 0.5102 -0.8344 0.2083
vn 0.6248 -0.4062 -0.6668
vn 0.6210 -0.4064 -0.6702
vn 0.5889 -0.4078 -0.6978
vn 0.5794 -0.4080 -0.7056
vn 0.7103 0.6998 -0.0759
vn 0.8014 0.5844 -0.1270
vn 0.7015 0.7091 -0.0718
vn 0.8103 0.5713 -0.1304
vn 0.5930 -0.7909 -0.1514
vn 0.6024 -0.7825 -0.1577
vn 0.5565 -0.8231 -0.1134
vn 0.5546 -0.8249 -0.1095
vn 0.6207 -0.7680 -0.1579
vn 0.6264 -0.7643 -0.1530
vn 0.5803 -0.7926 -0.1871
vn 0.5767 -0.7953 -0.1868
vn 0.6872 0.7052 -0.1747
vn 0.6859 0.7073 -0.1709
vn 0.7308 0.6453 -0.2224
vn 0.7343 0.6412 -0.2229
vn 0.8020 -0.3830 0.4583
vn 0.8925 -0.3019 0.3351
vn 0.7823 -0.3971 0.4800
vn 0.9188 -0.2701 0.2879
vn -0.8353 -0.5498 -0.0002
vn -0.8593 -0.5114 0.0068
vn -0.8372 -0.5469 0.0003
vn -0.8635 -0.5042 0.0081
vn -0.9268 0.3751 0.0199
vn -0.8938 0.4482 0.0124
vn -0.8963 0.4432 0.0129
vn -0.9279 0.3723 0.0202
vn -0.8826 0.4689 -0.0323
vn -0.8814 0.4713 -0.0317
vn -0.8891 0.4554 -0.0457
vn -0.8912 0.4515 -0.0439
vn -0.8062 0.5888 -0.0579
vn -0.7965 0.6018 -0.0583
vn -0.6835 -0.7285 -0.0463
vn -0.6665 -0.7431 -0.0601
vn -0.6732 -0.7387 -0.0350
vn -0.6721 -0.7397 -0.0352
vn -1.0000 0.0037 0.0088
vn -1.0000 0.0024 0.0093
vn -0.9989 0.0007 -0.0470
vn -0.9982 0.0047 -0.0594
vn -0.9982 0.0029 -0.0596
vn -0.9969 0.0248 -0.0748
vn -0.9968 0.0283 -0.0754
vn -0.9652 -0.1794 -0.1901
vn -0.9205 -0.1879 -0.3425
vn -0.9574 -0.1817 -0.2242
vn -0.8956 -0.1900 -0.4023
vn -0.6722 0.1839 0.7171
vn -0.6661 0.1842 0.7227
vn -0.6748 0.1838 0.7147
vn -0.3804 0.0331 -0.9242
vn -0.4756 0.0068 -0.8797
vn -0.3918 0.0300 -0.9196
vn -0.8589 -0.1798 0.4796
vn -0.5594 -0.3828 0.7352
vn -0.4981 0.0003 -0.8671
vn -0.6766 -0.7288 0.1051
vn -0.6791 -0.7274 0.0985
vn -0.6724 -0.7355 0.0828
vn -0.5742 -0.8074 0.1353
vn -0.5682 -0.8114 0.1369
vn -0.6205 0.7778 0.1003
vn -0.5867 0.8066 0.0722
vn -0.5969 0.7984 0.0793
vn -0.6802 0.7169 0.1529
vn -0.6798 0.7175 0.1519
vn -0.5896 0.7853 0.1890
vn -0.5916 0.7852 0.1828
vn -0.5397 -0.8217 0.1829
vn -0.5357 -0.8232 0.1878
vn -0.6472 0.7176 0.2573
vn -0.6535 0.7105 0.2611
vn -0.5119 -0.8331 0.2096
vn -0.5102 -0.8344 0.2083
vn -0.6248 -0.4062 -0.6668
vn -0.5889 -0.4078 -0.6978
vn -0.6210 -0.4064 -0.6702
vn -0.5794 -0.4080 -0.7056
vn -0.8014 0.5844 -0.1270
vn -0.7103 0.6998 -0.0759
vn -0.7015 0.7091 -0.0718
vn -0.8103 0.5713 -0.1304
vn -0.5565 -0.8231 -0.1134
vn -0.6024 -0.7825 -0.1577
vn -0.5930 -0.7909 -0.1514
vn -0.5546 -0.8249 -0.1095
vn -0.6207 -0.7680 -0.1579
vn -0.6265 -0.7643 -0.1530
vn -0.5803 -0.7926 -0.1871
vn -0.5767 -0.7953 -0.1868
vn -0.6872 0.7052 -0.1747
vn -0.6859 0.7073 -0.1709
vn -0.7308 0.6453 -0.2224
vn -0.7343 0.6412 -0.2229
vn -0.8020 -0.3830 0.4583
vn -0.7823 -0.3971 0.4800
vn -0.8925 -0.3019 0.3351
vn -0.9188 -0.2701 0.2879
vn 0.9848 -0.0148 0.1732
vn 0.9750 -0.0384 0.2187
vn 0.9746 -0.0392 0.2207
vn 0.9853 -0.0086 0.1706
vn 0.9502 -0.0760 0.3021
vn 0.9450 -0.0809 0.3169
vn 0.9231 -0.1018 0.3709
vn 0.9213 -0.1078 0.3737
vn 0.9823 -0.0938 -0.1621
vn 0.9819 -0.0963 -0.1628
vn 0.9811 -0.0989 -0.1660
vn 0.9816 -0.1022 -0.1612
vn 0.9756 -0.0660 -0.2096
vn 0.9738 -0.0489 -0.2219
vn 0.9585 0.0165 -0.2846
vn 0.9557 0.0386 -0.2918
vn -0.9848 -0.0148 0.1732
vn -0.9746 -0.0392 0.2207
vn -0.9750 -0.0384 0.2187
vn -0.9853 -0.0086 0.1706
vn -0.9502 -0.0760 0.3021
vn -0.9450 -0.0809 0.3169
vn -0.9213 -0.1078 0.3737
vn -0.9231 -0.1018 0.3709
vn -0.9823 -0.0938 -0.1621
vn -0.9811 -0.0989 -0.1660
vn -0.9819 -0.0963 -0.1628
vn -0.9816 -0.1022 -0.1612
vn -0.9756 -0.0660 -0.2096
vn -0.9738 -0.0489 -0.2219
vn -0.9585 0.0165 -0.2846
vn -0.9557 0.0386 -0.2918
vn 0.9122 0.0183 -0.4094
vn 0.9444 0.0146 -0.3283
vn 0.9463 0.0464 -0.3199
vn 0.9383 0.0547 -0.3415
vn 0.9327 0.1514 -0.3274
vn 0.9390 0.1829 -0.2911
vn 0.8023 0.1806 -0.5689
vn 0.8535 0.0045 -0.5211
vn 0.5595 -0.0507 -0.8273
vn 0.5138 -0.0680 -0.8552
vn 0.4268 0.0739 -0.9013
vn 0.3224 -0.0749 -0.9436
vn 0.1287 0.0583 -0.9900
vn 0.1269 -0.0588 -0.9902
vn 0.0269 -0.0145 -0.9995
vn 0.0133 0.0923 -0.9956
vn -0.9122 0.0183 -0.4094
vn -0.9463 0.0464 -0.3199
vn -0.9444 0.0146 -0.3283
vn -0.9383 0.0547 -0.3415
vn -0.9327 0.1514 -0.3274
vn -0.9390 0.1829 -0.2911
vn -0.8023 0.1806 -0.5689
vn -0.8535 0.0045 -0.5211
vn -0.5138 -0.0680 -0.8552
vn -0.5595 -0.0507 -0.8273
vn -0.4268 0.0739 -0.9013
vn -0.3224 -0.0749 -0.9436
vn -0.1287 0.0583 -0.9900
vn -0.1269 -0.0588 -0.9902
vn -0.0269 -0.0145 -0.9995
vn -0.0133 0.0923 -0.9956
vn 0.0000 0.0011 -1.0000
vn -0.0016 -0.4862 -0.8739
vn -0.0069 -0.4980 -0.8671
vn -0.0064 -0.4965 -0.8680
vn -0.0015 -0.4846 -0.8747
vn 0.0000 -0.4922 -0.8705
vn 0.0000 -0.4932 -0.8699
vn 0.0003 0.5533 -0.8330
vn 0.0000 0.5546 -0.8321
vn 0.0016 0.5395 -0.8420
vn 0.0018 0.5384 -0.8427
vn -0.0000 0.5369 -0.8437
vn 0.0016 -0.4862 -0.8739
vn 0.0064 -0.4965 -0.8680
vn 0.0069 -0.4980 -0.8671
vn 0.0015 -0.4846 -0.8747
vn -0.0016 0.5395 -0.8420
vn -0.0018 0.5384 -0.8427
vn -0.5253 -0.0042 -0.8509
vn -0.5796 0.0016 -0.8149
vn -0.5770 0.0013 -0.8167
vn -0.5188 -0.0049 -0.8549
vn 0.5253 -0.0042 -0.8509
vn 0.5770 0.0013 -0.8167
vn 0.5796 0.0016 -0.8149
vn 0.5188 -0.0049 -0.8549
vn -0.0136 0.5670 0.8236
vn 0.6016 0.3744 0.7056
vn 0.6248 0.2535 0.7384
vn 0.6336 0.1821 0.7519
vn 0.6408 0.0480 0.7662
vn -0.0000 -0.5826 0.8128
vn -0.0237 -0.5818 0.8130
vn -0.0420 -0.5845 0.8103
vn -0.0409 -0.5833 0.8113
vn -0.0838 -0.6069 0.7904
vn -0.0530 -0.5768 0.8152
vn -0.0906 -0.6066 0.7898
vn -0.0654 -0.5638 0.8233
vn -0.4082 -0.8808 0.2401
vn -0.2245 -0.6404 0.7345
vn -0.5164 -0.8361 0.1850
vn -0.4051 -0.6778 0.6136
vn -0.5794 -0.7780 0.2431
vn -0.5907 -0.7518 0.2931
vn -0.5748 -0.7405 0.3483
vn -0.6030 -0.7252 0.3324
vn -0.6411 -0.7163 0.2754
vn 0.6930 0.2914 -0.6594
vn 0.6949 0.2931 -0.6567
vn 0.7317 0.5802 -0.3576
vn 0.7500 0.5854 -0.3079
vn 0.8264 0.2817 -0.4876
vn 0.8606 0.4443 -0.2488
vn 0.7934 0.5741 -0.2024
vn 0.8897 0.4292 -0.1555
vn 0.8252 0.5398 -0.1663
vn 0.9240 0.3711 -0.0919
vn 0.7358 -0.0517 -0.6752
vn 0.8402 0.0385 -0.5408
vn 0.9172 0.2426 -0.3159
vn 0.9355 0.3093 -0.1709
vn 0.9594 0.2676 -0.0896
vn 0.9944 0.0744 0.0750
vn 0.0389 -0.6390 -0.7682
vn 0.0258 -0.6374 -0.7701
vn 0.0233 -0.6359 -0.7714
vn 0.0361 -0.6409 -0.7668
vn 0.0492 -0.6573 -0.7520
vn 0.0502 -0.6711 -0.7397
vn 0.0897 -0.7013 -0.7072
vn -0.6568 -0.7348 0.1691
vn 0.0048 -0.6167 -0.7872
vn 0.0055 -0.6323 -0.7747
vn 0.0000 -0.6598 -0.7515
vn 0.0136 0.5670 0.8236
vn -0.6016 0.3744 0.7056
vn -0.6336 0.1821 0.7519
vn -0.6248 0.2535 0.7384
vn -0.6408 0.0480 0.7662
vn 0.0237 -0.5818 0.8130
vn 0.0420 -0.5845 0.8103
vn 0.0409 -0.5833 0.8113
vn 0.0838 -0.6069 0.7904
vn 0.0530 -0.5768 0.8152
vn 0.0906 -0.6066 0.7898
vn 0.0654 -0.5638 0.8233
vn 0.4082 -0.8808 0.2401
vn 0.2245 -0.6404 0.7345
vn 0.5164 -0.8361 0.1850
vn 0.4051 -0.6778 0.6136
vn 0.5748 -0.7405 0.3483
vn 0.5907 -0.7518 0.2931
vn 0.5794 -0.7780 0.2431
vn 0.6030 -0.7252 0.3324
vn 0.6411 -0.7163 0.2754
vn -0.6930 0.2914 -0.6594
vn -0.6949 0.2931 -0.6567
vn -0.7317 0.5802 -0.3576
vn -0.8264 0.2817 -0.4876
vn -0.7500 0.5854 -0.3079
vn -0.8606 0.4443 -0.2488
vn -0.7934 0.5741 -0.2024
vn -0.8897 0.4292 -0.1555
vn -0.8252 0.5398 -0.1663
vn -0.9240 0.3711 -0.0919
vn -0.7358 -0.0517 -0.6752
vn -0.8402 0.0385 -0.5408
vn -0.9172 0.2426 -0.3159
vn -0.9355 0.3093 -0.1709
vn -0.9594 0.2676 -0.0896
vn -0.9944 0.0744 0.0750
vn -0.0233 -0.6359 -0.7714
vn -0.0258 -0.6374 -0.7701
vn -0.0389 -0.6390 -0.7682
vn -0.0361 -0.6409 -0.7668
vn -0.0492 -0.6573 -0.7520
vn -0.0502 -0.6711 -0.7397
vn -0.0897 -0.7013 -0.7072
vn 0.6568 -0.7348 0.1691
vn -0.0048 -0.6167 -0.7872
vn -0.0055 -0.6323 -0.7747
vn 0.0000 1.0000 -0.0000
vn -0.6413 -0.4440 -0.6258
vn 0.6413 -0.4440 -0.6258
vn 0.9991 0.0141 -0.0405
vn 0.9976 -0.0233 -0.0647
vn 0.9961 -0.0731 -0.0490
vn 1.0000 0.0004 -0.0074
vn 0.9866 0.1620 -0.0214
vn 0.9997 0.0000 -0.0231
vn 0.9927 0.1203 -0.0066
vn 1.0000 -0.0000 0.0085
vn 1.0000 -0.0000 0.0000
vn 0.9940 -0.0879 -0.0644
vn 0.9911 -0.1157 -0.0661
vn 0.9983 0.0445 -0.0367
vn 0.9739 0.2267 -0.0077
vn 0.9851 -0.1583 -0.0668
vn 0.9860 -0.1402 -0.0907
vn 0.9937 -0.0981 -0.0541
vn 0.9939 -0.0987 -0.0501
vn 0.9946 -0.0311 -0.0990
vn 0.9927 -0.0216 -0.1189
vn 0.9937 0.0193 -0.1101
vn 0.9868 0.0700 -0.1462
vn 0.9963 0.0225 -0.0826
vn 0.9961 0.0462 -0.0752
vn 0.9988 0.0007 -0.0480
vn 0.9647 0.2630 0.0143
vn 0.9325 0.3608 0.0182
vn 0.9103 0.4139 0.0009
vn 0.9075 0.4201 -0.0012
vn 0.9836 -0.0693 0.1663
vn 0.9842 -0.0590 0.1667
vn 0.9854 -0.0693 0.1557
vn 0.9746 -0.0212 0.2229
vn 0.9732 -0.0104 0.2298
vn 0.9487 -0.0098 0.3160
vn 0.9480 -0.0080 0.3181
vn 0.9292 -0.0026 0.3695
vn 0.9302 -0.0055 0.3671
vn 0.9425 -0.2251 0.2471
vn 0.9289 -0.3110 0.2011
vn 0.9283 -0.2275 0.2941
vn 0.8951 -0.3205 0.3099
vn 0.9044 -0.2534 0.3434
vn 0.8787 -0.3342 0.3408
vn 0.8997 -0.2494 0.3582
vn 0.9361 -0.1453 0.3205
vn 0.9899 -0.0037 0.1420
vn 0.9815 0.0955 0.1658
vn 0.9894 0.0363 0.1403
vn 0.9967 -0.0719 -0.0368
vn 0.9999 -0.0055 0.0146
vn 0.9924 -0.1047 0.0648
vn 0.9887 -0.1253 -0.0829
vn 0.9837 -0.1792 -0.0127
vn 0.9645 -0.2563 -0.0630
vn 0.9682 -0.2503 0.0030
vn 0.9533 -0.2662 -0.1425
vn 0.9535 -0.3014 0.0094
vn 0.9489 -0.3135 0.0376
vn 0.9488 -0.3141 0.0323
vn 0.9870 -0.1527 -0.0494
vn 0.9715 -0.2318 -0.0506
vn 0.9858 -0.1617 -0.0444
vn 0.9962 -0.0741 -0.0460
vn 0.9955 -0.0785 -0.0539
vn 0.9983 -0.0218 -0.0545
vn 0.9980 -0.0313 -0.0555
vn 0.9986 -0.0237 -0.0478
vn 0.9983 -0.0313 -0.0482
vn 0.9976 -0.0509 -0.0469
vn 0.9977 -0.0461 -0.0493
vn 0.9981 -0.0415 -0.0454
vn 0.9982 -0.0399 -0.0446
vn 0.9864 0.1631 -0.0216
vn 0.9993 0.0023 -0.0367
vn 0.9993 0.0026 -0.0384
vn 0.9989 0.0026 -0.0472
vn 0.9996 0.0013 0.0280
vn 0.9997 0.0013 0.0251
vn 0.9966 0.0130 -0.0819
vn 0.9967 -0.0132 -0.0795
vn 0.9963 -0.0029 -0.0853
vn 0.9966 -0.0011 -0.0829
vn 0.9995 -0.0009 0.0304
vn 0.9994 -0.0036 0.0358
vn 0.9987 -0.0220 0.0449
vn 0.9977 -0.0562 0.0387
vn 0.9960 0.0145 0.0885
vn 0.9943 0.0605 0.0872
vn 0.9938 -0.0047 0.1113
vn 0.9956 0.0027 0.0942
vn 0.9938 -0.0121 0.1105
vn 0.9893 -0.0061 0.1458
vn 0.9996 -0.0001 0.0287
vn 0.9962 0.0045 0.0865
vn 0.9960 0.0041 0.0894
vn 0.9895 0.0347 0.1400
vn 0.9925 0.0319 0.1183
vn 0.9874 0.0392 0.1532
vn 0.9887 -0.0006 0.1502
vn 0.9891 0.0186 0.1460
vn 0.9775 -0.0001 0.2108
vn 0.9698 0.0920 0.2257
vn 0.9344 0.2337 0.2690
vn 0.9159 0.1959 0.3504
vn 0.9515 0.0030 0.3076
vn 0.9533 0.0029 0.3020
vn 0.9106 0.0991 0.4013
vn 0.9309 0.0354 0.3635
vn 0.8027 0.3707 0.4672
vn 0.8179 0.4175 0.3958
vn 0.6896 0.5312 0.4922
vn 0.9925 0.1220 0.0056
vn 0.9853 -0.1515 0.0789
vn 0.9788 -0.1850 0.0877
vn 0.9888 0.1495 -0.0020
vn 0.9866 -0.1630 -0.0034
vn 0.9673 -0.2536 -0.0032
vn 0.9677 -0.2522 -0.0026
vn 0.9818 -0.1901 -0.0025
vn 0.9963 -0.0856 -0.0016
vn 0.9968 -0.0801 0.0016
vn 0.9994 -0.0296 0.0189
vn 0.9996 -0.0197 0.0187
vn 0.9995 -0.0274 0.0183
vn 0.9988 -0.0387 0.0289
vn 0.9986 -0.0452 0.0282
vn 0.9977 -0.0604 0.0320
vn 0.9985 -0.0445 0.0320
vn 0.9995 -0.0114 0.0289
vn 0.9908 0.1320 0.0306
vn 0.9944 0.1003 0.0338
vn 0.9206 0.3880 0.0447
vn 0.9458 0.3210 0.0496
vn 0.9971 0.0749 0.0168
vn 0.9517 0.3057 0.0282
vn 0.9999 -0.0003 0.0150
vn 0.9995 0.0000 -0.0331
vn 0.9989 0.0370 -0.0297
vn 0.9999 0.0000 -0.0162
vn 0.9982 0.0577 -0.0133
vn 0.9975 0.0667 -0.0234
vn 0.9945 0.1048 -0.0045
vn 0.9981 0.0488 -0.0378
vn 0.9967 0.0386 -0.0720
vn 0.9893 0.1099 -0.0963
vn 0.9959 0.0639 -0.0640
vn 0.9863 0.1283 -0.1032
vn 0.9750 0.1393 -0.1733
vn 0.9535 0.2393 -0.1831
vn 0.9502 0.1509 -0.2728
vn 0.9377 0.2262 -0.2637
vn 0.9850 0.0292 -0.1698
vn 0.9597 0.0311 -0.2792
vn 0.9841 -0.0225 -0.1761
vn 0.9610 -0.0244 -0.2756
vn 0.9833 -0.0503 -0.1748
vn 0.9630 -0.0223 -0.2685
vn 0.9417 0.1787 -0.2849
vn 0.9228 -0.3104 -0.2284
vn 0.9517 -0.2515 -0.1759
vn 0.9431 -0.2589 -0.2089
vn 0.9025 -0.3802 -0.2025
vn 0.9134 -0.3374 -0.2278
vn 0.9487 -0.2071 -0.2387
vn 0.9392 -0.2398 -0.2457
vn 0.8556 -0.4722 -0.2120
vn 0.9255 -0.1733 -0.3368
vn 0.9868 0.1572 -0.0402
vn 0.5904 0.8039 0.0722
vn 0.4941 0.8621 0.1124
vn 0.4474 0.8834 0.1396
vn 0.5594 0.8231 0.0976
vn 0.5206 0.8466 0.1106
vn 0.6387 0.7683 0.0418
vn 0.5469 0.8317 0.0958
vn 0.6741 0.7382 0.0250
vn 0.7055 0.7078 0.0353
vn 0.7443 0.6644 0.0679
vn 0.7473 0.6644 0.0126
vn 0.7568 0.6514 0.0550
vn 0.8797 0.4753 0.0145
vn 0.8122 0.5810 0.0525
vn 0.8886 0.4585 0.0085
vn 0.8396 0.5369 0.0822
vn 0.9420 0.3344 0.0286
vn 0.5039 0.8534 0.1333
vn 0.4354 0.8857 0.1613
vn 0.4776 0.8672 0.1408
vn 0.4214 0.8928 0.1591
vn 0.4693 0.8721 0.1383
vn 0.3854 0.9071 0.1694
vn 0.4424 0.8775 0.1850
vn 0.3578 0.9107 0.2064
vn 0.4274 0.8771 0.2193
vn 0.3393 0.9111 0.2340
vn 0.3585 0.9019 0.2411
vn 0.3329 0.9120 0.2395
vn 0.4383 0.8471 0.3007
vn 0.4155 0.8603 0.2955
vn 0.7460 0.5938 0.3015
vn 0.8171 0.5048 0.2783
vn 0.3881 0.9154 0.1065
vn 0.3659 0.9247 0.1053
vn 0.3534 0.9300 0.1008
vn 0.3310 0.9387 0.0968
vn 0.4342 0.8966 0.0871
vn 0.4434 0.8927 0.0805
vn 0.4560 0.8857 0.0867
vn 0.4529 0.8875 0.0848
vn 0.3828 0.9150 0.1274
vn 0.4101 0.9043 0.1182
vn 0.3799 0.9160 0.1286
vn 0.3045 0.9384 0.1636
vn 0.3384 0.9263 0.1656
vn 0.3231 0.9299 0.1761
vn 0.2704 0.9425 0.1963
vn 0.2481 0.9420 0.2259
vn 0.2306 0.9405 0.2496
vn 0.2431 0.9406 0.2369
vn 0.1403 0.9439 0.2990
vn 0.1361 0.9318 0.3364
vn 0.0963 0.9346 0.3423
vn 0.1920 0.9782 0.0795
vn 0.6475 0.7621 0.0055
vn 0.6010 0.7992 -0.0042
vn 0.5665 0.8233 0.0351
vn 0.5518 0.8319 0.0592
vn 0.7033 0.7107 -0.0162
vn 0.7702 0.6352 -0.0583
vn 0.7719 0.6356 -0.0172
vn 0.4926 0.8655 0.0915
vn 0.4464 0.8843 0.1367
vn 0.4467 0.8846 0.1344
vn 0.4423 0.8852 0.1443
vn 0.4103 0.8921 0.1891
vn 0.3389 0.9178 0.2069
vn 0.2788 0.9203 0.2744
vn 0.7981 0.6004 0.0502
vn 0.8595 0.5069 0.0649
vn 0.8330 0.5516 0.0415
vn 0.7403 0.6719 0.0217
vn 0.8166 0.5772 -0.0042
vn 0.8438 0.5365 0.0107
vn 0.5453 0.8382 0.0068
vn 0.5240 0.8517 -0.0015
vn 0.8779 0.4785 0.0186
vn 0.8187 0.5739 -0.0191
vn 0.7991 0.6011 -0.0142
vn 0.8211 0.5695 -0.0382
vn 0.8435 0.5367 -0.0229
vn 0.8566 0.5160 -0.0078
vn 0.6753 0.7353 -0.0566
vn 0.4876 0.8728 -0.0196
vn 0.7159 0.6975 -0.0315
vn 0.8124 0.5829 -0.0172
vn 0.8301 0.5569 -0.0278
vn 0.8439 0.5363 -0.0120
vn 0.8260 0.5627 -0.0316
vn 0.8544 0.5194 -0.0135
vn 0.8097 0.5843 -0.0548
vn 0.8318 0.5537 -0.0377
vn 0.7969 0.6025 -0.0435
vn 0.7981 0.6009 -0.0436
vn 0.6642 0.7250 -0.1824
vn 0.7402 0.6703 -0.0523
vn 0.6382 0.7673 -0.0627
vn 0.7149 0.6967 -0.0592
vn 0.7894 0.6071 -0.0910
vn 0.7965 0.6039 -0.0312
vn 0.8012 0.5984 0.0047
vn 0.8490 0.5284 -0.0015
vn 0.2493 0.9495 0.1906
vn 0.2121 0.9712 0.1082
vn 0.1512 0.9827 0.1067
vn 0.1946 0.9620 0.1915
vn 0.2235 0.9730 0.0583
vn 0.1613 0.9846 0.0680
vn 0.2304 0.9731 0.0004
vn 0.1812 0.9834 0.0009
vn 0.2352 0.9720 0.0013
vn 0.1807 0.9831 -0.0284
vn 0.2473 0.9688 -0.0187
vn 0.1398 0.9873 -0.0749
vn 0.2720 0.9611 -0.0483
vn 0.0684 0.9941 -0.0844
vn 0.0631 0.9933 -0.0966
vn 0.0655 0.9925 -0.1032
vn 0.0849 0.9826 0.1650
vn 0.0577 0.9982 -0.0185
vn -0.0000 0.9897 0.1434
vn 0.0000 0.9993 0.0362
vn -0.0000 0.9985 -0.0548
vn 0.0000 0.9949 -0.1009
vn 0.2627 0.9407 0.2148
vn 0.2021 0.9243 0.3238
vn 0.1310 0.9066 0.4012
vn -0.0000 0.8979 0.4402
vn 0.7304 0.6801 -0.0639
vn 0.7787 0.6227 -0.0763
vn 0.7734 0.6254 -0.1033
vn 0.7262 0.6799 -0.1016
vn 0.7696 0.6368 -0.0476
vn 0.8408 0.5381 -0.0596
vn 0.8496 0.5241 -0.0598
vn 0.7629 0.6399 -0.0929
vn 0.8408 0.5350 -0.0832
vn 0.8474 0.5248 -0.0802
vn 0.7660 0.6244 -0.1528
vn 0.7923 0.5970 -0.1261
vn 0.8684 0.4609 -0.1828
vn 0.8111 0.5619 -0.1622
vn 0.8318 0.5467 -0.0965
vn 0.8520 0.5157 -0.0900
vn 0.8663 0.4907 -0.0930
vn 0.7875 0.5998 -0.1421
vn 0.8527 0.5055 -0.1315
vn 0.8459 0.5169 -0.1317
vn 0.8517 0.5037 -0.1445
vn 0.9057 0.3481 -0.2418
vn 0.6848 0.7035 -0.1898
vn 0.8430 0.4815 -0.2399
vn 0.7456 0.4985 -0.4423
vn 0.7694 0.5925 -0.2387
vn 0.6546 0.6304 -0.4172
vn 0.6051 0.6883 -0.4001
vn 0.7293 0.6350 -0.2548
vn 0.6503 0.4625 -0.6027
vn 0.5694 0.6448 -0.5100
vn 0.5082 0.7140 -0.4816
vn 0.1063 0.2658 -0.9582
vn 0.2074 0.2773 -0.9381
vn 0.0082 0.2171 -0.9761
vn -0.0012 0.1406 -0.9901
vn -0.0001 0.2092 -0.9779
vn 0.0000 0.2124 -0.9772
vn 0.0000 0.1403 -0.9901
vn 0.1229 0.5323 -0.8376
vn 0.2336 0.5723 -0.7861
vn 0.0141 0.4171 -0.9088
vn 0.0006 0.4112 -0.9115
vn -0.0000 0.4184 -0.9083
vn 0.2066 0.6769 -0.7064
vn 0.0986 0.6615 -0.7434
vn 0.0185 0.5318 -0.8467
vn -0.0016 0.5403 -0.8415
vn 0.0000 0.5445 -0.8387
vn 0.0736 0.9465 0.3141
vn 0.0745 0.9578 0.2778
vn 0.0572 0.9508 0.3044
vn 0.0477 0.9593 0.2783
vn 0.0838 0.9335 0.3487
vn 0.0737 0.9394 0.3348
vn -0.9991 0.0141 -0.0405
vn -0.9961 -0.0731 -0.0490
vn -0.9976 -0.0233 -0.0647
vn -1.0000 0.0004 -0.0074
vn -0.9866 0.1620 -0.0214
vn -0.9997 0.0000 -0.0231
vn -0.9927 0.1203 -0.0066
vn -1.0000 -0.0000 0.0085
vn -1.0000 -0.0000 0.0000
vn -0.9911 -0.1157 -0.0661
vn -0.9940 -0.0879 -0.0644
vn -0.9983 0.0445 -0.0367
vn -0.9739 0.2267 -0.0077
vn -0.9851 -0.1583 -0.0668
vn -0.9860 -0.1402 -0.0907
vn -0.9939 -0.0987 -0.0501
vn -0.9937 -0.0981 -0.0541
vn -0.9927 -0.0216 -0.1189
vn -0.9946 -0.0311 -0.0990
vn -0.9868 0.0700 -0.1462
vn -0.9937 0.0193 -0.1101
vn -0.9961 0.0462 -0.0752
vn -0.9963 0.0225 -0.0826
vn -0.9988 0.0007 -0.0480
vn -0.9647 0.2630 0.0143
vn -0.9325 0.3608 0.0182
vn -0.9103 0.4139 0.0009
vn -0.9075 0.4201 -0.0012
vn -0.9836 -0.0693 0.1663
vn -0.9854 -0.0693 0.1557
vn -0.9842 -0.0590 0.1667
vn -0.9746 -0.0212 0.2229
vn -0.9732 -0.0104 0.2298
vn -0.9487 -0.0098 0.3160
vn -0.9480 -0.0080 0.3181
vn -0.9302 -0.0055 0.3671
vn -0.9292 -0.0026 0.3695
vn -0.9425 -0.2251 0.2471
vn -0.9283 -0.2275 0.2941
vn -0.9289 -0.3110 0.2011
vn -0.8951 -0.3205 0.3099
vn -0.9044 -0.2534 0.3434
vn -0.8997 -0.2494 0.3582
vn -0.8787 -0.3342 0.3408
vn -0.9361 -0.1453 0.3205
vn -0.9899 -0.0037 0.1420
vn -0.9894 0.0363 0.1403
vn -0.9815 0.0955 0.1658
vn -0.9968 -0.0697 -0.0396
vn -0.9924 -0.1047 0.0648
vn -0.9999 -0.0055 0.0146
vn -0.9887 -0.1253 -0.0829
vn -0.9837 -0.1792 -0.0127
vn -0.9645 -0.2563 -0.0630
vn -0.9682 -0.2503 0.0030
vn -0.9533 -0.2662 -0.1425
vn -0.9535 -0.3014 0.0094
vn -0.9489 -0.3135 0.0376
vn -0.9488 -0.3141 0.0323
vn -0.9870 -0.1527 -0.0494
vn -0.9715 -0.2318 -0.0506
vn -0.9858 -0.1617 -0.0444
vn -0.9955 -0.0785 -0.0539
vn -0.9962 -0.0741 -0.0460
vn -0.9983 -0.0218 -0.0545
vn -0.9980 -0.0313 -0.0555
vn -0.9986 -0.0237 -0.0478
vn -0.9983 -0.0313 -0.0482
vn -0.9976 -0.0509 -0.0469
vn -0.9977 -0.0461 -0.0493
vn -0.9981 -0.0415 -0.0454
vn -0.9982 -0.0399 -0.0446
vn -0.9864 0.1631 -0.0216
vn -0.9993 0.0026 -0.0384
vn -0.9993 0.0023 -0.0367
vn -0.9989 0.0026 -0.0472
vn -0.9997 0.0013 0.0251
vn -0.9996 0.0013 0.0280
vn -0.9966 0.0130 -0.0819
vn -0.9967 -0.0132 -0.0795
vn -0.9963 -0.0029 -0.0853
vn -0.9966 -0.0011 -0.0829
vn -0.9994 -0.0036 0.0358
vn -0.9995 -0.0009 0.0304
vn -0.9977 -0.0562 0.0387
vn -0.9987 -0.0220 0.0449
vn -0.9943 0.0605 0.0872
vn -0.9960 0.0145 0.0885
vn -0.9956 0.0027 0.0942
vn -0.9938 -0.0047 0.1113
vn -0.9938 -0.0121 0.1105
vn -0.9893 -0.0061 0.1458
vn -0.9996 -0.0001 0.0287
vn -0.9962 0.0045 0.0865
vn -0.9960 0.0041 0.0894
vn -0.9895 0.0347 0.1400
vn -0.9925 0.0319 0.1183
vn -0.9874 0.0392 0.1532
vn -0.9887 -0.0006 0.1502
vn -0.9891 0.0186 0.1460
vn -0.9775 -0.0001 0.2108
vn -0.9698 0.0920 0.2257
vn -0.9344 0.2337 0.2690
vn -0.9159 0.1959 0.3504
vn -0.9515 0.0030 0.3076
vn -0.9533 0.0029 0.3020
vn -0.9309 0.0354 0.3635
vn -0.9106 0.0991 0.4013
vn -0.8027 0.3707 0.4672
vn -0.8179 0.4175 0.3958
vn -0.6896 0.5312 0.4922
vn -0.9925 0.1220 0.0056
vn -0.9788 -0.1850 0.0877
vn -0.9853 -0.1515 0.0789
vn -0.9888 0.1495 -0.0020
vn -0.9866 -0.1630 -0.0034
vn -0.9677 -0.2522 -0.0026
vn -0.9673 -0.2536 -0.0032
vn -0.9818 -0.1901 -0.0025
vn -0.9963 -0.0856 -0.0016
vn -0.9968 -0.0801 0.0016
vn -0.9994 -0.0296 0.0189
vn -0.9995 -0.0274 0.0183
vn -0.9996 -0.0197 0.0187
vn -0.9988 -0.0387 0.0289
vn -0.9986 -0.0452 0.0282
vn -0.9977 -0.0604 0.0320
vn -0.9985 -0.0445 0.0320
vn -0.9995 -0.0114 0.0289
vn -0.9908 0.1320 0.0306
vn -0.9944 0.1003 0.0338
vn -0.9206 0.3880 0.0447
vn -0.9458 0.3210 0.0496
vn -0.9971 0.0749 0.0168
vn -0.9517 0.3057 0.0282
vn -0.9999 -0.0003 0.0150
vn -0.9995 0.0000 -0.0331
vn -0.9999 0.0000 -0.0162
vn -0.9989 0.0370 -0.0297
vn -0.9982 0.0577 -0.0133
vn -0.9945 0.1048 -0.0045
vn -0.9975 0.0667 -0.0234
vn -0.9981 0.0488 -0.0378
vn -0.9962 0.0387 -0.0786
vn -0.9892 0.1078 -0.0988
vn -0.9959 0.0639 -0.0640
vn -0.9863 0.1283 -0.1032
vn -0.9771 0.1268 -0.1707
vn -0.9535 0.2393 -0.1831
vn -0.9502 0.1509 -0.2728
vn -0.9377 0.2262 -0.2637
vn -0.9601 0.0318 -0.2779
vn -0.9607 -0.0250 -0.2764
vn -0.9850 -0.0044 -0.1724
vn -0.9833 -0.0503 -0.1748
vn -0.9630 -0.0223 -0.2685
vn -0.9417 0.1787 -0.2849
vn -0.9228 -0.3104 -0.2284
vn -0.9517 -0.2515 -0.1759
vn -0.9431 -0.2589 -0.2089
vn -0.9025 -0.3802 -0.2025
vn -0.9134 -0.3374 -0.2278
vn -0.9487 -0.2071 -0.2387
vn -0.9392 -0.2398 -0.2457
vn -0.8556 -0.4722 -0.2120
vn -0.9255 -0.1733 -0.3368
vn -0.9868 0.1572 -0.0402
vn -0.4474 0.8834 0.1396
vn -0.4941 0.8621 0.1124
vn -0.5904 0.8039 0.0722
vn -0.5594 0.8231 0.0976
vn -0.5206 0.8466 0.1106
vn -0.6387 0.7683 0.0418
vn -0.5469 0.8317 0.0958
vn -0.6741 0.7382 0.0250
vn -0.7055 0.7078 0.0353
vn -0.7443 0.6644 0.0679
vn -0.7473 0.6644 0.0126
vn -0.7568 0.6514 0.0550
vn -0.8797 0.4753 0.0145
vn -0.8122 0.5810 0.0525
vn -0.8886 0.4585 0.0085
vn -0.8396 0.5369 0.0822
vn -0.9420 0.3344 0.0286
vn -0.5039 0.8534 0.1333
vn -0.4354 0.8857 0.1613
vn -0.4776 0.8672 0.1408
vn -0.4214 0.8928 0.1591
vn -0.4693 0.8721 0.1383
vn -0.3854 0.9071 0.1694
vn -0.4424 0.8775 0.1850
vn -0.3578 0.9107 0.2064
vn -0.4274 0.8771 0.2193
vn -0.3393 0.9111 0.2340
vn -0.3585 0.9019 0.2411
vn -0.3329 0.9120 0.2395
vn -0.4383 0.8471 0.3007
vn -0.4155 0.8603 0.2955
vn -0.7460 0.5938 0.3015
vn -0.8171 0.5048 0.2783
vn -0.3659 0.9247 0.1053
vn -0.3881 0.9154 0.1065
vn -0.3534 0.9300 0.1008
vn -0.3310 0.9387 0.0968
vn -0.4342 0.8966 0.0871
vn -0.4434 0.8927 0.0805
vn -0.4560 0.8857 0.0867
vn -0.4529 0.8875 0.0848
vn -0.3828 0.9150 0.1274
vn -0.4101 0.9043 0.1182
vn -0.3799 0.9160 0.1286
vn -0.3045 0.9384 0.1636
vn -0.3384 0.9263 0.1656
vn -0.3231 0.9299 0.1761
vn -0.2704 0.9425 0.1963
vn -0.2481 0.9420 0.2259
vn -0.2306 0.9405 0.2496
vn -0.2431 0.9406 0.2369
vn -0.1403 0.9439 0.2990
vn -0.1361 0.9318 0.3364
vn -0.0963 0.9346 0.3423
vn -0.1920 0.9782 0.0795
vn -0.6475 0.7621 0.0055
vn -0.6010 0.7992 -0.0042
vn -0.5665 0.8233 0.0351
vn -0.5518 0.8319 0.0592
vn -0.7033 0.7107 -0.0162
vn -0.7702 0.6352 -0.0583
vn -0.7719 0.6356 -0.0172
vn -0.4926 0.8655 0.0915
vn -0.4464 0.8843 0.1367
vn -0.4467 0.8846 0.1344
vn -0.4423 0.8852 0.1443
vn -0.4103 0.8921 0.1891
vn -0.3390 0.9178 0.2069
vn -0.2788 0.9203 0.2744
vn -0.7981 0.6004 0.0502
vn -0.8595 0.5069 0.0649
vn -0.8330 0.5516 0.0415
vn -0.7403 0.6719 0.0217
vn -0.8166 0.5772 -0.0042
vn -0.8438 0.5365 0.0107
vn -0.5453 0.8382 0.0068
vn -0.5240 0.8517 -0.0015
vn -0.8779 0.4785 0.0186
vn -0.8187 0.5739 -0.0191
vn -0.7991 0.6011 -0.0142
vn -0.8227 0.5672 -0.0374
vn -0.8566 0.5160 -0.0078
vn -0.8438 0.5361 -0.0225
vn -0.6774 0.7337 -0.0531
vn -0.4867 0.8733 -0.0196
vn -0.7120 0.7014 -0.0334
vn -0.8302 0.5568 -0.0266
vn -0.8122 0.5831 -0.0168
vn -0.8435 0.5370 -0.0142
vn -0.8544 0.5194 -0.0135
vn -0.8260 0.5627 -0.0316
vn -0.8097 0.5843 -0.0548
vn -0.8318 0.5537 -0.0377
vn -0.7969 0.6025 -0.0435
vn -0.7981 0.6009 -0.0436
vn -0.6642 0.7250 -0.1824
vn -0.7402 0.6703 -0.0523
vn -0.6382 0.7673 -0.0627
vn -0.7149 0.6967 -0.0592
vn -0.7894 0.6071 -0.0910
vn -0.7965 0.6039 -0.0312
vn -0.8012 0.5984 0.0047
vn -0.8490 0.5284 -0.0015
vn -0.1512 0.9827 0.1067
vn -0.2121 0.9712 0.1082
vn -0.2493 0.9495 0.1906
vn -0.1946 0.9620 0.1915
vn -0.2235 0.9730 0.0583
vn -0.1613 0.9846 0.0680
vn -0.2304 0.9731 0.0004
vn -0.1812 0.9834 0.0009
vn -0.2352 0.9720 0.0013
vn -0.1807 0.9831 -0.0284
vn -0.1398 0.9873 -0.0749
vn -0.2473 0.9688 -0.0187
vn -0.2720 0.9611 -0.0483
vn -0.0684 0.9941 -0.0844
vn -0.0655 0.9925 -0.1032
vn -0.0631 0.9933 -0.0966
vn -0.0849 0.9826 0.1650
vn -0.0577 0.9982 -0.0185
vn -0.2627 0.9407 0.2148
vn -0.2021 0.9243 0.3238
vn -0.1310 0.9066 0.4012
vn -0.7232 0.6877 -0.0637
vn -0.7886 0.6106 -0.0733
vn -0.7814 0.6147 -0.1077
vn -0.7228 0.6832 -0.1038
vn -0.7622 0.6456 -0.0471
vn -0.8457 0.5305 -0.0575
vn -0.8496 0.5241 -0.0598
vn -0.7587 0.6453 -0.0894
vn -0.8408 0.5350 -0.0832
vn -0.8474 0.5248 -0.0802
vn -0.7660 0.6244 -0.1528
vn -0.7922 0.5970 -0.1267
vn -0.8684 0.4609 -0.1828
vn -0.8111 0.5619 -0.1622
vn -0.8318 0.5467 -0.0965
vn -0.8520 0.5157 -0.0900
vn -0.8663 0.4907 -0.0930
vn -0.7875 0.5998 -0.1421
vn -0.8527 0.5055 -0.1315
vn -0.8459 0.5169 -0.1317
vn -0.8517 0.5037 -0.1445
vn -0.9057 0.3481 -0.2418
vn -0.6848 0.7035 -0.1898
vn -0.8430 0.4815 -0.2399
vn -0.7456 0.4985 -0.4423
vn -0.7694 0.5925 -0.2387
vn -0.6546 0.6304 -0.4172
vn -0.6051 0.6883 -0.4001
vn -0.7293 0.6350 -0.2548
vn -0.6503 0.4625 -0.6027
vn -0.5694 0.6448 -0.5100
vn -0.5082 0.7140 -0.4816
vn -0.1063 0.2658 -0.9582
vn -0.2074 0.2773 -0.9381
vn -0.0082 0.2171 -0.9761
vn 0.0012 0.1406 -0.9901
vn -0.1229 0.5323 -0.8376
vn -0.2336 0.5723 -0.7861
vn -0.0141 0.4171 -0.9088
vn -0.0006 0.4112 -0.9115
vn -0.2066 0.6769 -0.7064
vn -0.0986 0.6615 -0.7434
vn -0.0185 0.5318 -0.8467
vn 0.0016 0.5403 -0.8415
vn -0.0572 0.9508 0.3044
vn -0.0745 0.9578 0.2778
vn -0.0736 0.9465 0.3141
vn -0.0477 0.9593 0.2783
vn -0.0838 0.9335 0.3487
vn -0.0737 0.9394 0.3348
vn 0.9676 0.0027 -0.2525
vn 0.9744 -0.1021 -0.2005
vn 0.9725 -0.1246 -0.1969
vn -0.9676 0.0027 -0.2525
vn -0.9744 -0.1021 -0.2005
vn -0.9725 -0.1246 -0.1969
vn 0.4070 0.9134 -0.0082
vn 0.4117 0.9110 0.0236
vn 0.6979 0.7160 -0.0159
vn 0.5401 0.7715 -0.3362
vn 0.4091 0.7701 -0.4894
vn 0.4085 0.7717 -0.4873
vn 0.2830 0.7764 -0.5631
vn 0.2874 0.7750 -0.5629
vn 0.3412 0.8620 -0.3750
vn 0.3510 0.8574 -0.3765
vn 0.3493 0.9315 -0.1019
vn 0.3470 0.9317 -0.1074
vn 0.2360 0.9717 0.0085
vn 0.2285 0.9735 0.0072
vn 0.2131 0.9770 -0.0040
vn 0.2117 0.9773 -0.0061
vn 0.2123 0.9769 -0.0252
vn 0.2095 0.9775 -0.0259
vn 0.1796 0.9831 -0.0365
vn 0.1757 0.9837 -0.0379
vn 0.1653 0.9856 -0.0350
vn 0.1676 0.9853 -0.0321
vn 0.1656 0.9843 -0.0604
vn 0.1507 0.9863 -0.0667
vn 0.1160 0.9885 -0.0970
vn 0.0613 0.9897 -0.1291
vn 0.0663 0.9901 -0.1235
vn 0.0182 0.9878 -0.1546
vn 0.0184 0.9875 -0.1563
vn 0.0040 0.9858 -0.1676
vn -0.0009 0.9860 -0.1670
vn -0.0001 0.9858 -0.1681
vn -0.0000 0.9853 -0.1709
vn 0.0000 0.9847 -0.1741
vn -0.4117 0.9110 0.0236
vn -0.4070 0.9134 -0.0082
vn -0.6979 0.7160 -0.0159
vn -0.5401 0.7715 -0.3362
vn -0.4091 0.7701 -0.4894
vn -0.4085 0.7717 -0.4873
vn -0.2830 0.7764 -0.5631
vn -0.2874 0.7750 -0.5629
vn -0.3412 0.8620 -0.3750
vn -0.3510 0.8574 -0.3765
vn -0.3493 0.9315 -0.1019
vn -0.3470 0.9317 -0.1074
vn -0.2360 0.9717 0.0085
vn -0.2285 0.9735 0.0072
vn -0.2131 0.9770 -0.0040
vn -0.2117 0.9773 -0.0061
vn -0.2123 0.9769 -0.0252
vn -0.2095 0.9775 -0.0259
vn -0.1796 0.9831 -0.0365
vn -0.1757 0.9837 -0.0379
vn -0.1653 0.9856 -0.0350
vn -0.1676 0.9853 -0.0321
vn -0.1656 0.9843 -0.0604
vn -0.1507 0.9863 -0.0667
vn -0.1160 0.9885 -0.0970
vn -0.0613 0.9897 -0.1291
vn -0.0663 0.9901 -0.1235
vn -0.0182 0.9878 -0.1546
vn -0.0184 0.9875 -0.1563
vn 0.0009 0.9860 -0.1670
vn -0.0040 0.9858 -0.1676
vn 0.3884 -0.9188 0.0706
vn 0.3088 -0.9475 0.0826
vn 0.3848 -0.9203 0.0704
vn 0.3059 -0.9483 0.0850
vn 0.2701 -0.9558 0.1161
vn 0.2707 -0.9553 0.1187
vn 0.3178 -0.9361 0.1508
vn 0.3226 -0.9343 0.1520
vn -0.3088 -0.9475 0.0826
vn -0.3884 -0.9188 0.0706
vn -0.3848 -0.9203 0.0704
vn -0.3059 -0.9483 0.0850
vn -0.2701 -0.9558 0.1161
vn -0.2707 -0.9553 0.1187
vn -0.3178 -0.9361 0.1508
vn -0.3226 -0.9343 0.1520
vn 0.9294 -0.1800 0.3223
vn 0.9306 -0.1623 0.3281
vn 0.9345 -0.1298 0.3314
vn -0.9294 -0.1800 0.3223
vn -0.9306 -0.1623 0.3281
vn -0.9345 -0.1298 0.3314
vn -0.9859 0.0359 -0.1632
vn 0.2847 0.9584 -0.0224
vn -0.2847 0.9584 -0.0224
vn 0.0000 0.0000 -1.0000
vn 0.0149 0.0000 -0.9999
vn 0.0125 -0.0000 -0.9999
vn 0.0114 -0.0000 -0.9999
vn -0.0052 0.0000 -1.0000
vn 0.0084 0.0000 -1.0000
vn -0.0179 0.0000 -0.9998
vn 0.0102 -0.0000 -0.9999
vn 0.1167 0.0007 -0.9932
vn 0.2071 0.0025 -0.9783
vn 0.2061 0.0014 -0.9785
vn -0.0084 0.0000 -1.0000
vn 0.0138 -0.0000 -0.9999
vn 0.1171 -0.0015 -0.9931
vn 0.2095 0.0009 -0.9778
vn 0.2082 -0.0007 -0.9781
vn -0.0149 0.0000 -0.9999
vn -0.0125 -0.0000 -0.9999
vn -0.0114 -0.0000 -0.9999
vn 0.0051 -0.0000 -1.0000
vn 0.0178 0.0000 -0.9998
vn -0.0102 -0.0000 -0.9999
vn -0.1167 0.0007 -0.9932
vn -0.2061 0.0014 -0.9785
vn -0.2071 0.0025 -0.9783
vn -0.0138 -0.0000 -0.9999
vn -0.1167 -0.0018 -0.9932
vn -0.2082 -0.0007 -0.9781
vn -0.2095 0.0009 -0.9778
vn 0.9735 0.0001 -0.2285
vn 0.9850 0.0000 -0.1725
vn 0.9738 -0.0000 -0.2272
vn 0.9590 0.0002 -0.2835
vn -0.9735 0.0001 -0.2285
vn -0.9850 0.0000 -0.1725
vn -0.9738 -0.0000 -0.2272
vn -0.9590 0.0002 -0.2835
vn 0.0005 0.2906 -0.9569
vn 0.0002 0.2937 -0.9559
vn 0.0002 0.2969 -0.9549
vn 0.0000 0.3026 -0.9531
vn 0.0003 0.3408 -0.9401
vn 0.0005 0.3367 -0.9416
vn 0.0005 0.5487 -0.8360
vn 0.0000 0.5570 -0.8305
vn 0.5949 -0.0003 -0.8038
vn 0.5935 -0.0017 -0.8049
vn 0.5967 0.0015 -0.8024
vn 0.8387 -0.0021 -0.5446
vn 0.8378 -0.0032 -0.5460
vn 0.8396 -0.0008 -0.5431
vn 0.5932 0.0006 -0.8050
vn 0.5943 0.0017 -0.8042
vn 0.8405 0.0003 -0.5418
vn 0.8420 0.0025 -0.5395
vn -0.5949 -0.0003 -0.8038
vn -0.5935 -0.0017 -0.8049
vn -0.5967 0.0015 -0.8024
vn -0.8387 -0.0021 -0.5446
vn -0.8378 -0.0032 -0.5460
vn -0.8396 -0.0008 -0.5431
vn -0.5941 0.0015 -0.8044
vn -0.5951 0.0025 -0.8036
vn -0.8405 0.0003 -0.5418
vn -0.8420 0.0025 -0.5395
vn 0.9765 -0.0000 0.2157
vn 0.9674 0.0000 0.2532
vn 0.9840 -0.0001 0.1780
vn -0.9765 -0.0000 0.2157
vn -0.9674 0.0000 0.2532
vn -0.9840 -0.0001 0.1780
vn 0.8660 0.5000 0.0000
vn -0.8660 0.5000 -0.0000
vn -0.8660 -0.5000 0.0000
vn 0.0000 -1.0000 -0.0000
vn 0.8660 -0.5000 -0.0000
vn 0.0580 0.1004 -0.9933
vn 0.1159 0.0000 -0.9933
vn -0.0000 0.0000 -1.0000
vn -0.0580 0.1004 -0.9933
vn -0.1159 0.0000 -0.9933
vn -0.0580 -0.1004 -0.9933
vn 0.0580 -0.1004 -0.9933
vn -0.0198 0.1297 -0.9914
vn 0.0298 0.1296 -0.9911
vn 0.0495 0.1297 -0.9903
vn 0.0099 0.1296 -0.9915
vn 0.0248 0.1383 -0.9901
vn 0.0250 0.1372 -0.9902
vn -0.0084 0.1410 -0.9900
vn -0.0049 0.1329 -0.9911
vn -0.0272 0.1474 -0.9887
vn -0.0268 0.1594 -0.9869
vn 0.0392 0.1674 -0.9851
vn 0.0031 0.1562 -0.9877
vn -0.0558 0.1385 -0.9888
vn -0.0368 0.1442 -0.9889
vn -0.0500 0.1341 -0.9897
vn -0.0521 0.1290 -0.9903
vn -0.0099 0.1296 -0.9915
vn -0.0496 0.1297 -0.9903
vn -0.0892 0.1296 -0.9875
vn 0.9960 0.0000 -0.0899
vn 0.9976 -0.0001 -0.0699
vn 0.9984 0.0003 -0.0566
vn 0.9984 0.0020 -0.0562
vn -0.9960 0.0000 -0.0899
vn -0.9976 0.0000 -0.0699
vn -0.9984 -0.0020 -0.0562
vn -0.9984 -0.0003 -0.0566
vn 0.0000 -0.5198 0.8543
vn 0.0000 0.0222 0.9998
vn -0.0000 0.6541 0.7564
vn 0.0000 0.8177 -0.5756
vn 0.0000 -0.0123 -0.9999
vn 0.0000 -0.9681 -0.2505
vn -1.0000 0.0000 -0.0000
vn 1.0000 -0.0000 -0.0000
vn 0.5894 0.6851 0.4282
vn -0.2232 0.6915 0.6870
vn -0.7385 0.6743 -0.0000
vn -0.2332 0.6559 -0.7179
vn 0.6056 0.6631 -0.4400
vn 0.8091 0.0017 0.5877
vn -0.3088 0.0028 0.9511
vn -0.3091 -0.0028 -0.9510
vn 0.8090 -0.0017 -0.5879
vn 0.8038 -0.1144 0.5838
vn 0.7998 -0.1517 0.5808
vn 0.7651 -0.3254 0.5556
vn -0.3054 -0.1525 0.9399
vn -0.2920 -0.3266 0.8989
vn -0.3069 -0.1146 0.9448
vn -0.9885 -0.1510 -0.0000
vn -0.9464 -0.3230 -0.0000
vn -0.9936 -0.1131 -0.0000
vn -0.3056 -0.1490 -0.9404
vn -0.2928 -0.3194 -0.9012
vn -0.3071 -0.1119 -0.9451
vn 0.8039 -0.1127 -0.5840
vn 0.8000 -0.1495 -0.5811
vn 0.7663 -0.3208 -0.5567
vn 0.8091 0.0000 0.5876
vn -0.3090 0.0000 0.9511
vn -0.3090 -0.0000 -0.9511
vn 0.8091 0.0000 -0.5877
vn -0.5992 -0.7632 -0.2418
vn -0.5322 -0.6824 -0.5010
vn -0.5834 -0.7445 -0.3245
vn -0.4275 -0.2787 0.8600
vn -0.4356 -0.2625 0.8610
vn -0.5075 -0.2245 0.8319
vn 0.4351 0.2411 0.8675
vn 0.5743 0.5675 0.5900
vn 0.7357 0.6656 -0.1251
vn 0.2731 0.3360 -0.9014
vn 0.1873 0.3690 -0.9104
vn 0.2768 0.3419 -0.8981
vn -0.1977 -0.6511 -0.7328
vn -0.5112 -0.6566 -0.5546
vn -0.2449 -0.4676 0.8493
vn -0.2445 -0.4751 0.8453
vn -0.0777 0.9819 0.1726
vn -0.1135 0.8865 0.4486
vn -0.0689 0.9885 0.1346
vn -0.1150 0.8798 0.4613
vn 0.2565 0.4679 -0.8458
vn 0.2561 0.4748 -0.8420
vn 0.0333 -0.9859 -0.1639
vn 0.0477 -0.9811 -0.1875
vn 0.1306 -0.8873 -0.4423
vn 0.1428 -0.8794 -0.4542
vn -0.1674 -0.4749 0.8639
vn -0.1673 -0.4736 0.8647
vn -0.0608 0.8785 0.4738
vn -0.0624 0.8774 0.4757
vn 0.1587 0.4748 -0.8657
vn 0.1585 0.4733 -0.8665
vn 0.0501 -0.8779 -0.4761
vn 0.0493 -0.8766 -0.4786
vn -0.1656 -0.4560 0.8744
vn -0.1662 -0.4536 0.8756
vn -0.1201 0.8729 0.4729
vn -0.1068 0.8696 0.4820
vn 0.1528 0.4549 -0.8773
vn 0.1521 0.4515 -0.8792
vn 0.1078 -0.8711 -0.4791
vn 0.1220 -0.8718 -0.4744
vn -0.4841 -0.4735 0.7358
vn -0.3513 -0.4746 0.8070
vn -0.4835 -0.4749 0.7353
vn -0.1560 0.8797 0.4491
vn -0.1527 0.8798 0.4502
vn 0.3276 0.4754 -0.8165
vn 0.4817 0.4749 -0.7365
vn 0.4818 0.4735 -0.7373
vn 0.3289 0.4747 -0.8164
vn 0.1319 -0.8796 -0.4571
vn 0.1367 -0.8797 -0.4554
vn -0.2033 -0.4740 0.8568
vn -0.1154 0.8792 0.4623
vn 0.1625 0.4720 -0.8665
vn 0.0750 -0.8771 -0.4744
vn -0.1340 -0.7046 0.6969
vn -0.1404 -0.7050 0.6952
vn -0.1340 0.7046 0.6969
vn -0.1410 0.7050 0.6950
vn 0.1340 0.7046 -0.6969
vn 0.1411 0.7050 -0.6951
vn 0.1340 -0.7046 -0.6969
vn 0.1404 -0.7049 -0.6953
vn -0.1455 -0.7052 0.6939
vn -0.1453 0.7052 0.6940
vn 0.1453 0.7052 -0.6939
vn 0.1455 -0.7052 -0.6939
vn -0.1704 -0.7063 0.6871
vn -0.1720 -0.7064 0.6866
vn -0.1720 0.7064 0.6866
vn -0.1704 0.7063 0.6871
vn 0.1720 0.7064 -0.6866
vn 0.1704 0.7063 -0.6871
vn 0.1704 -0.7063 -0.6871
vn 0.1720 -0.7064 -0.6866
vn -0.1872 -0.7068 0.6822
vn -0.1876 -0.7046 0.6844
vn -0.1916 0.7069 0.6809
vn -0.1921 0.7047 0.6830
vn 0.1868 0.7068 -0.6823
vn 0.1876 0.7038 -0.6851
vn 0.1811 -0.7067 -0.6840
vn 0.1814 -0.7037 -0.6869
vn -0.2016 -0.6318 0.7485
vn -0.2033 -0.6266 0.7524
vn -0.1925 0.6317 0.7509
vn -0.1929 0.6263 0.7553
vn 0.1842 0.6018 -0.7771
vn 0.1848 0.5934 -0.7834
vn 0.1969 -0.6022 -0.7737
vn 0.1989 -0.5953 -0.7785
vn -0.8776 -0.0274 -0.4786
vn -0.9124 -0.0498 -0.4063
vn -0.8229 0.0022 -0.5681
vn -0.9273 0.2778 0.2507
vn 0.3015 -0.2654 0.9158
vn 0.7175 0.0885 0.6909
vn 0.9156 0.1010 0.3892
vn 0.7156 0.4182 -0.5595
vn -0.1867 -0.1018 -0.9771
vn -0.7815 0.0217 -0.6235
vn -0.4469 -0.7054 0.5502
vn -0.3448 -0.8474 0.4039
vn -0.4734 -0.6549 0.5890
vn -0.3236 -0.8691 0.3740
vn -0.2180 0.7435 0.6322
vn -0.2949 0.3992 0.8682
vn 0.3887 0.7122 -0.5846
vn 0.3885 0.7279 -0.5650
vn 0.3767 0.8410 -0.3883
vn 0.3741 0.8525 -0.3651
vn 0.1623 -0.7301 -0.6638
vn 0.4239 -0.3853 -0.8197
vn 0.1038 -0.9085 0.4048
vn 0.0552 -0.9126 0.4051
vn 0.0450 -0.9126 0.4064
vn 0.1742 0.3883 0.9049
vn 0.1101 0.3951 0.9120
vn 0.1186 0.3921 0.9122
vn -0.1161 0.9071 -0.4045
vn -0.0530 0.9128 -0.4050
vn -0.0644 0.9114 -0.4065
vn -0.1861 -0.3868 -0.9032
vn -0.1304 -0.3931 -0.9102
vn -0.1216 -0.3915 -0.9121
vn -0.0064 -0.9059 0.4235
vn -0.0068 -0.9047 0.4259
vn -0.0335 0.3912 0.9197
vn -0.0188 0.3845 0.9229
vn -0.0068 0.9054 -0.4246
vn -0.0078 0.9037 -0.4281
vn 0.0203 -0.3873 -0.9217
vn 0.0351 -0.3892 -0.9205
vn -0.3441 -0.8718 0.3487
vn -0.3446 -0.8710 0.3501
vn -0.2012 -0.9003 0.3859
vn -0.2001 -0.9002 0.3868
vn -0.0730 0.4070 0.9105
vn -0.0696 0.4067 0.9109
vn 0.3420 0.8718 -0.3508
vn 0.1761 0.9040 -0.3895
vn 0.3421 0.8723 -0.3493
vn 0.1775 0.9035 -0.3900
vn 0.0479 -0.4047 -0.9132
vn 0.0530 -0.4052 -0.9127
vn -0.0466 -0.9136 0.4040
vn -0.0308 0.4030 0.9147
vn 0.0048 0.9134 -0.4070
vn -0.0111 -0.3985 -0.9171
vn 0.0103 -0.9914 0.1302
vn 0.0036 -0.9916 0.1296
vn 0.0016 -0.9916 0.1295
vn 0.1238 0.1086 0.9863
vn 0.1119 0.1099 0.9876
vn 0.1132 0.1097 0.9875
vn -0.0103 0.9914 -0.1302
vn -0.0016 0.9916 -0.1294
vn -0.0036 0.9916 -0.1296
vn -0.1132 -0.1097 -0.9875
vn -0.1238 -0.1086 -0.9863
vn -0.1119 -0.1099 -0.9876
vn -0.0104 -0.9917 0.1283
vn -0.0114 -0.9917 0.1282
vn 0.0393 0.1172 0.9923
vn 0.0454 0.1166 0.9921
vn 0.0114 0.9917 -0.1282
vn 0.0104 0.9917 -0.1283
vn -0.0454 -0.1166 -0.9921
vn -0.0393 -0.1172 -0.9923
vn -0.0446 -0.9911 0.1251
vn -0.0463 -0.9911 0.1249
vn -0.0463 0.1249 0.9911
vn -0.0446 0.1248 0.9912
vn 0.0463 0.9911 -0.1249
vn 0.0446 0.9911 -0.1251
vn 0.0446 -0.1248 -0.9912
vn 0.0463 -0.1249 -0.9911
vn -0.0621 -0.9904 0.1234
vn -0.0621 -0.9900 0.1265
vn -0.0666 0.1267 0.9897
vn -0.0667 0.1236 0.9901
vn 0.0616 0.9904 -0.1234
vn 0.0619 0.9899 -0.1275
vn 0.0558 -0.1258 -0.9905
vn 0.0555 -0.1216 -0.9910
vn -0.0644 -0.9727 0.2229
vn -0.0654 -0.9711 0.2294
vn -0.0549 0.0249 0.9982
vn -0.0546 0.0179 0.9983
vn 0.0421 0.9644 -0.2611
vn 0.0415 0.9616 -0.2713
vn 0.0552 0.0127 -0.9984
vn 0.0563 0.0212 -0.9982
vn 0.1599 0.4859 0.8593
vn 0.1176 -0.9107 0.3959
vn -0.1176 0.9107 -0.3959
vn 1.0000 0.0000 -0.0000
vn -0.1599 -0.4859 -0.8593
vn -0.0000 1.0000 0.0082
vn 0.0574 0.9950 -0.0821
vn 0.0754 0.9788 0.1904
vn 0.1012 0.9916 0.0809
vn 0.0531 0.9986 0.0078
vn 0.1335 0.9910 0.0018
vn 0.1390 0.9900 -0.0252
vn 0.1670 0.9853 -0.0368
vn 0.1217 0.9814 -0.1487
vn 0.0630 0.9929 -0.1006
vn 0.0000 1.0000 -0.0041
vn -0.0574 0.9950 -0.0821
vn -0.0754 0.9788 0.1904
vn -0.1012 0.9916 0.0809
vn -0.0531 0.9986 0.0078
vn -0.1335 0.9910 0.0018
vn -0.1390 0.9900 -0.0252
vn -0.1670 0.9853 -0.0368
vn -0.1217 0.9814 -0.1487
vn -0.0630 0.9929 -0.1006
vn 0.0668 0.8522 0.5189
vn 0.1116 0.8694 0.4814
vn 0.0695 0.8522 0.5185
vn 0.1167 0.8768 0.4665
vn 0.2560 0.8910 0.3750
vn 0.2558 0.8937 0.3687
vn 0.4307 0.8463 0.3135
vn 0.4335 0.8453 0.3124
vn 0.5477 0.7673 0.3337
vn 0.1889 0.9820 -0.0041
vn 0.2332 0.9044 0.3572
vn 0.2145 0.9019 0.3749
vn 0.1218 0.8478 0.5161
vn 0.0000 0.7787 0.6275
vn 0.0534 0.9983 -0.0221
vn 0.6505 0.4328 0.6241
vn 0.4104 0.3243 0.8523
vn 0.1974 0.8708 0.4502
vn 0.1470 0.8729 0.4652
vn 0.1332 0.8777 0.4603
vn 0.0989 0.7976 0.5950
vn 0.1017 0.7882 0.6070
vn 0.0675 0.6892 0.7214
vn 0.0721 0.6840 0.7259
vn 0.0000 0.6818 0.7315
vn -0.1116 0.8694 0.4814
vn -0.0668 0.8522 0.5189
vn -0.0695 0.8522 0.5185
vn -0.1167 0.8768 0.4665
vn -0.2558 0.8937 0.3687
vn -0.2560 0.8910 0.3750
vn -0.4307 0.8463 0.3135
vn -0.4335 0.8453 0.3124
vn -0.5477 0.7673 0.3337
vn -0.1889 0.9820 -0.0041
vn -0.2332 0.9044 0.3572
vn -0.2145 0.9019 0.3749
vn -0.1218 0.8478 0.5161
vn -0.0534 0.9983 -0.0221
vn -0.6505 0.4328 0.6241
vn -0.4104 0.3243 0.8523
vn -0.1470 0.8729 0.4652
vn -0.1974 0.8708 0.4502
vn -0.1332 0.8777 0.4603
vn -0.0989 0.7976 0.5950
vn -0.1017 0.7882 0.6070
vn -0.0675 0.6892 0.7214
vn -0.0721 0.6840 0.7259
vn -0.0166 0.9370 -0.3489
vn -0.0000 0.9196 -0.3929
vn -0.0000 0.9163 -0.4005
vn -0.0220 0.9349 -0.3543
vn -0.0140 0.9625 -0.2708
vn -0.0031 0.9662 -0.2576
vn -0.0336 0.9715 -0.2348
vn -0.0242 0.9730 -0.2295
vn -0.1498 0.9794 -0.1351
vn -0.0948 0.9829 -0.1581
vn -0.2519 0.9645 -0.0790
vn 0.0166 0.9370 -0.3489
vn 0.0220 0.9349 -0.3543
vn 0.0140 0.9625 -0.2708
vn 0.0031 0.9662 -0.2576
vn 0.0336 0.9715 -0.2348
vn 0.0242 0.9730 -0.2295
vn 0.1498 0.9794 -0.1351
vn 0.0948 0.9829 -0.1581
vn 0.2519 0.9645 -0.0790
# 1572 vertex normals

vt 0.0000 0.0000 0.0000
# 1 texture coords

g main_001
usemtl Material_27
s off
f 1981/8/1550 1982/8/1551 1983/8/1552 
f 1982/8/1551 1984/8/1553 1983/8/1552 
f 1985/8/1554 1986/8/1555 1987/8/1556 
f 1988/8/1557 1986/8/1555 1985/8/1554 
f 1989/8/1558 1990/8/1559 1991/8/1560 
f 1992/8/1561 1993/8/1562 1990/8/1559 
f 1990/8/1559 1993/8/1562 1994/8/1563 
f 1995/8/1564 1996/8/1564 1997/8/1565 
f 1996/8/1564 1998/8/1565 1997/8/1565 
f 1997/8/1565 1998/8/1565 1999/8/1566 
f 1999/8/1566 1998/8/1565 2000/8/1567 
f 1989/8/1558 1992/8/1561 1990/8/1559 
f 1982/8/1568 1987/8/1568 1984/8/1569 
f 1985/8/1568 1987/8/1568 1982/8/1568 
f 1999/8/1570 1990/8/1571 1997/8/1572 
f 1999/8/1570 1991/8/1570 1990/8/1571 
f 1997/8/1572 1990/8/1571 1994/8/1573 
f 1997/8/1572 1994/8/1573 1995/8/1574 
f 1988/8/1575 1985/8/1576 1981/8/1577 
f 1985/8/1576 1982/8/1578 1981/8/1577 
f 1986/8/1579 1983/8/1580 1984/8/1580 
f 1986/8/1579 1984/8/1580 1987/8/1581 
f 1989/8/1582 1991/8/1583 2000/8/1584 
f 1995/8/1585 1994/8/1585 1993/8/1585 
f 1993/8/1586 1996/8/1586 1995/8/1586 
f 1991/8/1583 1999/8/1587 2000/8/1584 
f 2001/8/1588 2002/8/1589 2003/8/1590 
f 2001/8/1588 2004/8/1591 2002/8/1589 
f 2002/8/1589 2004/8/1591 2005/8/1592 
f 2006/8/1593 2007/8/1594 2008/8/1595 
f 2006/8/1593 2008/8/1595 2009/8/1596 
f 2006/8/1593 2009/8/1596 2010/8/1597 
f 2010/8/1597 2009/8/1596 2011/8/1598 
f 2010/8/1597 2011/8/1598 2012/8/1599 
f 2004/8/1591 2013/8/1600 2005/8/1592 
f 2004/8/1591 2014/8/1601 2013/8/1600 
f 2012/8/1599 2011/8/1598 2015/8/1602 
f 2012/8/1599 2015/8/1602 2016/8/1603 
f 2014/8/1601 2017/8/1604 2013/8/1600 
f 2014/8/1601 2018/8/1605 2017/8/1604 
f 2007/8/1606 2006/8/1607 2003/8/1608 
f 2006/8/1607 2001/8/1609 2003/8/1608 
f 2019/8/1610 2020/8/1611 2021/8/1612 
f 2022/8/1613 2020/8/1611 2019/8/1610 
f 2023/8/1614 2024/8/1615 2025/8/1616 
f 2023/8/1614 2025/8/1616 2026/8/1617 
f 2026/8/1617 2025/8/1616 2027/8/1618 
f 2026/8/1617 2027/8/1618 2028/8/1619 
f 2028/8/1619 2027/8/1618 2029/8/1620 
f 2027/8/1618 2030/8/1621 2029/8/1620 
f 2031/8/1622 2020/8/1611 2022/8/1613 
f 2020/8/1611 2031/8/1622 2032/8/1623 
f 2031/8/1622 2033/8/1624 2032/8/1623 
f 2033/8/1624 2034/8/1625 2032/8/1623 
f 2023/8/1626 2021/8/1627 2024/8/1628 
f 2023/8/1626 2019/8/1629 2021/8/1627 
f 2035/8/1630 2036/8/1631 2037/8/1632 
f 2037/8/1632 2036/8/1631 2038/8/1633 
f 2039/8/1634 2040/8/1635 2041/8/1636 
f 2042/8/1637 2039/8/1634 2041/8/1636 
f 2043/8/1638 2044/8/1639 2045/8/1640 
f 2046/8/1641 2045/8/1640 2047/8/1642 
f 2045/8/1640 2048/8/1643 2047/8/1642 
f 2049/8/1644 2050/8/1645 2051/8/1645 
f 2052/8/1644 2050/8/1645 2049/8/1644 
f 2052/8/1644 2049/8/1644 2053/8/1646 
f 2054/8/1647 2052/8/1644 2053/8/1646 
f 2043/8/1638 2045/8/1640 2046/8/1641 
f 2037/8/1648 2038/8/1649 2040/8/1648 
f 2039/8/1648 2037/8/1648 2040/8/1648 
f 2053/8/1650 2049/8/1651 2045/8/1652 
f 2053/8/1650 2045/8/1652 2044/8/1650 
f 2049/8/1651 2048/8/1653 2045/8/1652 
f 2049/8/1651 2051/8/1654 2048/8/1653 
f 2042/8/1655 2035/8/1656 2039/8/1657 
f 2039/8/1657 2035/8/1656 2037/8/1658 
f 2041/8/1659 2038/8/1660 2036/8/1660 
f 2041/8/1659 2040/8/1661 2038/8/1660 
f 2043/8/1662 2054/8/1663 2044/8/1664 
f 2051/8/1665 2047/8/1665 2048/8/1665 
f 2047/8/1666 2051/8/1666 2050/8/1666 
f 2044/8/1664 2054/8/1663 2053/8/1667 
f 2055/8/1668 2056/8/1669 2057/8/1670 
f 2058/8/1671 2056/8/1669 2055/8/1668 
f 2059/8/1672 2058/8/1671 2055/8/1668 
f 2060/8/1673 2061/8/1674 2062/8/1675 
f 2063/8/1676 2060/8/1673 2062/8/1675 
f 2063/8/1676 2062/8/1675 2064/8/1677 
f 2065/8/1678 2063/8/1676 2064/8/1677 
f 2065/8/1678 2064/8/1677 2066/8/1679 
f 2067/8/1680 2058/8/1671 2059/8/1672 
f 2067/8/1680 2068/8/1681 2058/8/1671 
f 2069/8/1682 2065/8/1678 2066/8/1679 
f 2069/8/1682 2066/8/1679 2070/8/1683 
f 2071/8/1684 2068/8/1681 2067/8/1680 
f 2071/8/1684 2072/8/1685 2068/8/1681 
f 2061/8/1686 2057/8/1687 2062/8/1688 
f 2062/8/1688 2057/8/1687 2056/8/1689 
f 2073/8/1690 2074/8/1691 2075/8/1692 
f 2076/8/1693 2074/8/1691 2073/8/1690 
f 2077/8/1694 2078/8/1695 2079/8/1696 
f 2077/8/1694 2079/8/1696 2080/8/1697 
f 2081/8/1698 2077/8/1694 2080/8/1697 
f 2081/8/1698 2080/8/1697 2082/8/1699 
f 2083/8/1700 2081/8/1698 2082/8/1699 
f 2084/8/1701 2081/8/1698 2083/8/1700 
f 2085/8/1702 2076/8/1693 2073/8/1690 
f 2086/8/1703 2085/8/1702 2073/8/1690 
f 2087/8/1704 2085/8/1702 2086/8/1703 
f 2087/8/1704 2086/8/1703 2088/8/1705 
f 2079/8/1706 2078/8/1707 2075/8/1708 
f 2079/8/1706 2075/8/1708 2074/8/1709 
f 2001/8/1710 2010/8/1711 2004/8/1712 
f 2006/8/1713 2010/8/1711 2001/8/1710 
f 2004/8/1712 2010/8/1711 2014/8/1714 
f 2010/8/1711 2012/8/1715 2014/8/1714 
f 2014/8/1714 2016/8/1716 2018/8/1717 
f 2014/8/1714 2012/8/1715 2016/8/1716 
f 2022/8/1718 2019/8/1719 2023/8/1720 
f 2022/8/1718 2023/8/1720 2026/8/1721 
f 2028/8/1722 2022/8/1718 2026/8/1721 
f 2031/8/1723 2022/8/1718 2028/8/1722 
f 2029/8/1724 2031/8/1723 2028/8/1722 
f 2033/8/1725 2031/8/1723 2029/8/1724 
f 2056/8/1726 2058/8/1727 2064/8/1728 
f 2062/8/1729 2056/8/1726 2064/8/1728 
f 2058/8/1727 2068/8/1730 2064/8/1728 
f 2064/8/1728 2068/8/1730 2066/8/1731 
f 2068/8/1730 2072/8/1732 2070/8/1733 
f 2068/8/1730 2070/8/1733 2066/8/1731 
f 2076/8/1734 2079/8/1735 2074/8/1736 
f 2076/8/1734 2080/8/1737 2079/8/1735 
f 2082/8/1738 2080/8/1737 2076/8/1734 
f 2085/8/1739 2082/8/1738 2076/8/1734 
f 2083/8/1740 2082/8/1738 2085/8/1739 
f 2087/8/1741 2083/8/1740 2085/8/1739 
f 2089/8/1742 2090/8/1743 2091/8/1744 
f 2089/8/1742 2092/8/1745 2090/8/1743 
f 2089/8/1742 2093/8/1746 2092/8/1745 
f 2094/8/1747 2093/8/1746 2089/8/1742 
f 2095/8/1748 2094/8/1747 2089/8/1742 
f 2095/8/1748 2089/8/1742 2096/8/1749 
f 2095/8/1748 2096/8/1750 2097/8/1751 
f 2098/8/1752 2095/8/1748 2097/8/1751 
f 2098/8/1752 2097/8/1751 2099/8/1753 
f 2100/8/1754 2098/8/1752 2099/8/1753 
f 2100/8/1754 2099/8/1753 2101/8/1755 
f 2100/8/1754 2101/8/1755 2102/8/1756 
f 2103/8/1757 2100/8/1754 2102/8/1756 
f 2104/8/1758 2105/8/1759 2106/8/1760 
f 2104/8/1758 2106/8/1760 2107/8/1761 
f 2104/8/1758 2107/8/1761 2108/8/1762 
f 2109/8/1763 2104/8/1758 2108/8/1762 
f 2110/8/1764 2104/8/1758 2109/8/1763 
f 2110/8/1764 2111/8/1765 2104/8/1758 
f 2110/8/1764 2112/8/1766 2111/8/1767 
f 2113/8/1768 2112/8/1766 2110/8/1764 
f 2113/8/1768 2114/8/1769 2112/8/1766 
f 2115/8/1770 2114/8/1769 2113/8/1768 
f 2115/8/1770 2116/8/1771 2114/8/1769 
f 2115/8/1770 2117/8/1772 2116/8/1771 
f 2118/8/1773 2117/8/1772 2115/8/1770 
f 2119/8/1774 2120/8/1774 2121/8/1774 
f 2122/8/1774 2119/8/1774 2121/8/1774 
f 2122/8/1774 2121/8/1774 2123/8/1774 
f 2122/8/1774 2123/8/1774 2124/8/1774 
f 2125/8/1774 2126/8/1774 2127/8/1774 
f 2128/8/1774 2126/8/1774 2125/8/1774 
f 2128/8/1774 2123/8/1774 2126/8/1774 
f 2124/8/1774 2123/8/1774 2128/8/1774 
f 2129/8/1775 2103/8/1776 2119/8/1777 
f 2129/8/1775 2119/8/1777 2122/8/1778 
f 2129/8/1775 2122/8/1778 2124/8/1779 
f 2129/8/1775 2124/8/1779 2130/8/1780 
f 2120/8/1781 2102/8/1782 2131/8/1783 
f 2121/8/1784 2120/8/1781 2131/8/1783 
f 2121/8/1784 2131/8/1783 2132/8/1785 
f 2123/8/1785 2121/8/1784 2132/8/1785 
f 2133/8/1786 2125/8/1787 2118/8/1788 
f 2133/8/1786 2128/8/1789 2125/8/1787 
f 2133/8/1786 2124/8/1779 2128/8/1789 
f 2130/8/1780 2124/8/1779 2133/8/1786 
f 2127/8/1781 2134/8/1790 2117/8/1782 
f 2126/8/1791 2134/8/1790 2127/8/1781 
f 2126/8/1791 2132/8/1785 2134/8/1790 
f 2123/8/1785 2132/8/1785 2126/8/1791 
f 2103/8/1792 2102/8/1793 2120/8/1794 
f 2103/8/1792 2120/8/1794 2119/8/1795 
f 2118/8/1796 2127/8/1797 2117/8/1798 
f 2118/8/1796 2125/8/1799 2127/8/1797 
usemtl Material_18
f 2135/8/1800 2136/8/1800 2137/8/1800 
f 2137/8/1801 2136/8/1802 2138/8/1803 
f 2136/8/1802 2139/8/1804 2138/8/1803 
f 2140/8/1805 2141/8/1805 2142/8/1806 
f 2140/8/1805 2142/8/1806 2143/8/1806 
f 2143/8/1806 2142/8/1806 2144/8/1807 
f 2143/8/1806 2144/8/1807 2145/8/1808 
f 2145/8/1808 2144/8/1807 2146/8/1809 
f 2145/8/1808 2146/8/1809 2147/8/1810 
f 2147/8/1810 2146/8/1809 2148/8/1811 
f 2147/8/1810 2148/8/1811 2149/8/1812 
f 2150/8/1813 2149/8/1813 2148/8/1813 
f 2149/8/1814 2150/8/1814 2151/8/1814 
f 2152/8/1815 2151/8/1815 2150/8/1815 
f 2152/8/1816 2153/8/1816 2151/8/1816 
f 2152/8/1817 2154/8/1818 2153/8/1819 
f 2154/8/1818 2135/8/1820 2153/8/1819 
f 2154/8/1818 2139/8/1821 2135/8/1820 
f 2155/8/1822 2156/8/1822 2157/8/1823 
f 2156/8/1822 2158/8/1823 2157/8/1823 
f 2156/8/1824 2159/8/1825 2158/8/1826 
f 2158/8/1826 2159/8/1825 2160/8/1827 
f 2159/8/1825 2161/8/1828 2160/8/1827 
f 2160/8/1827 2161/8/1828 2162/8/1829 
f 2161/8/1828 2137/8/1830 2162/8/1829 
f 2162/8/1829 2137/8/1830 2138/8/1831 
f 2157/8/1832 2158/8/1826 2148/8/1833 
f 2158/8/1826 2150/8/1834 2148/8/1833 
f 2158/8/1826 2160/8/1827 2150/8/1834 
f 2150/8/1834 2160/8/1827 2152/8/1835 
f 2160/8/1827 2162/8/1829 2152/8/1835 
f 2152/8/1835 2162/8/1829 2154/8/1836 
f 2162/8/1829 2138/8/1831 2154/8/1836 
f 2154/8/1836 2138/8/1831 2139/8/1837 
f 2163/8/1838 2142/8/1839 2164/8/1840 
f 2163/8/1838 2144/8/1838 2142/8/1839 
f 2155/8/1841 2144/8/1838 2163/8/1838 
f 2155/8/1841 2146/8/1842 2144/8/1838 
f 2155/8/1841 2157/8/1843 2146/8/1842 
f 2157/8/1843 2148/8/1844 2146/8/1842 
f 2139/8/1821 2136/8/1845 2135/8/1820 
f 2164/8/1840 2142/8/1839 2165/8/1846 
f 2164/8/1840 2165/8/1846 2166/8/1847 
f 2164/8/1840 2166/8/1847 2167/8/1848 
f 2168/8/1849 2169/8/1849 2170/8/1849 
f 2168/8/1850 2171/8/1851 2169/8/1852 
f 2169/8/1852 2171/8/1851 2172/8/1853 
f 2140/8/1805 2173/8/1854 2141/8/1805 
f 2174/8/1854 2173/8/1854 2140/8/1805 
f 2174/8/1854 2175/8/1855 2173/8/1854 
f 2176/8/1856 2175/8/1855 2174/8/1854 
f 2176/8/1856 2177/8/1857 2175/8/1855 
f 2178/8/1858 2177/8/1857 2176/8/1856 
f 2178/8/1858 2179/8/1859 2177/8/1857 
f 2180/8/1860 2179/8/1859 2178/8/1858 
f 2180/8/1861 2181/8/1861 2179/8/1861 
f 2182/8/1862 2181/8/1862 2180/8/1862 
f 2182/8/1863 2183/8/1863 2181/8/1863 
f 2182/8/1864 2184/8/1864 2183/8/1864 
f 2184/8/1865 2185/8/1866 2183/8/1867 
f 2184/8/1865 2170/8/1868 2185/8/1866 
f 2170/8/1868 2172/8/1869 2185/8/1866 
f 2186/8/1870 2187/8/1871 2188/8/1870 
f 2188/8/1870 2187/8/1871 2189/8/1871 
f 2188/8/1872 2189/8/1873 2190/8/1874 
f 2189/8/1873 2191/8/1875 2190/8/1874 
f 2190/8/1874 2191/8/1875 2192/8/1876 
f 2191/8/1875 2193/8/1877 2192/8/1876 
f 2192/8/1876 2193/8/1877 2168/8/1878 
f 2193/8/1877 2171/8/1879 2168/8/1878 
f 2187/8/1880 2179/8/1881 2189/8/1873 
f 2189/8/1873 2179/8/1881 2181/8/1882 
f 2189/8/1873 2181/8/1882 2191/8/1875 
f 2181/8/1882 2183/8/1883 2191/8/1875 
f 2191/8/1875 2183/8/1883 2193/8/1877 
f 2183/8/1883 2185/8/1884 2193/8/1877 
f 2193/8/1877 2185/8/1884 2171/8/1879 
f 2185/8/1884 2172/8/1885 2171/8/1879 
f 2194/8/1886 2173/8/1887 2195/8/1888 
f 2195/8/1888 2173/8/1887 2175/8/1888 
f 2195/8/1888 2175/8/1888 2186/8/1889 
f 2186/8/1889 2175/8/1888 2177/8/1890 
f 2186/8/1889 2177/8/1890 2187/8/1891 
f 2187/8/1891 2177/8/1890 2179/8/1892 
f 2170/8/1868 2169/8/1893 2172/8/1869 
f 2194/8/1886 2196/8/1894 2173/8/1887 
f 2194/8/1886 2197/8/1895 2196/8/1894 
f 2167/8/1848 2197/8/1895 2194/8/1886 
f 2167/8/1848 2166/8/1847 2197/8/1895 
f 2164/8/1896 2167/8/1896 2140/8/1896 
f 2164/8/1896 2140/8/1896 2143/8/1896 
f 2163/8/1896 2164/8/1896 2143/8/1896 
f 2163/8/1896 2143/8/1896 2145/8/1896 
f 2155/8/1896 2163/8/1896 2145/8/1896 
f 2155/8/1896 2145/8/1896 2147/8/1896 
f 2156/8/1896 2155/8/1896 2147/8/1896 
f 2156/8/1896 2147/8/1896 2149/8/1896 
f 2159/8/1896 2156/8/1896 2149/8/1896 
f 2159/8/1896 2149/8/1896 2151/8/1896 
f 2161/8/1896 2159/8/1896 2151/8/1896 
f 2161/8/1896 2151/8/1896 2153/8/1896 
f 2137/8/1896 2161/8/1896 2153/8/1896 
f 2137/8/1896 2153/8/1896 2135/8/1896 
f 2167/8/1896 2194/8/1896 2140/8/1896 
f 2140/8/1896 2194/8/1896 2174/8/1896 
f 2174/8/1896 2194/8/1896 2195/8/1896 
f 2174/8/1896 2195/8/1896 2176/8/1896 
f 2176/8/1896 2195/8/1896 2186/8/1896 
f 2176/8/1896 2186/8/1896 2178/8/1896 
f 2178/8/1896 2186/8/1896 2188/8/1896 
f 2178/8/1896 2188/8/1896 2180/8/1896 
f 2180/8/1896 2188/8/1896 2190/8/1896 
f 2180/8/1896 2190/8/1896 2182/8/1896 
f 2182/8/1896 2190/8/1896 2192/8/1896 
f 2182/8/1896 2192/8/1896 2184/8/1896 
f 2184/8/1896 2192/8/1896 2168/8/1896 
f 2184/8/1896 2168/8/1896 2170/8/1896 
f 2166/8/1897 2165/8/1897 2140/8/1897 
f 2197/8/1898 2140/8/1898 2196/8/1898 
f 2198/8/1899 2199/8/1900 2200/8/1901 
f 2201/8/1902 2198/8/1899 2200/8/1901 
f 2202/8/1903 2198/8/1899 2201/8/1902 
f 2202/8/1903 2201/8/1902 2203/8/1904 
f 2204/8/1905 2202/8/1903 2203/8/1904 
f 2204/8/1905 2203/8/1904 2205/8/1902 
f 2206/8/1906 2204/8/1905 2205/8/1902 
f 2206/8/1906 2205/8/1902 2207/8/1906 
f 2208/8/1907 2206/8/1906 2207/8/1906 
f 2208/8/1907 2207/8/1906 2209/8/1907 
f 2198/8/1899 2210/8/1908 2211/8/1909 
f 2198/8/1899 2211/8/1909 2199/8/1900 
f 2202/8/1903 2212/8/1910 2198/8/1899 
f 2204/8/1905 2213/8/1911 2212/8/1910 
f 2204/8/1905 2212/8/1910 2202/8/1903 
f 2214/8/1912 2215/8/1913 2211/8/1909 
f 2210/8/1908 2214/8/1912 2211/8/1909 
f 2214/8/1912 1996/8/1914 2216/8/1915 
f 2214/8/1912 2216/8/1915 2215/8/1913 
f 1996/8/1914 1993/8/1916 2217/8/1917 
f 1996/8/1914 2217/8/1917 2216/8/1915 
f 2217/8/1917 2218/8/1918 2219/8/1919 
f 1993/8/1916 2218/8/1918 2217/8/1917 
f 2219/8/1919 2220/8/1920 2221/8/1921 
f 2218/8/1918 2220/8/1920 2219/8/1919 
f 2220/8/1920 2222/8/1922 2221/8/1921 
f 2223/8/1923 2213/8/1911 2204/8/1905 
f 2224/8/1924 2223/8/1923 2204/8/1905 
f 2206/8/1925 2224/8/1924 2204/8/1905 
f 2206/8/1925 2225/8/1926 2224/8/1924 
f 2208/8/1926 2225/8/1926 2206/8/1925 
f 2003/8/1927 2002/8/1928 2226/8/1929 
f 2226/8/1929 2002/8/1928 2227/8/1930 
f 2002/8/1928 2005/8/1931 2227/8/1930 
f 2005/8/1931 2228/8/1932 2227/8/1930 
f 2005/8/1931 2013/8/1933 2228/8/1932 
f 2013/8/1933 2017/8/1934 2229/8/1935 
f 2013/8/1933 2229/8/1935 2228/8/1932 
f 2230/8/1936 2231/8/1937 2232/8/1938 
f 2231/8/1937 2233/8/1939 2232/8/1938 
f 2232/8/1938 2233/8/1939 2234/8/1940 
f 2233/8/1939 2235/8/1941 2236/8/1942 
f 2233/8/1939 2236/8/1942 2234/8/1940 
f 2230/8/1936 2232/8/1938 2237/8/1943 
f 2238/8/1944 2239/8/1945 2240/8/1946 
f 2241/8/1947 2242/8/1948 2243/8/1949 
f 2021/8/1950 2241/8/1947 2244/8/1951 
f 2244/8/1951 2241/8/1947 2243/8/1949 
f 2024/8/1952 2244/8/1951 2245/8/1953 
f 2024/8/1952 2021/8/1950 2244/8/1951 
f 2246/8/1954 2024/8/1952 2247/8/1955 
f 2024/8/1952 2245/8/1953 2247/8/1955 
f 2248/8/1956 2246/8/1954 2249/8/1957 
f 2246/8/1954 2247/8/1955 2249/8/1957 
f 2212/8/1910 2210/8/1908 2198/8/1899 
f 2250/8/1958 2214/8/1912 2210/8/1908 
f 2212/8/1910 2250/8/1958 2210/8/1908 
f 2213/8/1959 2251/8/1960 2212/8/1910 
f 2251/8/1960 2250/8/1958 2212/8/1910 
f 2251/8/1960 2000/8/1961 1998/8/1962 
f 2251/8/1960 1998/8/1962 2250/8/1958 
f 2250/8/1958 1998/8/1962 1996/8/1914 
f 2250/8/1958 1996/8/1914 2214/8/1912 
f 2252/8/1963 2218/8/1918 1993/8/1916 
f 2252/8/1963 1993/8/1916 1992/8/1964 
f 2253/8/1965 2252/8/1963 1992/8/1964 
f 1989/8/1966 2253/8/1965 1992/8/1964 
f 2254/8/1967 2255/8/1968 2253/8/1965 
f 2253/8/1965 2255/8/1968 2252/8/1963 
f 2256/8/1969 2257/8/1970 2255/8/1968 
f 2256/8/1969 2255/8/1968 2254/8/1967 
f 2256/8/1969 2258/8/1971 2257/8/1970 
f 2222/8/1922 2259/8/1972 2260/8/1973 
f 2222/8/1922 2261/8/1974 2259/8/1972 
f 2259/8/1972 2262/8/1906 2263/8/1906 
f 2260/8/1973 2259/8/1972 2263/8/1906 
f 2263/8/1906 2264/8/1975 2265/8/1976 
f 2262/8/1906 2264/8/1975 2263/8/1906 
f 2266/8/1977 2220/8/1920 2218/8/1918 
f 2220/8/1920 2267/8/1978 2222/8/1922 
f 2266/8/1977 2267/8/1978 2220/8/1920 
f 2268/8/1979 2267/8/1978 2266/8/1977 
f 2269/8/1979 2261/8/1974 2267/8/1978 
f 2267/8/1978 2261/8/1974 2222/8/1922 
f 2270/8/1980 2269/8/1979 2267/8/1978 
f 2270/8/1980 2267/8/1978 2268/8/1979 
f 2257/8/1970 2258/8/1971 2268/8/1979 
f 2258/8/1971 2270/8/1980 2268/8/1979 
f 2255/8/1968 2268/8/1979 2266/8/1977 
f 2255/8/1968 2257/8/1970 2268/8/1979 
f 2252/8/1963 2266/8/1977 2218/8/1918 
f 2252/8/1963 2255/8/1968 2266/8/1977 
f 2265/8/1976 2271/8/1981 2272/8/1982 
f 2264/8/1975 2271/8/1981 2265/8/1976 
f 2272/8/1982 2273/8/1983 2274/8/1984 
f 2271/8/1981 2273/8/1983 2272/8/1982 
f 2274/8/1984 2275/8/1985 2276/8/1986 
f 2274/8/1984 2273/8/1983 2275/8/1985 
f 2276/8/1986 2277/8/1987 2278/8/1988 
f 2276/8/1986 2275/8/1985 2277/8/1987 
f 2007/8/1989 2277/8/1987 2008/8/1990 
f 2278/8/1988 2277/8/1987 2007/8/1989 
f 2264/8/1975 2279/8/1991 2271/8/1981 
f 2271/8/1981 2280/8/1992 2273/8/1983 
f 2271/8/1981 2279/8/1991 2280/8/1992 
f 2279/8/1991 2281/8/1993 2280/8/1992 
f 2280/8/1992 2282/8/1994 2275/8/1985 
f 2280/8/1992 2275/8/1985 2273/8/1983 
f 2281/8/1993 2282/8/1994 2280/8/1992 
f 2275/8/1985 2283/8/1995 2277/8/1987 
f 2275/8/1985 2282/8/1994 2283/8/1995 
f 2282/8/1994 2240/8/1946 2283/8/1995 
f 2283/8/1995 2239/8/1945 2284/8/1996 
f 2240/8/1946 2239/8/1945 2283/8/1995 
f 2283/8/1995 2285/8/1997 2277/8/1987 
f 2283/8/1995 2284/8/1996 2285/8/1997 
f 2277/8/1987 2285/8/1997 2008/8/1990 
f 2281/8/1993 2286/8/1998 2282/8/1994 
f 2286/8/1998 2238/8/1944 2282/8/1994 
f 2282/8/1994 2238/8/1944 2240/8/1946 
f 2008/8/1990 2285/8/1997 2009/8/1999 
f 2285/8/1997 2287/8/1999 2009/8/1999 
f 2284/8/1996 2288/8/2000 2285/8/1997 
f 2285/8/1997 2288/8/2000 2287/8/1999 
f 2239/8/1945 2289/8/2001 2288/8/2000 
f 2284/8/1996 2239/8/1945 2288/8/2000 
f 2287/8/1999 2288/8/2000 2290/8/2002 
f 2287/8/1999 2290/8/2002 2291/8/2003 
f 2287/8/1999 2291/8/2003 2009/8/1999 
f 2009/8/1999 2291/8/2003 2011/8/2004 
f 2291/8/2003 2292/8/2005 2015/8/2006 
f 2291/8/2003 2015/8/2006 2011/8/2004 
f 2291/8/2003 2290/8/2002 2292/8/2005 
f 2290/8/2002 2293/8/2007 2292/8/2005 
f 2294/8/2008 2295/8/2009 2293/8/2007 
f 2294/8/2008 2293/8/2007 2290/8/2002 
f 2289/8/2001 2294/8/2008 2290/8/2002 
f 2289/8/2001 2290/8/2002 2288/8/2000 
f 2208/8/2010 2296/8/2011 2225/8/2012 
f 2297/8/2013 2296/8/2011 2208/8/2010 
f 2298/8/2014 2296/8/2015 2297/8/2016 
f 2298/8/2014 2299/8/2017 2296/8/2015 
f 1981/8/2018 2299/8/2017 2298/8/2014 
f 1981/8/2018 1983/8/2019 2299/8/2017 
f 1988/8/2020 2300/8/2021 1986/8/2022 
f 2301/8/2023 2300/8/2021 1988/8/2020 
f 2301/8/2023 2302/8/2024 2300/8/2021 
f 2303/8/2025 2302/8/2024 2301/8/2023 
f 2303/8/2025 2304/8/2026 2302/8/2024 
f 2305/8/2027 2304/8/2026 2303/8/2025 
f 2305/8/2027 2306/8/2028 2304/8/2026 
f 2305/8/2027 2307/8/2029 2306/8/2028 
f 2307/8/2029 2308/8/2030 2306/8/2028 
f 2309/8/2031 2308/8/2030 2307/8/2029 
f 2310/8/2032 2309/8/2031 2307/8/2029 
f 2310/8/2032 2311/8/2033 2309/8/2031 
f 2312/8/2034 2307/8/2029 2305/8/2027 
f 2312/8/2034 2310/8/2032 2307/8/2029 
f 2313/8/2035 2314/8/2036 2315/8/2037 
f 2314/8/2036 2316/8/2038 2315/8/2037 
f 2314/8/2036 2317/8/2039 2318/8/2040 
f 2314/8/2036 2318/8/2040 2316/8/2038 
f 2316/8/2038 2318/8/2040 2311/8/2033 
f 2316/8/2038 2311/8/2033 2310/8/2032 
f 2315/8/2037 2316/8/2038 2310/8/2032 
f 2315/8/2037 2310/8/2032 2312/8/2034 
f 2319/8/2041 2313/8/2035 2242/8/1948 
f 2319/8/2041 2314/8/2036 2313/8/2035 
f 2241/8/1947 2320/8/2042 2242/8/1948 
f 2321/8/2043 2319/8/2041 2320/8/2042 
f 2320/8/2042 2319/8/2041 2242/8/1948 
f 2322/8/2044 2317/8/2039 2319/8/2041 
f 2319/8/2041 2317/8/2039 2314/8/2036 
f 2323/8/2045 2322/8/2044 2319/8/2041 
f 2321/8/2043 2323/8/2045 2319/8/2041 
f 2324/8/2046 2323/8/2045 2321/8/2043 
f 2324/8/2046 2325/8/2047 2323/8/2045 
f 2326/8/2048 2325/8/2047 2324/8/2046 
f 2326/8/2048 2327/8/2049 2325/8/2047 
f 2093/8/1746 2327/8/2049 2092/8/1745 
f 2092/8/1745 2327/8/2049 2326/8/2048 
f 2328/8/2050 2321/8/2043 2320/8/2042 
f 2324/8/2046 2321/8/2043 2328/8/2050 
f 2329/8/2051 2324/8/2046 2328/8/2050 
f 2329/8/2051 2326/8/2048 2324/8/2046 
f 2090/8/1743 2326/8/2048 2329/8/2051 
f 2092/8/1745 2326/8/2048 2090/8/1743 
f 2330/8/2052 2328/8/2050 2241/8/1947 
f 2328/8/2050 2320/8/2042 2241/8/1947 
f 2331/8/2053 2328/8/2050 2330/8/2052 
f 2329/8/2051 2328/8/2050 2331/8/2053 
f 2091/8/1744 2329/8/2051 2331/8/2053 
f 2091/8/1744 2090/8/1743 2329/8/2051 
f 2330/8/2052 2241/8/1947 2021/8/1950 
f 2330/8/2052 2021/8/1950 2020/8/2054 
f 2331/8/2053 2330/8/2052 2020/8/2054 
f 2331/8/2053 2020/8/2054 2032/8/2055 
f 2091/8/1744 2331/8/2053 2032/8/2055 
f 2091/8/1744 2032/8/2055 2034/8/2056 
f 2332/8/2057 2025/8/2058 2024/8/1952 
f 2332/8/2057 2024/8/1952 2246/8/1954 
f 2027/8/2059 2025/8/2058 2332/8/2057 
f 2027/8/2059 2332/8/2057 2333/8/2060 
f 2334/8/2061 2030/8/2062 2333/8/2060 
f 2030/8/2062 2027/8/2059 2333/8/2060 
f 2335/8/2063 2333/8/2060 2332/8/2057 
f 2334/8/2061 2335/8/2063 2336/8/2064 
f 2334/8/2061 2333/8/2060 2335/8/2063 
f 2335/8/2063 2332/8/2057 2246/8/1954 
f 2335/8/2063 2246/8/1954 2248/8/2065 
f 2337/8/2066 2258/8/1971 2256/8/1969 
f 2338/8/2067 2339/8/2068 2340/8/2069 
f 2338/8/2067 2340/8/2069 2341/8/2070 
f 2338/8/2067 2342/8/2071 2339/8/2068 
f 2343/8/2072 2342/8/2071 2338/8/2067 
f 2343/8/2072 2344/8/2073 2342/8/2071 
f 2345/8/2074 2344/8/2073 2343/8/2072 
f 2346/8/2075 2344/8/2073 2345/8/2074 
f 2346/8/2075 2347/8/2076 2344/8/2073 
f 2348/8/2077 2347/8/2076 2346/8/2075 
f 2348/8/2077 2349/8/2078 2347/8/2076 
f 2350/8/2079 2349/8/2078 2348/8/2077 
f 2350/8/2079 2351/8/2080 2349/8/2078 
f 2352/8/2081 2351/8/2080 2350/8/2079 
f 2353/8/2082 2351/8/2080 2352/8/2081 
f 2352/8/2081 2258/8/1971 2337/8/2066 
f 2352/8/2081 2350/8/2079 2258/8/1971 
f 2258/8/1971 2350/8/2079 2348/8/2083 
f 2341/8/2070 2340/8/2069 2354/8/2084 
f 2354/8/2084 2340/8/2069 2355/8/2085 
f 2354/8/2084 2355/8/2085 2356/8/2086 
f 2356/8/2086 2355/8/2085 2357/8/2087 
f 2356/8/2086 2357/8/2087 2358/8/2088 
f 2358/8/2088 2357/8/2087 2359/8/2089 
f 2358/8/2088 2359/8/2089 2360/8/2090 
f 2360/8/2090 2359/8/2089 2361/8/2091 
f 2360/8/2090 2361/8/2091 2362/8/2092 
f 2362/8/2092 2361/8/2091 2363/8/2093 
f 2362/8/2092 2363/8/2093 2364/8/2094 
f 2364/8/2094 2363/8/2093 2365/8/2095 
f 2364/8/2094 2365/8/2095 2366/8/2096 
f 2365/8/2095 2367/8/2097 2366/8/2096 
f 2366/8/2096 2367/8/2097 2295/8/2098 
f 2367/8/2097 2368/8/2099 2295/8/2098 
f 2353/8/2100 2369/8/2101 2351/8/2102 
f 2351/8/2102 2369/8/2101 2370/8/2103 
f 2351/8/2102 2370/8/2103 2349/8/2104 
f 2349/8/2104 2370/8/2103 2371/8/2105 
f 2349/8/2104 2371/8/2105 2347/8/2106 
f 2347/8/2106 2371/8/2105 2372/8/2107 
f 2347/8/2106 2372/8/2107 2344/8/2073 
f 2344/8/2073 2372/8/2107 2373/8/2108 
f 2344/8/2073 2373/8/2108 2342/8/2071 
f 2342/8/2071 2373/8/2108 2374/8/2109 
f 2342/8/2071 2374/8/2109 2339/8/2068 
f 2339/8/2068 2374/8/2109 2375/8/2110 
f 2339/8/2068 2375/8/2110 2340/8/2069 
f 2340/8/2069 2375/8/2110 2376/8/2111 
f 2340/8/2069 2376/8/2111 2355/8/2085 
f 2355/8/2085 2376/8/2111 2377/8/2112 
f 2355/8/2085 2377/8/2112 2357/8/2087 
f 2357/8/2087 2377/8/2112 2378/8/2113 
f 2357/8/2087 2378/8/2113 2359/8/2089 
f 2359/8/2089 2378/8/2113 2379/8/2114 
f 2359/8/2089 2379/8/2114 2361/8/2091 
f 2361/8/2091 2379/8/2114 2380/8/2115 
f 2361/8/2091 2380/8/2115 2363/8/2093 
f 2363/8/2093 2380/8/2115 2381/8/2116 
f 2363/8/2093 2381/8/2116 2365/8/2095 
f 2365/8/2095 2381/8/2116 2382/8/2117 
f 2365/8/2095 2382/8/2117 2367/8/2097 
f 2367/8/2097 2382/8/2117 2383/8/2118 
f 2367/8/2097 2383/8/2118 2368/8/2119 
f 2368/8/2119 2383/8/2118 2384/8/2120 
f 2369/8/2101 2385/8/2121 2370/8/2103 
f 2261/8/2122 2345/8/2074 2343/8/2072 
f 2259/8/2123 2261/8/2122 2343/8/2072 
f 2259/8/2123 2343/8/2072 2338/8/2067 
f 2262/8/2124 2259/8/2123 2338/8/2067 
f 2262/8/2124 2338/8/2067 2341/8/2070 
f 2262/8/2124 2341/8/2070 2264/8/2125 
f 2261/8/2122 2346/8/2075 2345/8/2074 
f 2261/8/2122 2269/8/2126 2346/8/2075 
f 2269/8/2126 2348/8/2077 2346/8/2075 
f 2270/8/2127 2348/8/2077 2269/8/2126 
f 2258/8/2128 2348/8/2077 2270/8/2127 
f 2279/8/2129 2341/8/2070 2354/8/2084 
f 2264/8/2125 2341/8/2070 2279/8/2129 
f 2279/8/2129 2354/8/2084 2281/8/2130 
f 2281/8/2130 2354/8/2084 2356/8/2086 
f 2281/8/2130 2356/8/2086 2286/8/2131 
f 2286/8/2131 2356/8/2086 2358/8/2088 
f 2286/8/2131 2358/8/2088 2238/8/2132 
f 2238/8/2132 2358/8/2088 2360/8/2090 
f 2238/8/2132 2360/8/2090 2239/8/2133 
f 2239/8/2133 2360/8/2090 2362/8/2092 
f 2239/8/2133 2362/8/2092 2364/8/2094 
f 2239/8/2133 2364/8/2094 2289/8/2134 
f 2289/8/2134 2364/8/2094 2366/8/2096 
f 2289/8/2134 2366/8/2096 2294/8/2135 
f 2294/8/2135 2366/8/2096 2295/8/2098 
f 2386/8/2136 2387/8/2137 2309/8/2031 
f 2386/8/2136 2388/8/2138 2387/8/2137 
f 2386/8/2136 2389/8/2139 2388/8/2138 
f 2390/8/2140 2391/8/2141 2388/8/2138 
f 2390/8/2140 2388/8/2138 2389/8/2139 
f 2392/8/2142 2389/8/2139 2386/8/2136 
f 2392/8/2142 2393/8/2143 2389/8/2139 
f 2311/8/2033 2386/8/2136 2309/8/2031 
f 2392/8/2144 2386/8/2136 2311/8/2033 
f 2393/8/2145 2394/8/2146 2390/8/2140 
f 2393/8/2145 2390/8/2140 2389/8/2139 
f 2317/8/2147 2395/8/2148 2318/8/2149 
f 2317/8/2147 2396/8/2150 2395/8/2148 
f 2395/8/2151 2396/8/2150 2397/8/2151 
f 2396/8/2150 2398/8/2152 2397/8/2151 
f 2398/8/2152 2399/8/2153 2397/8/2154 
f 2398/8/2152 2400/8/2155 2399/8/2153 
f 2390/8/2140 2401/8/2156 2402/8/2157 
f 2390/8/2140 2402/8/2157 2391/8/2141 
f 2403/8/2158 2404/8/2159 2402/8/2157 
f 2401/8/2156 2403/8/2158 2402/8/2157 
f 2405/8/2160 2406/8/2161 2404/8/2159 
f 2403/8/2158 2405/8/2160 2404/8/2159 
f 2407/8/2162 2408/8/2163 2406/8/2161 
f 2405/8/2160 2407/8/2162 2406/8/2161 
f 2409/8/2164 2410/8/2165 2408/8/2163 
f 2408/8/2163 2407/8/2162 2409/8/2164 
f 2411/8/2166 2405/8/2160 2403/8/2158 
f 2412/8/2167 2403/8/2158 2401/8/2156 
f 2412/8/2167 2411/8/2166 2403/8/2158 
f 2412/8/2167 2390/8/2140 2394/8/2146 
f 2412/8/2167 2401/8/2156 2390/8/2140 
f 2399/8/2153 2412/8/2167 2394/8/2146 
f 2399/8/2153 2413/8/2168 2412/8/2167 
f 2400/8/2155 2414/8/2169 2413/8/2168 
f 2400/8/2155 2413/8/2168 2399/8/2153 
f 2415/8/2170 2416/8/2171 2417/8/2172 
f 2415/8/2170 2417/8/2172 2418/8/2173 
f 2416/8/2171 2419/8/2174 2417/8/2172 
f 2419/8/2174 2420/8/2175 2417/8/2172 
f 2421/8/2176 2420/8/2175 2419/8/2174 
f 2421/8/2176 2422/8/2177 2420/8/2175 
f 2421/8/2176 2423/8/2178 2422/8/2177 
f 2423/8/2178 2424/8/2179 2422/8/2177 
f 2425/8/2180 2426/8/2181 2424/8/2179 
f 2425/8/2180 2424/8/2179 2423/8/2178 
f 2425/8/2180 2427/8/2182 2426/8/2181 
f 2427/8/2182 2428/8/2183 2426/8/2181 
f 2426/8/2181 2429/8/2184 2430/8/2185 
f 2426/8/2181 2428/8/2183 2429/8/2184 
f 2418/8/2173 2417/8/2172 2431/8/2186 
f 2417/8/2172 2432/8/2187 2431/8/2186 
f 2432/8/2187 2433/8/2188 2431/8/2186 
f 2432/8/2187 2434/8/2189 2433/8/2188 
f 2429/8/2184 2435/8/2190 2430/8/2185 
f 2429/8/2184 2436/8/2191 2435/8/2190 
f 2437/8/2192 2415/8/2170 2418/8/2173 
f 2437/8/2192 2418/8/2173 2438/8/2193 
f 2438/8/2193 2418/8/2173 2431/8/2186 
f 2438/8/2193 2431/8/2186 2439/8/2194 
f 2439/8/2194 2431/8/2186 2433/8/2188 
f 2439/8/2194 2433/8/2188 2440/8/2195 
f 2397/8/2154 2394/8/2146 2393/8/2145 
f 2397/8/2154 2399/8/2153 2394/8/2146 
f 2392/8/2142 2395/8/2151 2393/8/2143 
f 2395/8/2151 2397/8/2151 2393/8/2143 
f 2318/8/2149 2395/8/2148 2392/8/2144 
f 2318/8/2149 2392/8/2144 2311/8/2033 
f 2441/8/2196 2396/8/2150 2322/8/2197 
f 2322/8/2197 2396/8/2150 2317/8/2147 
f 2323/8/2198 2441/8/2196 2322/8/2197 
f 2323/8/2198 2442/8/2199 2441/8/2196 
f 2396/8/2150 2441/8/2196 2398/8/2152 
f 2441/8/2196 2443/8/2200 2398/8/2152 
f 2443/8/2200 2400/8/2155 2398/8/2152 
f 2443/8/2200 2444/8/2201 2400/8/2155 
f 2444/8/2201 2414/8/2169 2400/8/2155 
f 2444/8/2201 2445/8/2202 2414/8/2169 
f 2441/8/2196 2442/8/2199 2443/8/2200 
f 2442/8/2199 2446/8/2203 2443/8/2200 
f 2446/8/2203 2444/8/2201 2443/8/2200 
f 2446/8/2203 2447/8/2204 2444/8/2201 
f 2448/8/2205 2445/8/2202 2444/8/2201 
f 2447/8/2204 2448/8/2205 2444/8/2201 
f 2325/8/2206 2449/8/2207 2323/8/2198 
f 2449/8/2207 2442/8/2199 2323/8/2198 
f 2327/8/2208 2449/8/2207 2325/8/2206 
f 2327/8/2208 2450/8/2209 2449/8/2207 
f 2093/8/1746 2450/8/2209 2327/8/2208 
f 2451/8/2210 2446/8/2203 2449/8/2207 
f 2442/8/2199 2449/8/2207 2446/8/2203 
f 2452/8/2211 2447/8/2204 2446/8/2203 
f 2451/8/2210 2452/8/2211 2446/8/2203 
f 2453/8/2212 2448/8/2205 2447/8/2204 
f 2452/8/2211 2453/8/2212 2447/8/2204 
f 2454/8/2213 2451/8/2210 2449/8/2207 
f 2454/8/2213 2455/8/2214 2451/8/2210 
f 2456/8/2215 2452/8/2211 2451/8/2210 
f 2455/8/2214 2456/8/2215 2451/8/2210 
f 2457/8/2216 2453/8/2212 2452/8/2211 
f 2457/8/2216 2452/8/2211 2456/8/2215 
f 2449/8/2207 2450/8/2209 2454/8/2213 
f 2094/8/1747 2450/8/2209 2093/8/1746 
f 2458/8/2217 2454/8/2213 2094/8/1747 
f 2450/8/2209 2094/8/2218 2454/8/2213 
f 2095/8/1748 2458/8/2217 2094/8/1747 
f 2459/8/2219 2455/8/2214 2454/8/2213 
f 2458/8/2217 2459/8/2219 2454/8/2213 
f 2095/8/1748 2459/8/2219 2458/8/2217 
f 2095/8/1748 2460/8/2220 2459/8/2219 
f 2461/8/2221 2456/8/2215 2455/8/2214 
f 2459/8/2219 2461/8/2221 2455/8/2214 
f 2462/8/2222 2461/8/2221 2459/8/2219 
f 2460/8/2220 2462/8/2222 2459/8/2219 
f 2461/8/2221 2462/8/2222 2463/8/2223 
f 2463/8/2223 2464/8/2224 2461/8/2221 
f 2461/8/2221 2464/8/2224 2456/8/2215 
f 2464/8/2224 2457/8/2216 2456/8/2215 
f 2465/8/2225 2095/8/1748 2098/8/1752 
f 2465/8/2225 2460/8/2220 2095/8/1748 
f 2466/8/2226 2462/8/2222 2460/8/2220 
f 2465/8/2225 2466/8/2226 2460/8/2220 
f 2462/8/2222 2466/8/2226 2463/8/2223 
f 2463/8/2223 2466/8/2226 2467/8/2227 
f 2468/8/2228 2098/8/1752 2100/8/1754 
f 2468/8/2228 2465/8/2229 2098/8/1752 
f 2468/8/2228 2100/8/1754 2103/8/1757 
f 2468/8/2228 2103/8/1757 2469/8/2230 
f 2469/8/2230 2103/8/1757 2129/8/2231 
f 2469/8/2230 2129/8/2231 2470/8/2232 
f 2471/8/2233 2470/8/2232 2129/8/2231 
f 2471/8/2233 2129/8/2231 2130/8/2234 
f 2472/8/2235 2466/8/2236 2465/8/2229 
f 2472/8/2235 2465/8/2229 2468/8/2228 
f 2472/8/2235 2468/8/2228 2473/8/2237 
f 2473/8/2237 2468/8/2228 2469/8/2230 
f 2473/8/2237 2469/8/2230 2470/8/2232 
f 2474/8/2238 2473/8/2237 2470/8/2232 
f 2474/8/2238 2470/8/2232 2471/8/2233 
f 2474/8/2238 2471/8/2233 2475/8/2239 
f 2467/8/2240 2466/8/2236 2472/8/2235 
f 2467/8/2240 2472/8/2235 2476/8/2241 
f 2476/8/2241 2472/8/2235 2473/8/2237 
f 2476/8/2241 2473/8/2237 2477/8/2242 
f 2477/8/2242 2473/8/2237 2474/8/2238 
f 2477/8/2242 2474/8/2238 2478/8/2243 
f 2478/8/2243 2474/8/2238 2475/8/2239 
f 2478/8/2243 2475/8/2239 2479/8/2244 
f 2480/8/2245 2481/8/2246 2482/8/2247 
f 2481/8/2246 2483/8/2248 2482/8/2247 
f 2383/8/2118 2481/8/2246 2480/8/2245 
f 2382/8/2117 2481/8/2246 2383/8/2118 
f 2384/8/2120 2480/8/2245 2484/8/2249 
f 2383/8/2118 2480/8/2245 2384/8/2120 
f 2480/8/2245 2485/8/2250 2484/8/2249 
f 2480/8/2245 2482/8/2247 2485/8/2250 
f 2309/8/2031 2387/8/2137 2308/8/2030 
f 2486/8/2251 2487/8/2252 2488/8/2253 
f 2489/8/2254 2487/8/2252 2486/8/2251 
f 2490/8/2255 2489/8/2254 2486/8/2251 
f 2491/8/2256 2489/8/2254 2490/8/2255 
f 2492/8/2257 2491/8/2256 2490/8/2255 
f 2493/8/2254 2491/8/2256 2492/8/2257 
f 2494/8/2258 2493/8/2254 2492/8/2257 
f 2495/8/2258 2493/8/2254 2494/8/2258 
f 2496/8/2259 2495/8/2258 2494/8/2258 
f 2496/8/2259 2497/8/2259 2495/8/2258 
f 2486/8/2251 2498/8/2260 2499/8/2261 
f 2486/8/2251 2488/8/2253 2498/8/2260 
f 2490/8/2255 2486/8/2251 2500/8/2262 
f 2492/8/2257 2500/8/2262 2501/8/2263 
f 2492/8/2257 2490/8/2255 2500/8/2262 
f 2502/8/2264 2498/8/2260 2503/8/2265 
f 2499/8/2261 2498/8/2260 2502/8/2264 
f 2502/8/2264 2504/8/2266 2050/8/2267 
f 2502/8/2264 2503/8/2265 2504/8/2266 
f 2050/8/2267 2505/8/2268 2047/8/2269 
f 2050/8/2267 2504/8/2266 2505/8/2268 
f 2505/8/2268 2506/8/2270 2507/8/2271 
f 2047/8/2269 2505/8/2268 2507/8/2271 
f 2506/8/2270 2508/8/2272 2509/8/2273 
f 2507/8/2271 2506/8/2270 2509/8/2273 
f 2509/8/2273 2508/8/2272 2510/8/2274 
f 2511/8/2275 2492/8/2257 2501/8/2263 
f 2512/8/2276 2492/8/2257 2511/8/2275 
f 2494/8/2277 2492/8/2257 2512/8/2276 
f 2494/8/2277 2512/8/2276 2513/8/2278 
f 2496/8/2278 2494/8/2277 2513/8/2278 
f 2057/8/2279 2514/8/2280 2055/8/2281 
f 2514/8/2280 2515/8/2282 2055/8/2281 
f 2055/8/2281 2515/8/2282 2059/8/2283 
f 2059/8/2283 2515/8/2282 2516/8/2284 
f 2059/8/2283 2516/8/2284 2067/8/2285 
f 2067/8/2285 2517/8/2286 2071/8/2287 
f 2516/8/2284 2517/8/2286 2067/8/2285 
f 2518/8/2288 2519/8/2289 2520/8/2290 
f 2520/8/2290 2519/8/2289 2521/8/2291 
f 2519/8/2289 2522/8/2292 2521/8/2291 
f 2521/8/2291 2523/8/2293 2524/8/2294 
f 2521/8/2291 2522/8/2292 2523/8/2293 
f 2518/8/2288 2525/8/2295 2519/8/2289 
f 2526/8/2296 2527/8/2297 2528/8/2298 
f 2529/8/2299 2530/8/2300 2531/8/2301 
f 2075/8/2302 2532/8/2303 2529/8/2299 
f 2532/8/2303 2530/8/2300 2529/8/2299 
f 2078/8/2304 2533/8/2305 2532/8/2303 
f 2078/8/2304 2532/8/2303 2075/8/2302 
f 2534/8/2306 2535/8/2307 2078/8/2304 
f 2078/8/2304 2535/8/2307 2533/8/2305 
f 2536/8/2308 2537/8/2309 2534/8/2306 
f 2534/8/2306 2537/8/2309 2535/8/2307 
f 2500/8/2262 2486/8/2251 2499/8/2261 
f 2538/8/2310 2499/8/2261 2502/8/2264 
f 2500/8/2262 2499/8/2261 2538/8/2310 
f 2501/8/2311 2500/8/2262 2539/8/2312 
f 2539/8/2312 2500/8/2262 2538/8/2310 
f 2539/8/2312 2052/8/2313 2054/8/2314 
f 2539/8/2312 2538/8/2310 2052/8/2313 
f 2538/8/2310 2050/8/2267 2052/8/2313 
f 2538/8/2310 2502/8/2264 2050/8/2267 
f 2540/8/2315 2047/8/2269 2507/8/2271 
f 2540/8/2315 2046/8/2316 2047/8/2269 
f 2541/8/2317 2046/8/2316 2540/8/2315 
f 2043/8/2318 2046/8/2316 2541/8/2317 
f 2542/8/2319 2541/8/2317 2543/8/2320 
f 2541/8/2317 2540/8/2315 2543/8/2320 
f 2544/8/2321 2543/8/2320 2545/8/2322 
f 2544/8/2321 2542/8/2319 2543/8/2320 
f 2544/8/2321 2545/8/2322 2546/8/2323 
f 2510/8/2274 2547/8/2324 2548/8/2325 
f 2510/8/2274 2548/8/2325 2549/8/2326 
f 2548/8/2325 2550/8/2258 2551/8/2258 
f 2547/8/2324 2550/8/2258 2548/8/2325 
f 2550/8/2258 2552/8/2327 2553/8/2328 
f 2550/8/2258 2553/8/2328 2551/8/2258 
f 2554/8/2329 2507/8/2271 2509/8/2273 
f 2509/8/2273 2510/8/2274 2555/8/2330 
f 2554/8/2329 2509/8/2273 2555/8/2330 
f 2556/8/2331 2554/8/2329 2555/8/2330 
f 2557/8/2331 2555/8/2330 2549/8/2326 
f 2555/8/2330 2510/8/2274 2549/8/2326 
f 2558/8/2332 2555/8/2330 2557/8/2331 
f 2556/8/2331 2555/8/2330 2558/8/2332 
f 2545/8/2322 2556/8/2331 2546/8/2323 
f 2546/8/2323 2556/8/2331 2558/8/2332 
f 2543/8/2320 2554/8/2329 2556/8/2331 
f 2543/8/2320 2556/8/2331 2545/8/2322 
f 2540/8/2315 2507/8/2271 2554/8/2329 
f 2540/8/2315 2554/8/2329 2543/8/2320 
f 2552/8/2327 2559/8/2333 2560/8/2334 
f 2553/8/2328 2552/8/2327 2560/8/2334 
f 2559/8/2333 2561/8/2335 2562/8/2336 
f 2560/8/2334 2559/8/2333 2562/8/2336 
f 2561/8/2335 2563/8/2337 2564/8/2338 
f 2561/8/2335 2564/8/2338 2562/8/2336 
f 2563/8/2337 2565/8/2339 2566/8/2340 
f 2563/8/2337 2566/8/2340 2564/8/2338 
f 2061/8/2341 2060/8/2342 2566/8/2340 
f 2565/8/2339 2061/8/2341 2566/8/2340 
f 2553/8/2328 2560/8/2334 2567/8/2343 
f 2560/8/2334 2562/8/2336 2568/8/2344 
f 2560/8/2334 2568/8/2344 2567/8/2343 
f 2567/8/2343 2568/8/2344 2569/8/2345 
f 2568/8/2344 2564/8/2338 2570/8/2346 
f 2568/8/2344 2562/8/2336 2564/8/2338 
f 2569/8/2345 2568/8/2344 2570/8/2346 
f 2564/8/2338 2566/8/2340 2571/8/2347 
f 2564/8/2338 2571/8/2347 2570/8/2346 
f 2570/8/2346 2571/8/2347 2527/8/2297 
f 2571/8/2347 2572/8/2348 2528/8/2298 
f 2527/8/2297 2571/8/2347 2528/8/2298 
f 2571/8/2347 2566/8/2340 2573/8/2349 
f 2571/8/2347 2573/8/2349 2572/8/2348 
f 2566/8/2340 2060/8/2342 2573/8/2349 
f 2569/8/2345 2570/8/2346 2574/8/2350 
f 2574/8/2350 2570/8/2346 2526/8/2296 
f 2570/8/2346 2527/8/2297 2526/8/2296 
f 2060/8/2342 2063/8/2351 2573/8/2349 
f 2573/8/2349 2063/8/2351 2575/8/2351 
f 2572/8/2348 2573/8/2349 2576/8/2352 
f 2573/8/2349 2575/8/2351 2576/8/2352 
f 2528/8/2298 2576/8/2352 2577/8/2353 
f 2572/8/2348 2576/8/2352 2528/8/2298 
f 2575/8/2351 2578/8/2354 2576/8/2352 
f 2575/8/2351 2579/8/2355 2578/8/2354 
f 2575/8/2351 2063/8/2351 2579/8/2355 
f 2063/8/2351 2065/8/2356 2579/8/2355 
f 2579/8/2355 2069/8/2357 2580/8/2358 
f 2579/8/2355 2065/8/2356 2069/8/2357 
f 2579/8/2355 2580/8/2358 2578/8/2354 
f 2578/8/2354 2580/8/2358 2581/8/2359 
f 2582/8/2360 2581/8/2359 2583/8/2361 
f 2582/8/2360 2578/8/2354 2581/8/2359 
f 2577/8/2353 2578/8/2354 2582/8/2360 
f 2577/8/2353 2576/8/2352 2578/8/2354 
f 2496/8/2362 2513/8/2363 2584/8/2364 
f 2585/8/2365 2496/8/2362 2584/8/2364 
f 2586/8/2366 2585/8/2367 2584/8/2368 
f 2586/8/2366 2584/8/2368 2587/8/2369 
f 2035/8/2370 2586/8/2366 2587/8/2369 
f 2035/8/2370 2587/8/2369 2036/8/2371 
f 2042/8/2372 2041/8/2373 2588/8/2374 
f 2589/8/2375 2042/8/2372 2588/8/2374 
f 2589/8/2375 2588/8/2374 2590/8/2376 
f 2591/8/2377 2589/8/2375 2590/8/2376 
f 2591/8/2377 2590/8/2376 2592/8/2378 
f 2593/8/2379 2591/8/2377 2592/8/2378 
f 2593/8/2379 2592/8/2378 2594/8/2380 
f 2593/8/2379 2594/8/2380 2595/8/2381 
f 2595/8/2381 2594/8/2380 2596/8/2382 
f 2597/8/2383 2595/8/2381 2596/8/2382 
f 2598/8/2384 2595/8/2381 2597/8/2383 
f 2598/8/2384 2597/8/2383 2599/8/2385 
f 2600/8/2386 2593/8/2379 2595/8/2381 
f 2600/8/2386 2595/8/2381 2598/8/2384 
f 2601/8/2387 2602/8/2388 2603/8/2389 
f 2603/8/2389 2602/8/2388 2604/8/2390 
f 2603/8/2389 2605/8/2391 2606/8/2392 
f 2603/8/2389 2604/8/2390 2605/8/2391 
f 2604/8/2390 2599/8/2385 2605/8/2391 
f 2604/8/2390 2598/8/2384 2599/8/2385 
f 2602/8/2388 2598/8/2384 2604/8/2390 
f 2602/8/2388 2600/8/2386 2598/8/2384 
f 2607/8/2393 2531/8/2301 2601/8/2387 
f 2607/8/2393 2601/8/2387 2603/8/2389 
f 2529/8/2299 2531/8/2301 2608/8/2394 
f 2609/8/2395 2608/8/2394 2607/8/2393 
f 2608/8/2394 2531/8/2301 2607/8/2393 
f 2610/8/2396 2607/8/2393 2606/8/2392 
f 2607/8/2393 2603/8/2389 2606/8/2392 
f 2611/8/2397 2607/8/2393 2610/8/2396 
f 2609/8/2395 2607/8/2393 2611/8/2397 
f 2612/8/2398 2609/8/2395 2611/8/2397 
f 2612/8/2398 2611/8/2397 2613/8/2399 
f 2614/8/2400 2612/8/2398 2613/8/2399 
f 2614/8/2400 2613/8/2399 2615/8/2401 
f 2108/8/1762 2107/8/1761 2615/8/2401 
f 2107/8/1761 2614/8/2400 2615/8/2401 
f 2106/8/1760 2616/8/2402 2614/8/2400 
f 2107/8/1761 2106/8/1760 2614/8/2400 
f 2105/8/1759 2617/8/2403 2616/8/2402 
f 2105/8/1759 2616/8/2402 2106/8/1760 
f 2618/8/2404 2075/8/2302 2529/8/2299 
f 2618/8/2404 2073/8/2405 2075/8/2302 
f 2617/8/2403 2073/8/2405 2618/8/2404 
f 2617/8/2403 2086/8/2406 2073/8/2405 
f 2105/8/1759 2086/8/2406 2617/8/2403 
f 2105/8/1759 2088/8/2407 2086/8/2406 
f 2619/8/2408 2078/8/2304 2077/8/2409 
f 2619/8/2408 2534/8/2306 2078/8/2304 
f 2081/8/2410 2619/8/2408 2077/8/2409 
f 2620/8/2411 2619/8/2408 2081/8/2410 
f 2621/8/2412 2620/8/2411 2084/8/2413 
f 2084/8/2413 2620/8/2411 2081/8/2410 
f 2622/8/2414 2619/8/2408 2620/8/2411 
f 2621/8/2412 2623/8/2415 2622/8/2414 
f 2621/8/2412 2622/8/2414 2620/8/2411 
f 2622/8/2414 2534/8/2306 2619/8/2408 
f 2622/8/2414 2536/8/2416 2534/8/2306 
f 2624/8/2417 2544/8/2321 2546/8/2323 
f 2625/8/2418 2626/8/2419 2627/8/2420 
f 2625/8/2418 2627/8/2420 2628/8/2421 
f 2626/8/2419 2629/8/2422 2627/8/2420 
f 2629/8/2422 2630/8/2423 2627/8/2420 
f 2629/8/2422 2631/8/2424 2630/8/2423 
f 2631/8/2424 2632/8/2425 2630/8/2423 
f 2631/8/2424 2633/8/2426 2632/8/2425 
f 2633/8/2426 2631/8/2424 2634/8/2427 
f 2635/8/2428 2633/8/2426 2634/8/2427 
f 2635/8/2428 2634/8/2427 2636/8/2429 
f 2637/8/2430 2635/8/2428 2636/8/2429 
f 2637/8/2430 2636/8/2429 2638/8/2431 
f 2639/8/2432 2637/8/2430 2638/8/2431 
f 2640/8/2433 2639/8/2432 2638/8/2431 
f 2639/8/2432 2624/8/2417 2546/8/2323 
f 2639/8/2432 2546/8/2323 2637/8/2430 
f 2546/8/2323 2635/8/2434 2637/8/2430 
f 2625/8/2418 2628/8/2421 2641/8/2435 
f 2642/8/2436 2625/8/2418 2641/8/2435 
f 2642/8/2436 2641/8/2435 2643/8/2437 
f 2644/8/2438 2642/8/2436 2643/8/2437 
f 2644/8/2438 2643/8/2437 2645/8/2439 
f 2646/8/2440 2644/8/2438 2645/8/2439 
f 2646/8/2440 2645/8/2439 2647/8/2441 
f 2648/8/2442 2646/8/2440 2647/8/2441 
f 2648/8/2442 2647/8/2441 2649/8/2443 
f 2650/8/2444 2648/8/2442 2649/8/2443 
f 2650/8/2444 2649/8/2443 2651/8/2445 
f 2652/8/2446 2650/8/2444 2651/8/2445 
f 2653/8/2447 2652/8/2446 2651/8/2445 
f 2654/8/2448 2652/8/2446 2653/8/2447 
f 2583/8/2449 2654/8/2448 2653/8/2447 
f 2654/8/2448 2583/8/2449 2655/8/2450 
f 2656/8/2451 2640/8/2452 2638/8/2453 
f 2657/8/2454 2656/8/2451 2638/8/2453 
f 2657/8/2454 2638/8/2453 2636/8/2455 
f 2658/8/2456 2657/8/2454 2636/8/2455 
f 2658/8/2456 2636/8/2455 2634/8/2457 
f 2658/8/2456 2634/8/2457 2659/8/2458 
f 2659/8/2458 2634/8/2457 2631/8/2424 
f 2660/8/2459 2659/8/2458 2631/8/2424 
f 2660/8/2459 2631/8/2424 2629/8/2422 
f 2661/8/2460 2660/8/2459 2629/8/2422 
f 2661/8/2460 2629/8/2422 2626/8/2419 
f 2662/8/2461 2661/8/2460 2626/8/2419 
f 2662/8/2461 2626/8/2419 2625/8/2418 
f 2663/8/2462 2662/8/2461 2625/8/2418 
f 2663/8/2462 2625/8/2418 2642/8/2436 
f 2664/8/2463 2663/8/2462 2642/8/2436 
f 2664/8/2463 2642/8/2436 2644/8/2438 
f 2665/8/2464 2664/8/2463 2644/8/2438 
f 2665/8/2464 2644/8/2438 2646/8/2440 
f 2666/8/2465 2665/8/2464 2646/8/2440 
f 2666/8/2465 2646/8/2440 2648/8/2442 
f 2667/8/2466 2666/8/2465 2648/8/2442 
f 2667/8/2466 2648/8/2442 2650/8/2444 
f 2668/8/2467 2667/8/2466 2650/8/2444 
f 2668/8/2467 2650/8/2444 2652/8/2446 
f 2669/8/2468 2668/8/2467 2652/8/2446 
f 2669/8/2468 2652/8/2446 2654/8/2448 
f 2670/8/2469 2669/8/2468 2654/8/2448 
f 2670/8/2469 2654/8/2448 2655/8/2470 
f 2671/8/2471 2670/8/2469 2655/8/2470 
f 2672/8/2472 2656/8/2451 2657/8/2454 
f 2630/8/2423 2632/8/2425 2549/8/2473 
f 2630/8/2423 2549/8/2473 2548/8/2474 
f 2627/8/2420 2630/8/2423 2548/8/2474 
f 2627/8/2420 2548/8/2474 2551/8/2475 
f 2628/8/2421 2627/8/2420 2551/8/2475 
f 2628/8/2421 2551/8/2475 2553/8/2476 
f 2632/8/2425 2633/8/2426 2549/8/2473 
f 2633/8/2426 2557/8/2477 2549/8/2473 
f 2633/8/2426 2635/8/2428 2557/8/2477 
f 2558/8/2478 2557/8/2477 2635/8/2428 
f 2546/8/2479 2558/8/2478 2635/8/2428 
f 2641/8/2435 2628/8/2421 2567/8/2480 
f 2628/8/2421 2553/8/2476 2567/8/2480 
f 2641/8/2435 2567/8/2480 2569/8/2481 
f 2643/8/2437 2641/8/2435 2569/8/2481 
f 2643/8/2437 2569/8/2481 2574/8/2482 
f 2645/8/2439 2643/8/2437 2574/8/2482 
f 2645/8/2439 2574/8/2482 2526/8/2483 
f 2647/8/2441 2645/8/2439 2526/8/2483 
f 2647/8/2441 2526/8/2483 2528/8/2484 
f 2649/8/2443 2647/8/2441 2528/8/2484 
f 2651/8/2445 2649/8/2443 2528/8/2484 
f 2651/8/2445 2528/8/2484 2577/8/2485 
f 2653/8/2447 2651/8/2445 2577/8/2485 
f 2653/8/2447 2577/8/2485 2582/8/2486 
f 2583/8/2449 2653/8/2447 2582/8/2486 
f 2673/8/2487 2597/8/2383 2674/8/2488 
f 2673/8/2487 2674/8/2488 2675/8/2489 
f 2675/8/2489 2676/8/2490 2673/8/2487 
f 2677/8/2491 2675/8/2489 2678/8/2492 
f 2677/8/2491 2676/8/2490 2675/8/2489 
f 2676/8/2490 2679/8/2493 2673/8/2487 
f 2680/8/2494 2679/8/2493 2676/8/2490 
f 2599/8/2385 2597/8/2383 2673/8/2487 
f 2679/8/2495 2599/8/2385 2673/8/2487 
f 2680/8/2496 2677/8/2491 2681/8/2497 
f 2680/8/2496 2676/8/2490 2677/8/2491 
f 2606/8/2498 2605/8/2499 2682/8/2500 
f 2606/8/2498 2682/8/2500 2683/8/2501 
f 2684/8/2502 2683/8/2501 2682/8/2502 
f 2685/8/2503 2683/8/2501 2684/8/2502 
f 2685/8/2503 2684/8/2504 2686/8/2505 
f 2685/8/2503 2686/8/2505 2687/8/2506 
f 2677/8/2491 2688/8/2507 2689/8/2508 
f 2677/8/2491 2678/8/2492 2688/8/2507 
f 2690/8/2509 2688/8/2507 2691/8/2510 
f 2689/8/2508 2688/8/2507 2690/8/2509 
f 2692/8/2511 2691/8/2510 2693/8/2512 
f 2690/8/2509 2691/8/2510 2692/8/2511 
f 2694/8/2513 2693/8/2512 2695/8/2514 
f 2692/8/2511 2693/8/2512 2694/8/2513 
f 2696/8/2515 2695/8/2514 2697/8/2516 
f 2696/8/2515 2694/8/2513 2695/8/2514 
f 2698/8/2517 2690/8/2509 2692/8/2511 
f 2699/8/2518 2689/8/2508 2690/8/2509 
f 2699/8/2518 2690/8/2509 2698/8/2517 
f 2699/8/2518 2681/8/2497 2677/8/2491 
f 2699/8/2518 2677/8/2491 2689/8/2508 
f 2686/8/2505 2681/8/2497 2699/8/2518 
f 2686/8/2505 2699/8/2518 2700/8/2519 
f 2687/8/2506 2700/8/2519 2701/8/2520 
f 2687/8/2506 2686/8/2505 2700/8/2519 
f 2702/8/2521 2703/8/2522 2704/8/2523 
f 2702/8/2521 2704/8/2523 2705/8/2524 
f 2702/8/2521 2706/8/2525 2703/8/2522 
f 2702/8/2521 2707/8/2526 2706/8/2525 
f 2707/8/2526 2708/8/2527 2706/8/2525 
f 2707/8/2526 2709/8/2528 2708/8/2527 
f 2709/8/2528 2710/8/2529 2708/8/2527 
f 2711/8/2530 2710/8/2529 2709/8/2528 
f 2712/8/2531 2713/8/2532 2711/8/2530 
f 2711/8/2530 2713/8/2532 2710/8/2529 
f 2712/8/2531 2714/8/2533 2713/8/2532 
f 2715/8/2534 2714/8/2533 2712/8/2531 
f 2716/8/2535 2717/8/2536 2712/8/2531 
f 2717/8/2536 2715/8/2534 2712/8/2531 
f 2718/8/2537 2702/8/2521 2705/8/2524 
f 2718/8/2537 2719/8/2538 2702/8/2521 
f 2433/8/2188 2719/8/2538 2718/8/2537 
f 2434/8/2189 2719/8/2538 2433/8/2188 
f 2435/8/2190 2717/8/2536 2716/8/2535 
f 2436/8/2191 2717/8/2536 2435/8/2190 
f 2705/8/2524 2704/8/2523 2720/8/2539 
f 2705/8/2524 2720/8/2539 2721/8/2540 
f 2718/8/2537 2705/8/2524 2721/8/2540 
f 2718/8/2537 2721/8/2540 2722/8/2541 
f 2433/8/2188 2718/8/2537 2722/8/2541 
f 2440/8/2195 2433/8/2188 2722/8/2541 
f 2684/8/2504 2680/8/2496 2681/8/2497 
f 2684/8/2504 2681/8/2497 2686/8/2505 
f 2680/8/2494 2682/8/2502 2679/8/2493 
f 2684/8/2502 2682/8/2502 2680/8/2494 
f 2605/8/2499 2679/8/2495 2682/8/2500 
f 2605/8/2499 2599/8/2385 2679/8/2495 
f 2723/8/2542 2610/8/2543 2683/8/2501 
f 2610/8/2543 2606/8/2498 2683/8/2501 
f 2611/8/2544 2610/8/2543 2723/8/2542 
f 2611/8/2544 2723/8/2542 2724/8/2545 
f 2685/8/2503 2723/8/2542 2683/8/2501 
f 2725/8/2546 2723/8/2542 2685/8/2503 
f 2725/8/2546 2685/8/2503 2687/8/2506 
f 2725/8/2546 2687/8/2506 2726/8/2547 
f 2726/8/2547 2687/8/2506 2701/8/2520 
f 2726/8/2547 2701/8/2520 2727/8/2548 
f 2725/8/2546 2724/8/2545 2723/8/2542 
f 2728/8/2549 2724/8/2545 2725/8/2546 
f 2728/8/2549 2725/8/2546 2726/8/2547 
f 2728/8/2549 2726/8/2547 2729/8/2550 
f 2730/8/2551 2726/8/2547 2727/8/2548 
f 2729/8/2550 2726/8/2547 2730/8/2551 
f 2613/8/2552 2611/8/2544 2731/8/2553 
f 2731/8/2553 2611/8/2544 2724/8/2545 
f 2615/8/2554 2613/8/2552 2731/8/2553 
f 2615/8/2554 2731/8/2553 2732/8/2555 
f 2108/8/1762 2615/8/2554 2732/8/2555 
f 2733/8/2556 2731/8/2553 2728/8/2549 
f 2728/8/2549 2731/8/2553 2724/8/2545 
f 2734/8/2557 2728/8/2549 2729/8/2550 
f 2733/8/2556 2728/8/2549 2734/8/2557 
f 2735/8/2558 2729/8/2550 2730/8/2551 
f 2734/8/2557 2729/8/2550 2735/8/2558 
f 2736/8/2559 2731/8/2553 2733/8/2556 
f 2736/8/2559 2733/8/2556 2737/8/2560 
f 2738/8/2561 2733/8/2556 2734/8/2557 
f 2737/8/2560 2733/8/2556 2738/8/2561 
f 2739/8/2562 2734/8/2557 2735/8/2558 
f 2739/8/2562 2738/8/2561 2734/8/2557 
f 2736/8/2559 2732/8/2555 2731/8/2553 
f 2109/8/1763 2108/8/1762 2732/8/2555 
f 2740/8/2563 2109/8/1763 2736/8/2559 
f 2109/8/2564 2732/8/2555 2736/8/2559 
f 2110/8/1764 2109/8/1763 2740/8/2563 
f 2741/8/2565 2736/8/2559 2737/8/2560 
f 2740/8/2563 2736/8/2559 2741/8/2565 
f 2110/8/1764 2740/8/2563 2741/8/2565 
f 2110/8/1764 2741/8/2565 2742/8/2566 
f 2743/8/2567 2737/8/2560 2738/8/2561 
f 2741/8/2565 2737/8/2560 2743/8/2567 
f 2744/8/2568 2741/8/2565 2743/8/2567 
f 2742/8/2566 2741/8/2565 2744/8/2568 
f 2745/8/2569 2744/8/2568 2743/8/2567 
f 2745/8/2569 2743/8/2567 2746/8/2570 
f 2743/8/2567 2738/8/2561 2746/8/2570 
f 2746/8/2570 2738/8/2561 2739/8/2562 
f 2747/8/2571 2113/8/1768 2110/8/1764 
f 2747/8/2571 2110/8/1764 2742/8/2566 
f 2748/8/2572 2742/8/2566 2744/8/2568 
f 2747/8/2571 2742/8/2566 2748/8/2572 
f 2748/8/2572 2744/8/2568 2745/8/2569 
f 2749/8/2573 2748/8/2572 2745/8/2569 
f 2750/8/2574 2115/8/1770 2113/8/1768 
f 2750/8/2574 2113/8/1768 2747/8/2575 
f 2750/8/2574 2118/8/1773 2115/8/1770 
f 2750/8/2574 2751/8/2576 2118/8/1773 
f 2751/8/2576 2133/8/2577 2118/8/1773 
f 2751/8/2576 2752/8/2232 2133/8/2577 
f 2471/8/2233 2133/8/2577 2752/8/2232 
f 2471/8/2233 2130/8/2234 2133/8/2577 
f 2753/8/2578 2747/8/2575 2748/8/2579 
f 2753/8/2578 2750/8/2574 2747/8/2575 
f 2753/8/2578 2754/8/2580 2750/8/2574 
f 2754/8/2580 2751/8/2576 2750/8/2574 
f 2754/8/2580 2752/8/2232 2751/8/2576 
f 2755/8/2581 2752/8/2232 2754/8/2580 
f 2755/8/2581 2471/8/2233 2752/8/2232 
f 2755/8/2581 2475/8/2239 2471/8/2233 
f 2749/8/2582 2753/8/2578 2748/8/2579 
f 2749/8/2582 2756/8/2583 2753/8/2578 
f 2756/8/2583 2754/8/2580 2753/8/2578 
f 2756/8/2583 2757/8/2584 2754/8/2580 
f 2757/8/2584 2755/8/2581 2754/8/2580 
f 2758/8/2585 2755/8/2581 2757/8/2584 
f 2758/8/2585 2475/8/2239 2755/8/2581 
f 2479/8/2244 2475/8/2239 2758/8/2585 
f 2759/8/2586 2760/8/2587 2761/8/2588 
f 2762/8/2589 2760/8/2587 2759/8/2586 
f 2760/8/2587 2670/8/2469 2761/8/2588 
f 2760/8/2587 2669/8/2468 2670/8/2469 
f 2763/8/2590 2761/8/2588 2671/8/2471 
f 2761/8/2588 2670/8/2469 2671/8/2471 
f 2764/8/2591 2761/8/2588 2763/8/2590 
f 2764/8/2591 2759/8/2586 2761/8/2588 
f 2597/8/2383 2596/8/2382 2674/8/2488 
f 2335/8/2063 2248/8/2065 2765/8/2592 
f 2766/8/2593 2335/8/2063 2765/8/2592 
f 2766/8/2593 2336/8/2594 2335/8/2063 
f 2622/8/2414 2767/8/2595 2536/8/2416 
f 2768/8/2596 2767/8/2595 2622/8/2414 
f 2768/8/2596 2622/8/2414 2623/8/2597 
f 2409/8/2598 2769/8/2599 2427/8/2182 
f 2770/8/2600 2769/8/2600 2409/8/2600 
f 2407/8/2162 2770/8/2601 2409/8/2164 
f 2771/8/2602 2770/8/2601 2407/8/2162 
f 2405/8/2603 2771/8/2602 2407/8/2162 
f 2411/8/2604 2771/8/2602 2405/8/2603 
f 2411/8/2604 2772/8/2605 2771/8/2602 
f 2412/8/2606 2772/8/2605 2411/8/2604 
f 2412/8/2606 2773/8/2607 2772/8/2605 
f 2413/8/2608 2773/8/2607 2412/8/2606 
f 2413/8/2608 2774/8/2609 2773/8/2607 
f 2414/8/2610 2774/8/2609 2413/8/2608 
f 2414/8/2610 2775/8/2611 2774/8/2609 
f 2414/8/2610 2445/8/2612 2775/8/2611 
f 2445/8/2612 2776/8/2613 2775/8/2611 
f 2445/8/2612 2448/8/2614 2776/8/2613 
f 2448/8/2614 2777/8/2615 2776/8/2613 
f 2448/8/2614 2453/8/2616 2777/8/2615 
f 2453/8/2616 2778/8/2617 2777/8/2615 
f 2453/8/2616 2457/8/2618 2778/8/2617 
f 2457/8/2618 2779/8/2619 2778/8/2617 
f 2457/8/2618 2464/8/2620 2779/8/2619 
f 2464/8/2620 2780/8/2621 2779/8/2619 
f 2464/8/2620 2463/8/2622 2780/8/2621 
f 2463/8/2622 2781/8/2623 2780/8/2621 
f 2463/8/2622 2467/8/2624 2781/8/2623 
f 2467/8/2624 2782/8/2625 2781/8/2623 
f 2467/8/2624 2476/8/2626 2782/8/2625 
f 2477/8/2627 2478/8/2628 2783/8/2627 
f 2783/8/2627 2478/8/2628 2784/8/2629 
f 2478/8/2628 2479/8/2630 2784/8/2629 
f 2784/8/2629 2479/8/2630 2785/8/2631 
f 2476/8/2626 2477/8/2627 2782/8/2625 
f 2782/8/2625 2477/8/2627 2783/8/2627 
f 2714/8/2533 2786/8/2632 2696/8/2633 
f 2786/8/2634 2787/8/2634 2696/8/2634 
f 2696/8/2515 2787/8/2635 2694/8/2513 
f 2787/8/2635 2788/8/2636 2694/8/2513 
f 2694/8/2513 2788/8/2636 2692/8/2637 
f 2788/8/2636 2698/8/2638 2692/8/2637 
f 2788/8/2636 2789/8/2639 2698/8/2638 
f 2789/8/2639 2699/8/2640 2698/8/2638 
f 2789/8/2639 2790/8/2641 2699/8/2640 
f 2790/8/2641 2700/8/2642 2699/8/2640 
f 2790/8/2641 2791/8/2643 2700/8/2642 
f 2791/8/2643 2701/8/2644 2700/8/2642 
f 2792/8/2645 2701/8/2644 2791/8/2643 
f 2792/8/2645 2727/8/2646 2701/8/2644 
f 2793/8/2647 2727/8/2646 2792/8/2645 
f 2793/8/2647 2730/8/2648 2727/8/2646 
f 2794/8/2649 2730/8/2648 2793/8/2647 
f 2794/8/2649 2735/8/2650 2730/8/2648 
f 2795/8/2651 2735/8/2650 2794/8/2649 
f 2795/8/2651 2739/8/2652 2735/8/2650 
f 2796/8/2653 2739/8/2652 2795/8/2651 
f 2796/8/2653 2746/8/2654 2739/8/2652 
f 2797/8/2655 2746/8/2654 2796/8/2653 
f 2797/8/2655 2745/8/2656 2746/8/2654 
f 2798/8/2657 2745/8/2656 2797/8/2655 
f 2798/8/2657 2749/8/2658 2745/8/2656 
f 2799/8/2659 2749/8/2658 2798/8/2657 
f 2799/8/2659 2756/8/2660 2749/8/2658 
f 2758/8/2661 2757/8/2662 2800/8/2662 
f 2801/8/2629 2758/8/2661 2800/8/2662 
f 2479/8/2630 2758/8/2661 2801/8/2629 
f 2785/8/2631 2479/8/2630 2801/8/2629 
f 2757/8/2662 2756/8/2660 2799/8/2659 
f 2800/8/2662 2757/8/2662 2799/8/2659 
f 2226/8/2663 2227/8/2664 2230/8/2665 
f 2230/8/2665 2227/8/2664 2231/8/2666 
f 2227/8/2664 2228/8/2667 2231/8/2666 
f 2231/8/2666 2228/8/2667 2233/8/2668 
f 2228/8/2667 2229/8/2669 2233/8/2668 
f 2233/8/2668 2229/8/2669 2235/8/2670 
f 2515/8/2671 2514/8/2672 2518/8/2673 
f 2520/8/2674 2515/8/2671 2518/8/2673 
f 2516/8/2675 2515/8/2671 2520/8/2674 
f 2521/8/2676 2516/8/2675 2520/8/2674 
f 2517/8/2677 2516/8/2675 2521/8/2676 
f 2524/8/2678 2517/8/2677 2521/8/2676 
f 2237/8/1943 2232/8/1938 2802/8/2679 
f 2802/8/2679 2232/8/1938 2234/8/1940 
f 2802/8/2679 2234/8/1940 2803/8/2680 
f 2803/8/2680 2234/8/1940 2236/8/1942 
f 2803/8/2680 2236/8/1942 2804/8/2681 
f 2525/8/2295 2805/8/2682 2519/8/2289 
f 2805/8/2682 2522/8/2292 2519/8/2289 
f 2805/8/2682 2806/8/2683 2522/8/2292 
f 2806/8/2683 2523/8/2293 2522/8/2292 
f 2806/8/2683 2807/8/2684 2523/8/2293 
f 2616/8/2402 2808/8/2685 2612/8/2398 
f 2616/8/2402 2612/8/2398 2614/8/2400 
f 2616/8/2402 2617/8/2403 2618/8/2404 
f 2616/8/2402 2618/8/2404 2808/8/2685 
f 2808/8/2685 2608/8/2394 2609/8/2395 
f 2612/8/2398 2808/8/2685 2609/8/2395 
f 2808/8/2685 2529/8/2299 2608/8/2394 
f 2618/8/2404 2529/8/2299 2808/8/2685 
f 2410/8/2686 2409/8/2598 2425/8/2180 
f 2409/8/2598 2427/8/2182 2425/8/2180 
f 2713/8/2532 2696/8/2633 2697/8/2687 
f 2714/8/2533 2696/8/2633 2713/8/2532 
f 2410/8/2686 2425/8/2180 2423/8/2178 
f 2710/8/2529 2713/8/2532 2697/8/2687 
usemtl Material_25
f 2809/8/2688 2810/8/2688 2811/8/2689 
f 2812/8/2689 2809/8/2688 2811/8/2689 
f 2812/8/2689 2811/8/2689 2813/8/2689 
f 2814/8/2689 2812/8/2689 2813/8/2689 
f 2814/8/2689 2815/8/2688 2816/8/2688 
f 2814/8/2689 2813/8/2689 2815/8/2688 
f 2817/8/2688 2818/8/2688 2819/8/2689 
f 2820/8/2689 2817/8/2688 2819/8/2689 
f 2820/8/2689 2819/8/2689 2821/8/2690 
f 2820/8/2689 2821/8/2690 2822/8/2691 
f 2822/8/2691 2823/8/2692 2824/8/2692 
f 2822/8/2691 2821/8/2690 2823/8/2692 
f 2825/8/2693 2826/8/2694 2827/8/2694 
f 2825/8/2693 2828/8/2695 2826/8/2694 
f 2829/8/2696 2830/8/2696 2825/8/2693 
f 2825/8/2693 2830/8/2696 2828/8/2695 
f 2829/8/2696 2831/8/2697 2832/8/2698 
f 2829/8/2696 2832/8/2698 2830/8/2696 
f 2833/8/2690 2834/8/2699 2835/8/2699 
f 2833/8/2690 2836/8/2700 2834/8/2699 
f 2833/8/2690 2837/8/2701 2838/8/2701 
f 2833/8/2690 2838/8/2701 2836/8/2700 
f 2837/8/2701 2839/8/2702 2840/8/2703 
f 2837/8/2701 2840/8/2703 2838/8/2701 
f 2841/8/2688 2842/8/2704 2843/8/2688 
f 2844/8/2704 2842/8/2704 2841/8/2688 
f 2844/8/2704 2845/8/2704 2842/8/2704 
f 2846/8/2704 2845/8/2704 2844/8/2704 
f 2846/8/2704 2847/8/2688 2848/8/2688 
f 2846/8/2704 2848/8/2688 2845/8/2704 
f 2849/8/2688 2850/8/2704 2851/8/2688 
f 2852/8/2704 2850/8/2704 2849/8/2688 
f 2852/8/2704 2853/8/2705 2850/8/2704 
f 2852/8/2704 2854/8/2706 2853/8/2705 
f 2854/8/2706 2855/8/2707 2856/8/2707 
f 2854/8/2706 2856/8/2707 2853/8/2705 
f 2857/8/2699 2858/8/2708 2859/8/2708 
f 2857/8/2699 2859/8/2708 2860/8/2709 
f 2861/8/2710 2857/8/2699 2862/8/2710 
f 2857/8/2699 2860/8/2709 2862/8/2710 
f 2861/8/2710 2863/8/2711 2864/8/2712 
f 2861/8/2710 2862/8/2710 2863/8/2711 
f 2865/8/2705 2866/8/2693 2867/8/2693 
f 2865/8/2705 2867/8/2693 2868/8/2713 
f 2865/8/2705 2869/8/2714 2870/8/2714 
f 2865/8/2705 2868/8/2713 2869/8/2714 
f 2870/8/2714 2871/8/2715 2872/8/2716 
f 2870/8/2714 2869/8/2714 2871/8/2715 
f 2873/8/2717 2874/8/2718 2875/8/2718 
f 2873/8/2717 2875/8/2718 2876/8/2719 
f 2877/8/2720 2873/8/2717 2876/8/2719 
f 2877/8/2720 2878/8/2720 2873/8/2717 
f 2879/8/2721 2880/8/2722 2881/8/2722 
f 2882/8/2723 2880/8/2722 2879/8/2721 
f 2883/8/2724 2882/8/2723 2879/8/2721 
f 2883/8/2724 2879/8/2721 2884/8/2724 
f 2885/8/2725 2886/8/2726 2887/8/2727 
f 2886/8/2726 2888/8/2728 2887/8/2727 
f 2889/8/2729 2886/8/2726 2885/8/2725 
f 2889/8/2729 2885/8/2725 2890/8/2730 
f 2891/8/2731 2889/8/2729 2890/8/2730 
f 2891/8/2731 2890/8/2730 2892/8/2732 
usemtl Material_24
f 2831/8/2733 2893/8/2734 2894/8/2733 
f 2831/8/2733 2894/8/2733 2832/8/2735 
f 2893/8/2736 2895/8/2737 2896/8/2736 
f 2893/8/2736 2896/8/2736 2894/8/2738 
f 2897/8/2739 2898/8/2740 2839/8/2739 
f 2839/8/2739 2898/8/2740 2840/8/2740 
f 2897/8/2741 2899/8/2738 2900/8/2741 
f 2897/8/2741 2900/8/2741 2898/8/2742 
f 2864/8/2743 2901/8/2743 2902/8/2744 
f 2864/8/2743 2863/8/2745 2901/8/2743 
f 2902/8/2746 2903/8/2746 2904/8/2747 
f 2902/8/2746 2901/8/2748 2903/8/2746 
f 2872/8/2749 2905/8/2749 2906/8/2749 
f 2872/8/2749 2871/8/2750 2905/8/2749 
f 2906/8/2751 2907/8/2751 2908/8/2748 
f 2906/8/2751 2905/8/2752 2907/8/2751 
f 2909/8/2753 2910/8/2754 2911/8/2754 
f 2909/8/2753 2911/8/2754 2912/8/2753 
f 2913/8/2755 2909/8/2753 2912/8/2753 
f 2913/8/2755 2914/8/2755 2909/8/2753 
f 2915/8/2756 2916/8/2757 2917/8/2757 
f 2918/8/2756 2916/8/2757 2915/8/2756 
f 2919/8/2758 2918/8/2756 2915/8/2756 
f 2919/8/2758 2915/8/2756 2920/8/2758 
usemtl Material_26
f 2921/8/2759 2922/8/2759 2923/8/2759 
f 2924/8/2759 2922/8/2759 2921/8/2759 
f 2924/8/1896 2925/8/1896 2922/8/1896 
f 2924/8/1896 2926/8/1896 2925/8/1896 
f 2926/8/2760 2927/8/2760 2925/8/2760 
f 2928/8/2760 2927/8/2760 2926/8/2760 
f 2928/8/2761 2929/8/2761 2927/8/2761 
f 2930/8/2761 2929/8/2761 2928/8/2761 
f 2931/8/2762 2929/8/2762 2930/8/2762 
f 2931/8/2762 2930/8/2762 2932/8/2762 
f 2932/8/2763 2923/8/2763 2931/8/2763 
f 2921/8/2763 2923/8/2763 2932/8/2763 
f 2924/8/2764 2921/8/2765 2933/8/2766 
f 2924/8/2764 2933/8/2766 2926/8/2767 
f 2926/8/2767 2933/8/2766 2928/8/2768 
f 2933/8/2766 2930/8/2769 2928/8/2768 
f 2933/8/2766 2932/8/2770 2930/8/2769 
f 2921/8/2765 2932/8/2770 2933/8/2766 
f 2934/8/2771 2935/8/2771 2936/8/2771 
f 2934/8/2771 2936/8/2771 2937/8/2771 
f 2938/8/2771 2934/8/2771 2937/8/2771 
f 2938/8/2771 2937/8/2771 2939/8/2771 
f 2938/8/2771 2939/8/2771 2940/8/2771 
f 2940/8/2771 2939/8/2771 2941/8/2771 
f 2941/8/2771 2939/8/2771 2942/8/2771 
f 2939/8/2771 2943/8/2771 2942/8/2771 
f 2942/8/2771 2943/8/2771 2944/8/2771 
f 2943/8/2771 2945/8/2771 2944/8/2771 
f 2944/8/2771 2945/8/2771 2946/8/2771 
f 2945/8/2771 2947/8/2771 2948/8/2771 
f 2945/8/2771 2948/8/2771 2949/8/2771 
f 2945/8/2771 2949/8/2771 2946/8/2771 
f 2946/8/2771 2949/8/2771 2950/8/2771 
f 2946/8/2771 2950/8/2771 2951/8/2771 
f 2952/8/2772 2953/8/2772 2954/8/2772 
f 2953/8/2772 2955/8/2772 2954/8/2772 
f 2955/8/2772 2956/8/2772 2957/8/2772 
f 2955/8/2772 2957/8/2772 2958/8/2772 
f 2959/8/2772 2958/8/2772 2960/8/2772 
f 2958/8/2772 2961/8/2772 2960/8/2772 
f 2962/8/2772 2954/8/2772 2959/8/2772 
f 2962/8/2772 2959/8/2772 2963/8/2772 
f 2954/8/2772 2955/8/2772 2959/8/2772 
f 2959/8/2772 2955/8/2772 2958/8/2772 
f 2964/8/2773 2965/8/2773 2966/8/2773 
f 2966/8/2773 2965/8/2773 2967/8/2773 
f 2968/8/2774 2969/8/2774 2970/8/2774 
f 2971/8/2774 2968/8/2774 2970/8/2774 
f 2971/8/2774 2970/8/2774 2972/8/2774 
f 2970/8/2774 2973/8/2774 2974/8/2774 
f 2972/8/2774 2970/8/2774 2974/8/2774 
f 2975/8/2775 2976/8/2775 2977/8/2775 
f 2978/8/2776 2975/8/2775 2977/8/2775 
f 2979/8/2771 2980/8/2771 2981/8/2771 
f 2979/8/2771 2981/8/2771 2982/8/2771 
f 2979/8/2771 2982/8/2771 2983/8/2771 
f 2984/8/2771 2979/8/2771 2983/8/2771 
f 2984/8/2771 2983/8/2771 2985/8/2771 
f 2984/8/2771 2985/8/2771 2986/8/2771 
f 2985/8/2771 2987/8/2771 2988/8/2771 
f 2989/8/2771 2985/8/2771 2988/8/2771 
f 2990/8/2771 2986/8/2771 2989/8/2771 
f 2986/8/2771 2985/8/2771 2989/8/2771 
f 2991/8/2771 2989/8/2771 2992/8/2771 
f 2991/8/2771 2990/8/2771 2989/8/2771 
f 2993/8/2771 2992/8/2771 2994/8/2771 
f 2991/8/2771 2992/8/2771 2993/8/2771 
f 2994/8/2771 2995/8/2771 2996/8/2771 
f 2993/8/2771 2994/8/2771 2996/8/2771 
f 2997/8/2777 2998/8/2778 2999/8/2779 
f 3000/8/2780 2997/8/2777 2999/8/2779 
f 2999/8/2779 3001/8/2781 3002/8/2782 
f 2999/8/2779 3002/8/2782 3003/8/2783 
f 3004/8/2784 2999/8/2779 3003/8/2783 
f 3000/8/2780 2999/8/2779 3004/8/2784 
f 3005/8/2785 3002/8/2782 3006/8/2786 
f 3003/8/2783 3002/8/2782 3005/8/2785 
f 3007/8/2787 3008/8/2787 3009/8/2787 
f 3007/8/2787 3009/8/2787 3010/8/2787 
f 3011/8/2787 3007/8/2787 3012/8/2787 
f 3007/8/2787 3010/8/2787 3012/8/2787 
f 3013/8/2787 3009/8/2787 3014/8/2787 
f 3009/8/2787 3008/8/2787 3014/8/2787 
f 3015/8/2787 3013/8/2787 3014/8/2787 
f 3016/8/2787 3013/8/2787 3015/8/2787 
f 3012/8/2787 3013/8/2787 3016/8/2787 
f 3012/8/2787 3016/8/2787 3017/8/2787 
f 3011/8/2787 3012/8/2787 3017/8/2787 
f 3018/8/2788 3019/8/2788 3020/8/2788 
f 3018/8/2788 3020/8/2788 3021/8/2788 
f 3020/8/2788 3022/8/2788 3023/8/2788 
f 3021/8/2788 3020/8/2788 3023/8/2788 
f 3022/8/2788 3024/8/2788 3025/8/2788 
f 3026/8/2788 3024/8/2788 3022/8/2788 
f 3026/8/2788 3027/8/2788 3024/8/2788 
f 3024/8/2788 3028/8/2788 3029/8/2788 
f 3027/8/2788 3028/8/2788 3024/8/2788 
f 3028/8/2788 3030/8/2788 3029/8/2788 
f 3029/8/2788 3031/8/2788 3032/8/2788 
f 3029/8/2788 3030/8/2788 3031/8/2788 
f 3023/8/2788 3025/8/2788 3032/8/2788 
f 3023/8/2788 3032/8/2788 3031/8/2788 
f 3022/8/2788 3025/8/2788 3023/8/2788 
f 3033/8/2789 3034/8/2789 3035/8/2789 
f 3036/8/2789 3033/8/2789 3035/8/2789 
f 3035/8/2789 3037/8/2789 3038/8/2789 
f 3036/8/2789 3035/8/2789 3038/8/2789 
f 3037/8/2789 3039/8/2789 3040/8/2789 
f 3041/8/2789 3039/8/2789 3037/8/2789 
f 3041/8/2789 3042/8/2789 3039/8/2789 
f 3039/8/2789 3043/8/2789 3044/8/2789 
f 3042/8/2789 3043/8/2789 3039/8/2789 
f 3043/8/2789 3045/8/2789 3044/8/2789 
f 3044/8/2789 3046/8/2789 3047/8/2789 
f 3044/8/2789 3045/8/2789 3046/8/2789 
f 3038/8/2789 3040/8/2789 3047/8/2789 
f 3038/8/2789 3047/8/2789 3046/8/2789 
f 3037/8/2789 3040/8/2789 3038/8/2789 
f 3048/8/2790 3049/8/2790 3050/8/2790 
f 3051/8/2790 3049/8/2790 3048/8/2790 
f 3052/8/2790 3048/8/2790 3053/8/2790 
f 3052/8/2790 3051/8/2790 3048/8/2790 
f 3052/8/2790 3053/8/2790 3054/8/2790 
f 3054/8/2790 3053/8/2790 3055/8/2790 
f 3055/8/2790 3053/8/2790 3056/8/2790 
f 3055/8/2790 3056/8/2790 3057/8/2790 
f 3056/8/2790 3058/8/2790 3059/8/2790 
f 3056/8/2790 3059/8/2790 3057/8/2790 
f 3058/8/2790 3060/8/2790 3059/8/2790 
f 3061/8/2790 3060/8/2790 3058/8/2790 
f 3061/8/2790 3062/8/2790 3060/8/2790 
f 3063/8/2790 3062/8/2790 3061/8/2790 
f 3063/8/2790 3064/8/2790 3062/8/2790 
f 3065/8/2790 3063/8/2790 3066/8/2790 
f 3065/8/2790 3064/8/2790 3063/8/2790 
f 3067/8/2791 3068/8/2791 3069/8/2791 
f 3070/8/2791 3067/8/2791 3071/8/2791 
f 3070/8/2791 3072/8/2791 3067/8/2791 
f 3067/8/2791 3073/8/2791 3068/8/2791 
f 3072/8/2791 3073/8/2791 3067/8/2791 
f 3074/8/2791 3073/8/2791 3072/8/2791 
f 3075/8/2791 3074/8/2791 3072/8/2791 
f 3076/8/2791 3074/8/2791 3075/8/2791 
f 3077/8/2792 3078/8/2793 3079/8/2793 
f 3077/8/2792 3079/8/2793 3080/8/2792 
f 3081/8/2794 3082/8/2794 3083/8/2794 
f 3083/8/2794 3082/8/2794 3084/8/2794 
f 3085/8/2794 3086/8/2794 3082/8/2794 
f 3082/8/2794 3086/8/2794 3084/8/2794 
f 3085/8/2794 3087/8/2794 3086/8/2794 
f 3085/8/2794 3088/8/2794 3087/8/2794 
f 3089/8/2794 3088/8/2794 3085/8/2794 
f 3090/8/2794 3088/8/2794 3089/8/2794 
f 3091/8/2794 3089/8/2794 3092/8/2794 
f 3091/8/2794 3090/8/2794 3089/8/2794 
f 3093/8/2794 3091/8/2794 3092/8/2794 
f 3093/8/2794 3092/8/2794 3094/8/2794 
f 3093/8/2794 3094/8/2794 3095/8/2794 
f 3095/8/2794 3094/8/2794 3096/8/2794 
f 3095/8/2794 3096/8/2794 3097/8/2794 
f 3096/8/2794 3098/8/2794 3099/8/2794 
f 3097/8/2794 3096/8/2794 3099/8/2794 
f 3100/8/2795 3101/8/2795 3102/8/2795 
f 3101/8/2795 3103/8/2795 3104/8/2795 
f 3101/8/2795 3104/8/2795 3105/8/2795 
f 3102/8/2795 3101/8/2795 3106/8/2795 
f 3106/8/2795 3101/8/2795 3105/8/2795 
f 3106/8/2795 3105/8/2795 3107/8/2795 
f 3105/8/2795 3108/8/2795 3107/8/2795 
f 3107/8/2795 3108/8/2795 3109/8/2795 
f 3110/8/2796 3111/8/2796 3112/8/2797 
f 3111/8/2796 3113/8/2797 3112/8/2797 
usemtl Material_17
f 3114/8/2798 3115/8/2798 3116/8/2798 
f 3114/8/2798 3116/8/2798 3117/8/2798 
f 3118/8/2799 3114/8/2799 3117/8/2799 
f 3118/8/2799 3117/8/2799 3119/8/2799 
f 3120/8/2800 3118/8/2800 3119/8/2800 
f 3120/8/2800 3119/8/2800 3121/8/2800 
f 3121/8/2801 3122/8/2801 3120/8/2801 
f 3123/8/2801 3122/8/2801 3121/8/2801 
f 3123/8/2802 3124/8/2802 3122/8/2802 
f 3123/8/2802 3125/8/2802 3124/8/2802 
f 3125/8/2803 3115/8/2803 3124/8/2803 
f 3116/8/2803 3115/8/2803 3125/8/2803 
f 3126/8/2804 3115/8/2804 3114/8/2804 
f 3127/8/2805 3117/8/2805 3116/8/2805 
f 3126/8/2804 3114/8/2804 3118/8/2804 
f 3127/8/2805 3119/8/2805 3117/8/2805 
f 3120/8/2804 3126/8/2804 3118/8/2804 
f 3121/8/2805 3119/8/2805 3127/8/2805 
f 3122/8/2804 3126/8/2804 3120/8/2804 
f 3123/8/2805 3121/8/2805 3127/8/2805 
f 3122/8/2804 3124/8/2804 3126/8/2804 
f 3123/8/2805 3127/8/2805 3125/8/2805 
f 3124/8/2804 3115/8/2804 3126/8/2804 
f 3125/8/2805 3127/8/2805 3116/8/2805 
f 3128/8/2798 3129/8/2798 3130/8/2798 
f 3128/8/2798 3130/8/2798 3131/8/2798 
f 3132/8/2799 3128/8/2799 3131/8/2799 
f 3132/8/2799 3131/8/2799 3133/8/2799 
f 3134/8/2800 3132/8/2800 3133/8/2800 
f 3134/8/2800 3133/8/2800 3135/8/2800 
f 3135/8/2801 3136/8/2801 3134/8/2801 
f 3137/8/2801 3136/8/2801 3135/8/2801 
f 3137/8/2802 3138/8/2802 3136/8/2802 
f 3137/8/2802 3139/8/2802 3138/8/2802 
f 3139/8/2803 3129/8/2803 3138/8/2803 
f 3130/8/2803 3129/8/2803 3139/8/2803 
f 3140/8/2804 3129/8/2804 3128/8/2804 
f 3141/8/2805 3131/8/2805 3130/8/2805 
f 3140/8/2804 3128/8/2804 3132/8/2804 
f 3141/8/2805 3133/8/2805 3131/8/2805 
f 3134/8/2804 3140/8/2804 3132/8/2804 
f 3135/8/2805 3133/8/2805 3141/8/2805 
f 3136/8/2804 3140/8/2804 3134/8/2804 
f 3137/8/2805 3135/8/2805 3141/8/2805 
f 3136/8/2804 3138/8/2804 3140/8/2804 
f 3137/8/2805 3141/8/2805 3139/8/2805 
f 3138/8/2804 3129/8/2804 3140/8/2804 
f 3139/8/2805 3141/8/2805 3130/8/2805 
f 3142/8/2798 3143/8/2798 3144/8/2798 
f 3145/8/2798 3143/8/2798 3142/8/2798 
f 3146/8/2799 3145/8/2799 3142/8/2799 
f 3147/8/2799 3145/8/2799 3146/8/2799 
f 3148/8/2800 3147/8/2800 3146/8/2800 
f 3149/8/2800 3147/8/2800 3148/8/2800 
f 3150/8/2801 3149/8/2801 3148/8/2801 
f 3150/8/2801 3151/8/2801 3149/8/2801 
f 3150/8/2802 3152/8/2802 3151/8/2802 
f 3151/8/2802 3152/8/2802 3153/8/2802 
f 3144/8/2803 3153/8/2803 3152/8/2803 
f 3144/8/2803 3143/8/2803 3153/8/2803 
f 3154/8/2805 3142/8/2805 3144/8/2805 
f 3155/8/2804 3143/8/2804 3145/8/2804 
f 3154/8/2805 3146/8/2805 3142/8/2805 
f 3155/8/2804 3145/8/2804 3147/8/2804 
f 3148/8/2805 3146/8/2805 3154/8/2805 
f 3149/8/2804 3155/8/2804 3147/8/2804 
f 3150/8/2805 3148/8/2805 3154/8/2805 
f 3151/8/2804 3155/8/2804 3149/8/2804 
f 3150/8/2805 3154/8/2805 3152/8/2805 
f 3151/8/2804 3153/8/2804 3155/8/2804 
f 3152/8/2805 3154/8/2805 3144/8/2805 
f 3153/8/2804 3143/8/2804 3155/8/2804 
f 3156/8/2798 3157/8/2798 3158/8/2798 
f 3159/8/2798 3157/8/2798 3156/8/2798 
f 3160/8/2799 3159/8/2799 3156/8/2799 
f 3161/8/2799 3159/8/2799 3160/8/2799 
f 3162/8/2800 3161/8/2800 3160/8/2800 
f 3163/8/2800 3161/8/2800 3162/8/2800 
f 3164/8/2801 3163/8/2801 3162/8/2801 
f 3164/8/2801 3165/8/2801 3163/8/2801 
f 3164/8/2802 3166/8/2802 3165/8/2802 
f 3165/8/2802 3166/8/2802 3167/8/2802 
f 3158/8/2803 3167/8/2803 3166/8/2803 
f 3158/8/2803 3157/8/2803 3167/8/2803 
f 3168/8/2805 3156/8/2805 3158/8/2805 
f 3169/8/2804 3157/8/2804 3159/8/2804 
f 3168/8/2805 3160/8/2805 3156/8/2805 
f 3169/8/2804 3159/8/2804 3161/8/2804 
f 3162/8/2805 3160/8/2805 3168/8/2805 
f 3163/8/2804 3169/8/2804 3161/8/2804 
f 3164/8/2805 3162/8/2805 3168/8/2805 
f 3165/8/2804 3169/8/2804 3163/8/2804 
f 3164/8/2805 3168/8/2805 3166/8/2805 
f 3165/8/2804 3167/8/2804 3169/8/2804 
f 3166/8/2805 3168/8/2805 3158/8/2805 
f 3167/8/2804 3157/8/2804 3169/8/2804 
usemtl Material_16
f 3170/8/2806 3171/8/2806 3172/8/2806 
f 3172/8/2806 3171/8/2806 3173/8/2806 
f 3172/8/2807 3173/8/2807 3174/8/2807 
f 3173/8/2807 3175/8/2807 3174/8/2807 
f 3176/8/2808 3174/8/2808 3175/8/2808 
f 3176/8/2808 3175/8/2808 3177/8/2808 
f 3177/8/2809 3178/8/2809 3176/8/2809 
f 3179/8/2809 3178/8/2809 3177/8/2809 
f 3170/8/2810 3178/8/2810 3179/8/2810 
f 3170/8/2810 3179/8/2810 3171/8/2810 
f 3180/8/2811 3173/8/2811 3171/8/2811 
f 3180/8/2811 3181/8/2811 3173/8/2811 
f 3181/8/2812 3175/8/2812 3173/8/2812 
f 3182/8/2812 3175/8/2812 3181/8/2812 
f 3177/8/2804 3175/8/2804 3182/8/2804 
f 3183/8/2804 3177/8/2804 3182/8/2804 
f 3183/8/2813 3179/8/2813 3177/8/2813 
f 3184/8/2813 3179/8/2813 3183/8/2813 
f 3184/8/2814 3171/8/2814 3179/8/2814 
f 3184/8/2814 3180/8/2814 3171/8/2814 
f 3185/8/2815 3186/8/2816 3181/8/2817 
f 3187/8/2818 3182/8/2819 3186/8/2820 
f 3188/8/2821 3183/8/2822 3187/8/2823 
f 3189/8/2824 3184/8/2825 3188/8/2826 
f 3189/8/2827 3185/8/2828 3180/8/2829 
f 3190/8/2830 3186/8/2816 3185/8/2815 
f 3190/8/2830 3191/8/2830 3186/8/2816 
f 3191/8/2831 3187/8/2818 3186/8/2820 
f 3192/8/2831 3187/8/2818 3191/8/2831 
f 3188/8/2821 3187/8/2823 3192/8/2804 
f 3188/8/2821 3192/8/2804 3193/8/2804 
f 3193/8/2832 3189/8/2824 3188/8/2826 
f 3194/8/2832 3189/8/2824 3193/8/2832 
f 3194/8/2833 3185/8/2828 3189/8/2827 
f 3194/8/2833 3190/8/2833 3185/8/2828 
f 3170/8/2762 3172/8/2762 3195/8/2762 
f 3190/8/1896 3196/8/1896 3191/8/1896 
f 3172/8/2762 3174/8/2762 3195/8/2762 
f 3191/8/1896 3196/8/1896 3192/8/1896 
f 3195/8/2762 3174/8/2762 3176/8/2762 
f 3196/8/1896 3193/8/1896 3192/8/1896 
f 3178/8/2762 3195/8/2762 3176/8/2762 
f 3194/8/1896 3193/8/1896 3196/8/1896 
f 3170/8/2762 3195/8/2762 3178/8/2762 
f 3190/8/1896 3194/8/1896 3196/8/1896 
f 3197/8/2688 3198/8/2688 3199/8/2688 
f 3199/8/2688 3198/8/2688 3200/8/2688 
usemtl Material_5
f 3201/8/2834 3202/8/2835 3203/8/2836 
f 3204/8/2837 3202/8/2838 3201/8/2839 
f 3204/8/2840 3201/8/2840 3205/8/2840 
f 3206/8/2841 3204/8/2841 3205/8/2841 
f 3207/8/2842 3206/8/2842 3205/8/2842 
f 3206/8/2843 3207/8/2844 3208/8/2845 
f 3208/8/2846 3207/8/2846 3203/8/2846 
f 3203/8/2836 3202/8/2835 3208/8/2847 
f 3204/8/2837 3209/8/2848 3202/8/2838 
f 3204/8/2837 3210/8/2849 3209/8/2848 
f 3206/8/2850 3210/8/2851 3204/8/2852 
f 3206/8/2850 3211/8/2853 3210/8/2851 
f 3211/8/2854 3206/8/2843 3208/8/2845 
f 3211/8/2854 3208/8/2845 3212/8/2855 
f 3208/8/2856 3202/8/2857 3212/8/2858 
f 3202/8/2857 3209/8/2859 3212/8/2858 
f 3210/8/2849 3213/8/2860 3209/8/2848 
f 3214/8/2861 3213/8/2860 3210/8/2849 
f 3211/8/2853 3214/8/2862 3210/8/2851 
f 3211/8/2853 3215/8/2863 3214/8/2862 
f 3211/8/2854 3212/8/2855 3215/8/2864 
f 3215/8/2864 3212/8/2855 3216/8/2865 
f 3212/8/2858 3209/8/2859 3216/8/2866 
f 3209/8/2859 3213/8/2867 3216/8/2866 
f 3214/8/2861 3217/8/2868 3213/8/2860 
f 3218/8/2869 3217/8/2868 3214/8/2861 
f 3215/8/2863 3218/8/2870 3214/8/2862 
f 3215/8/2863 3219/8/2871 3218/8/2870 
f 3219/8/2872 3215/8/2864 3216/8/2865 
f 3219/8/2872 3216/8/2865 3220/8/2873 
f 3216/8/2866 3213/8/2867 3220/8/2874 
f 3213/8/2867 3217/8/2875 3220/8/2874 
f 3218/8/2876 3221/8/2877 3217/8/2878 
f 3222/8/2877 3221/8/2877 3218/8/2876 
f 3219/8/2871 3222/8/2879 3218/8/2870 
f 3219/8/2871 3223/8/2880 3222/8/2879 
f 3223/8/2881 3219/8/2882 3220/8/2883 
f 3223/8/2881 3220/8/2883 3224/8/2884 
f 3220/8/2874 3217/8/2875 3224/8/2885 
f 3217/8/2875 3221/8/2886 3224/8/2885 
f 3222/8/2877 3225/8/2887 3221/8/2877 
f 3222/8/2877 3226/8/2887 3225/8/2887 
f 3223/8/2880 3226/8/2888 3222/8/2879 
f 3223/8/2880 3227/8/2888 3226/8/2888 
f 3223/8/2881 3224/8/2884 3227/8/2889 
f 3227/8/2889 3224/8/2884 3228/8/2889 
f 3224/8/2885 3221/8/2886 3228/8/2890 
f 3221/8/2886 3225/8/2890 3228/8/2890 
f 3229/8/2891 3230/8/2891 3231/8/2892 
f 3230/8/2891 3232/8/2892 3231/8/2892 
f 3233/8/2893 3232/8/2894 3230/8/2893 
f 3233/8/2893 3234/8/2894 3232/8/2894 
f 3235/8/2895 3234/8/2896 3233/8/2895 
f 3235/8/2895 3236/8/2896 3234/8/2896 
f 3235/8/2897 3229/8/2897 3236/8/2898 
f 3229/8/2897 3231/8/2898 3236/8/2898 
f 3231/8/2892 3232/8/2892 3237/8/2899 
f 3232/8/2892 3238/8/2899 3237/8/2899 
f 3234/8/2894 3238/8/2900 3232/8/2894 
f 3234/8/2894 3239/8/2900 3238/8/2900 
f 3236/8/2896 3239/8/2901 3234/8/2896 
f 3236/8/2896 3240/8/2901 3239/8/2901 
f 3236/8/2898 3231/8/2898 3240/8/2902 
f 3231/8/2898 3237/8/2902 3240/8/2902 
f 3237/8/2899 3238/8/2899 3241/8/2903 
f 3238/8/2899 3242/8/2904 3241/8/2903 
f 3239/8/2900 3242/8/2905 3238/8/2900 
f 3239/8/2900 3243/8/2906 3242/8/2905 
f 3240/8/2901 3243/8/2907 3239/8/2901 
f 3240/8/2901 3244/8/2908 3243/8/2907 
f 3240/8/2902 3237/8/2902 3244/8/2909 
f 3237/8/2902 3241/8/2910 3244/8/2909 
f 3241/8/2903 3242/8/2904 3245/8/2911 
f 3242/8/2904 3246/8/2912 3245/8/2911 
f 3243/8/2906 3246/8/2913 3242/8/2905 
f 3243/8/2906 3247/8/2914 3246/8/2913 
f 3244/8/2908 3247/8/2915 3243/8/2907 
f 3244/8/2908 3248/8/2916 3247/8/2915 
f 3244/8/2909 3241/8/2910 3248/8/2917 
f 3241/8/2910 3245/8/2918 3248/8/2917 
f 3245/8/2911 3246/8/2912 3249/8/2919 
f 3250/8/2920 3249/8/2919 3246/8/2912 
f 3247/8/2914 3250/8/2921 3246/8/2913 
f 3251/8/2922 3250/8/2921 3247/8/2914 
f 3248/8/2916 3251/8/2923 3247/8/2915 
f 3251/8/2923 3248/8/2916 3252/8/2924 
f 3248/8/2917 3245/8/2918 3252/8/2925 
f 3252/8/2925 3245/8/2918 3249/8/2926 
f 3253/8/2927 3254/8/2928 3255/8/2929 
f 3255/8/2930 3254/8/2930 3256/8/2930 
f 3256/8/2931 3254/8/2931 3257/8/2931 
f 3258/8/2932 3256/8/2932 3257/8/2932 
f 3259/8/2933 3258/8/2933 3257/8/2933 
f 3259/8/2934 3260/8/2934 3258/8/2934 
f 3260/8/2935 3259/8/2935 3253/8/2935 
f 3260/8/2936 3253/8/2927 3255/8/2929 
f 3256/8/2937 3261/8/2938 3255/8/2939 
f 3256/8/2937 3262/8/2940 3261/8/2938 
f 3258/8/2941 3262/8/2941 3256/8/2941 
f 3263/8/2942 3262/8/2942 3258/8/2942 
f 3258/8/2943 3260/8/2944 3263/8/2945 
f 3260/8/2944 3264/8/2946 3263/8/2945 
f 3260/8/2947 3255/8/2947 3264/8/2947 
f 3264/8/2948 3255/8/2948 3261/8/2948 
f 3261/8/2949 3262/8/2949 3265/8/2950 
f 3262/8/2949 3266/8/2951 3265/8/2950 
f 3263/8/2952 3266/8/2953 3262/8/2952 
f 3263/8/2952 3267/8/2954 3266/8/2953 
f 3264/8/2955 3267/8/2956 3263/8/2955 
f 3264/8/2955 3268/8/2957 3267/8/2956 
f 3264/8/2958 3261/8/2958 3268/8/2959 
f 3268/8/2959 3261/8/2958 3265/8/2960 
f 3265/8/2950 3266/8/2951 3269/8/2961 
f 3266/8/2951 3270/8/2962 3269/8/2961 
f 3267/8/2954 3270/8/2963 3266/8/2953 
f 3271/8/2964 3270/8/2963 3267/8/2954 
f 3268/8/2957 3271/8/2965 3267/8/2956 
f 3268/8/2957 3272/8/2966 3271/8/2965 
f 3272/8/2967 3268/8/2959 3265/8/2960 
f 3272/8/2967 3265/8/2960 3269/8/2968 
f 3269/8/2969 3270/8/2970 3273/8/2971 
f 3270/8/2970 3274/8/2972 3273/8/2971 
f 3274/8/2973 3270/8/2963 3271/8/2964 
f 3275/8/2974 3274/8/2973 3271/8/2964 
f 3272/8/2975 3275/8/2976 3271/8/2977 
f 3272/8/2975 3276/8/2978 3275/8/2976 
f 3276/8/2979 3272/8/2967 3269/8/2968 
f 3276/8/2979 3269/8/2968 3273/8/2980 
f 3273/8/2971 3274/8/2972 3277/8/2981 
f 3274/8/2972 3278/8/2981 3277/8/2981 
f 3275/8/2974 3278/8/2982 3274/8/2973 
f 3275/8/2974 3279/8/2982 3278/8/2982 
f 3276/8/2978 3279/8/2983 3275/8/2976 
f 3276/8/2978 3280/8/2983 3279/8/2983 
f 3280/8/2984 3276/8/2979 3273/8/2980 
f 3280/8/2984 3273/8/2980 3277/8/2984 
f 3281/8/2985 3282/8/2985 3283/8/2986 
f 3282/8/2985 3284/8/2987 3283/8/2986 
f 3285/8/2988 3284/8/2989 3282/8/2988 
f 3286/8/2990 3284/8/2989 3285/8/2988 
f 3287/8/2991 3286/8/2992 3285/8/2991 
f 3287/8/2991 3288/8/2993 3286/8/2992 
f 3288/8/2994 3287/8/2995 3281/8/2995 
f 3288/8/2994 3281/8/2995 3283/8/2996 
f 3283/8/2986 3284/8/2987 3289/8/2997 
f 3284/8/2987 3290/8/2998 3289/8/2997 
f 3286/8/2990 3290/8/2999 3284/8/2989 
f 3291/8/3000 3290/8/2999 3286/8/2990 
f 3288/8/2993 3291/8/3001 3286/8/2992 
f 3288/8/2993 3292/8/3002 3291/8/3001 
f 3292/8/3003 3288/8/2994 3283/8/2996 
f 3292/8/3003 3283/8/2996 3289/8/3004 
f 3289/8/2997 3290/8/2998 3293/8/3005 
f 3290/8/2998 3294/8/3006 3293/8/3005 
f 3291/8/3000 3294/8/3007 3290/8/2999 
f 3295/8/3008 3294/8/3007 3291/8/3000 
f 3292/8/3002 3295/8/3009 3291/8/3001 
f 3292/8/3002 3296/8/3010 3295/8/3009 
f 3296/8/3011 3292/8/3003 3289/8/3004 
f 3296/8/3011 3289/8/3004 3293/8/3012 
f 3293/8/3005 3294/8/3006 3297/8/3013 
f 3294/8/3006 3298/8/3014 3297/8/3013 
f 3295/8/3008 3298/8/3015 3294/8/3007 
f 3299/8/3016 3298/8/3015 3295/8/3008 
f 3296/8/3010 3299/8/3017 3295/8/3009 
f 3296/8/3010 3300/8/3018 3299/8/3017 
f 3300/8/3019 3296/8/3011 3293/8/3012 
f 3300/8/3019 3293/8/3012 3297/8/3020 
f 3297/8/3013 3298/8/3014 3301/8/3021 
f 3298/8/3014 3302/8/3022 3301/8/3021 
f 3299/8/3016 3302/8/3023 3298/8/3015 
f 3303/8/3024 3302/8/3023 3299/8/3016 
f 3300/8/3018 3303/8/3025 3299/8/3017 
f 3300/8/3018 3304/8/3026 3303/8/3025 
f 3304/8/3027 3300/8/3019 3297/8/3020 
f 3304/8/3027 3297/8/3020 3301/8/3028 
f 3305/8/3029 3306/8/3029 3307/8/3029 
f 3308/8/3029 3305/8/3029 3307/8/3029 
f 3307/8/3030 3309/8/3030 3310/8/3030 
f 3307/8/3030 3306/8/3030 3309/8/3030 
f 3311/8/2804 3309/8/2804 3306/8/2804 
f 3311/8/2804 3306/8/2804 3305/8/2804 
f 3312/8/3031 3311/8/3031 3305/8/3031 
f 3312/8/3031 3305/8/3031 3308/8/3031 
f 3312/8/3032 3308/8/3032 3310/8/3032 
f 3308/8/3032 3307/8/3032 3310/8/3032 
f 3311/8/3033 3310/8/3033 3309/8/3033 
f 3312/8/3033 3310/8/3033 3311/8/3033 
f 2432/8/2187 3313/8/3034 2434/8/2189 
f 2432/8/2187 3314/8/3035 3313/8/3034 
f 2417/8/2172 3314/8/3035 2432/8/2187 
f 2417/8/2172 3315/8/3036 3314/8/3035 
f 2417/8/2172 3316/8/3037 3315/8/3036 
f 2420/8/2175 3316/8/3037 2417/8/2172 
f 2420/8/2175 3317/8/3038 3316/8/3037 
f 2422/8/2177 3317/8/3038 2420/8/2175 
f 2422/8/2177 3318/8/3039 3317/8/3038 
f 2424/8/2179 3318/8/3039 2422/8/2177 
f 2424/8/2179 3319/8/3040 3318/8/3039 
f 2424/8/2179 3320/8/3041 3319/8/3040 
f 2424/8/2179 2426/8/2181 3320/8/3041 
f 2426/8/2181 3321/8/3042 3320/8/3041 
f 2426/8/2181 2430/8/2185 3321/8/3042 
f 3321/8/3042 2430/8/2185 3322/8/3043 
f 2430/8/2185 2435/8/2190 3322/8/3043 
f 3322/8/3043 2435/8/2190 3323/8/3044 
f 2434/8/2189 3313/8/3034 2719/8/2538 
f 3313/8/3034 3324/8/3045 2719/8/2538 
f 3324/8/3045 2702/8/2521 2719/8/2538 
f 3324/8/3045 3325/8/3046 2702/8/2521 
f 3325/8/3046 3326/8/3047 2702/8/2521 
f 3326/8/3047 2707/8/2526 2702/8/2521 
f 3326/8/3047 3327/8/3048 2707/8/2526 
f 3327/8/3048 2709/8/2528 2707/8/2526 
f 3327/8/3048 3328/8/3049 2709/8/2528 
f 3328/8/3049 2711/8/2530 2709/8/2528 
f 3329/8/3050 2711/8/2530 3328/8/3049 
f 3330/8/3051 2711/8/2530 3329/8/3050 
f 3330/8/3051 2712/8/2531 2711/8/2530 
f 3331/8/3052 2712/8/2531 3330/8/3051 
f 2716/8/2535 2712/8/2531 3331/8/3052 
f 3332/8/3053 2716/8/2535 3331/8/3052 
f 2435/8/2190 2716/8/2535 3332/8/3053 
f 3323/8/3044 2435/8/2190 3332/8/3053 
f 2369/8/3054 3333/8/3055 3334/8/3056 
f 3334/8/3056 3333/8/3055 3335/8/3057 
f 3335/8/3057 3336/8/3058 3337/8/3059 
f 3336/8/3058 3338/8/3060 3337/8/3059 
f 3336/8/3058 2437/8/3061 3338/8/3060 
f 2437/8/3061 3339/8/3062 3338/8/3060 
f 2437/8/2192 2438/8/2193 3339/8/3063 
f 3339/8/3064 2438/8/2193 3340/8/3065 
f 3340/8/3065 2438/8/2193 2439/8/2194 
f 3340/8/3065 2439/8/2194 3341/8/3066 
f 2439/8/2194 2440/8/2195 3341/8/3066 
f 3341/8/3066 2440/8/2195 3342/8/3067 
f 2369/8/3068 3334/8/3068 3343/8/3068 
f 2369/8/3069 3343/8/3069 3344/8/3069 
f 3343/8/3070 3345/8/3070 3344/8/3070 
f 3343/8/3071 3346/8/3072 3345/8/3073 
f 3345/8/3073 3346/8/3072 3347/8/3074 
f 3346/8/3072 3348/8/3075 3347/8/3074 
f 3347/8/3074 3348/8/3075 3349/8/3076 
f 3350/8/3077 3349/8/3076 3348/8/3075 
f 3350/8/3077 3351/8/3078 3349/8/3076 
f 3352/8/3078 3351/8/3078 3350/8/3077 
f 3333/8/3055 3336/8/3058 3335/8/3057 
f 3353/8/3079 2656/8/3080 3354/8/3081 
f 3355/8/3082 3353/8/3079 3354/8/3081 
f 3356/8/3083 3357/8/3084 3355/8/3082 
f 3358/8/3085 3357/8/3084 3356/8/3083 
f 3358/8/3085 2720/8/3086 3357/8/3084 
f 3359/8/3087 2720/8/3086 3358/8/3085 
f 2721/8/2540 2720/8/2539 3359/8/3088 
f 2721/8/2540 3359/8/3089 3360/8/3090 
f 2722/8/2541 2721/8/2540 3360/8/3090 
f 3361/8/3091 2722/8/2541 3360/8/3090 
f 2440/8/2195 2722/8/2541 3361/8/3091 
f 3342/8/3067 2440/8/2195 3361/8/3091 
f 3362/8/3092 3354/8/3092 2656/8/3092 
f 2656/8/3093 3363/8/3093 3362/8/3093 
f 3362/8/3094 3363/8/3094 3364/8/3094 
f 3365/8/3095 3362/8/3096 3364/8/3097 
f 3366/8/3098 3365/8/3095 3364/8/3097 
f 3367/8/3099 3365/8/3095 3366/8/3098 
f 3368/8/3100 3367/8/3099 3366/8/3098 
f 3369/8/3101 3367/8/3099 3368/8/3100 
f 3369/8/3101 3368/8/3100 3351/8/3078 
f 3352/8/3078 3369/8/3101 3351/8/3078 
f 3357/8/3084 3353/8/3079 3355/8/3082 
f 3370/8/3102 3351/8/3103 3371/8/3104 
f 3370/8/3102 3349/8/3105 3351/8/3103 
f 3347/8/3106 3349/8/3105 3370/8/3102 
f 3372/8/3107 3347/8/3106 3370/8/3102 
f 3345/8/3108 3347/8/3106 3372/8/3107 
f 3373/8/3109 3345/8/3108 3372/8/3107 
f 3344/8/3110 3345/8/3108 3373/8/3109 
f 2385/8/3111 3344/8/3110 3373/8/3109 
f 2369/8/3112 3344/8/3110 2385/8/3111 
f 3351/8/3103 3374/8/3113 3371/8/3104 
f 3351/8/3103 3368/8/3114 3374/8/3113 
f 3368/8/3114 3366/8/3115 3374/8/3113 
f 3374/8/3113 3366/8/3115 3375/8/3116 
f 3366/8/3115 3364/8/3117 3375/8/3116 
f 3375/8/3116 3364/8/3117 3376/8/3118 
f 3364/8/3117 3363/8/3119 3376/8/3118 
f 3376/8/3118 3363/8/3119 2672/8/3120 
f 3363/8/3119 2656/8/3121 2672/8/3120 
# 0 polygons - 2016 triangles

#
# object taillights_001
#

v  -0.5223 0.8912 -2.4227
v  -0.5723 0.8412 -2.4227
v  -0.5223 0.8412 -2.3727
v  -0.5223 0.7912 -2.4227
v  -0.4723 0.8412 -2.4227
v  -0.5223 0.8412 -2.4727
# 6 vertices

vn -0.5773 0.5774 0.5774
vn -0.5773 -0.5774 0.5774
vn 0.5773 -0.5774 0.5774
vn 0.5773 0.5774 0.5774
vn -0.5773 0.5774 -0.5774
vn -0.5773 -0.5774 -0.5774
vn 0.5773 -0.5774 -0.5774
vn 0.5773 0.5774 -0.5774
# 8 vertex normals

vt 0.0000 0.0000 0.0000
# 1 texture coords

g taillights_001
usemtl Material_1
s off
f 3377/9/3122 3378/9/3122 3379/9/3122 
f 3378/9/3123 3380/9/3123 3379/9/3123 
f 3379/9/3124 3380/9/3124 3381/9/3124 
f 3377/9/3125 3379/9/3125 3381/9/3125 
f 3377/9/3126 3382/9/3126 3378/9/3126 
f 3382/9/3127 3380/9/3127 3378/9/3127 
f 3381/9/3128 3380/9/3128 3382/9/3128 
f 3377/9/3129 3381/9/3129 3382/9/3129 
# 0 polygons - 8 triangles

#
# object engine_001
#

v  0.0000 0.8983 0.9886
v  0.0000 0.3951 1.0182
v  0.2977 0.3951 1.0093
v  0.2867 0.8983 0.9688
v  0.5193 0.3951 0.9681
v  0.4963 0.8983 0.9372
v  0.6829 0.3951 0.9433
v  0.6777 0.8983 0.8888
v  0.8397 0.8983 0.7795
v  0.5982 0.8967 1.0915
v  0.5165 0.3984 1.0964
v  0.5648 0.8942 1.1485
v  0.4619 0.3984 1.2042
v  0.5259 0.8809 1.2443
v  0.4417 0.3984 1.2832
v  0.4969 0.8716 1.3371
v  0.4161 0.3984 1.3924
v  0.4783 0.8626 1.4365
v  0.4059 0.3984 1.5045
v  0.4719 0.8576 1.5315
v  0.4141 0.3984 1.6410
v  0.4801 0.8444 1.6461
v  0.4507 0.3984 1.7368
v  0.5087 0.8354 1.7268
v  0.4956 0.3984 1.8122
v  0.5594 0.8258 1.7980
v  0.4915 0.3984 1.8427
v  0.5556 0.8171 1.8420
v  0.4915 0.3984 1.8815
v  0.5591 0.8085 1.8851
v  0.5078 0.3984 1.9650
v  0.8032 0.7807 2.0442
v  0.4146 0.3984 1.9824
v  0.6861 0.7894 2.0595
v  0.4470 0.7950 2.0711
v  -0.2977 0.3951 1.0093
v  -0.2867 0.8983 0.9688
v  -0.5193 0.3951 0.9681
v  -0.4963 0.8983 0.9372
v  -0.6829 0.3951 0.9433
v  -0.6777 0.8983 0.8888
v  -0.8397 0.8983 0.7795
v  -0.5982 0.8967 1.0915
v  -0.5648 0.8942 1.1485
v  -0.5165 0.3984 1.0964
v  -0.4619 0.3984 1.2042
v  -0.5259 0.8809 1.2443
v  -0.4417 0.3984 1.2832
v  -0.4969 0.8716 1.3371
v  -0.4161 0.3984 1.3924
v  -0.4783 0.8626 1.4365
v  -0.4059 0.3984 1.5045
v  -0.4719 0.8576 1.5315
v  -0.4141 0.3984 1.6410
v  -0.4801 0.8444 1.6461
v  -0.4507 0.3984 1.7368
v  -0.5087 0.8354 1.7268
v  -0.4956 0.3984 1.8122
v  -0.5594 0.8258 1.7980
v  -0.4915 0.3984 1.8427
v  -0.5556 0.8171 1.8420
v  -0.4915 0.3984 1.8815
v  -0.5591 0.8085 1.8851
v  -0.5078 0.3984 1.9650
v  -0.8032 0.7807 2.0442
v  -0.4146 0.3984 1.9824
v  -0.6861 0.7894 2.0595
v  -0.4470 0.7950 2.0711
v  0.0000 1.0277 0.9317
v  0.2839 1.0237 0.9209
v  0.4974 1.0134 0.8955
v  0.6759 1.0084 0.8646
v  0.8829 0.9900 0.7560
v  0.8942 0.9852 0.7874
v  0.8929 0.9598 1.1023
v  0.8929 0.9549 1.1600
v  0.8926 0.9363 1.2989
v  0.8924 0.9265 1.3763
v  0.8915 0.9148 1.4609
v  0.8904 0.8985 1.5579
v  0.8877 0.8810 1.6705
v  0.8845 0.8664 1.7515
v  0.8818 0.8532 1.8170
v  0.8792 0.8436 1.8657
v  0.8759 0.8317 1.9100
v  0.8679 0.8038 2.0461
v  0.6844 0.8183 2.0683
v  0.4975 0.8240 2.0808
v  0.4434 0.7440 2.2434
v  0.5030 0.7750 2.2487
v  0.4458 0.6999 2.3796
v  0.4993 0.7178 2.4164
v  0.2868 0.6999 2.4146
v  0.2828 0.7187 2.4415
v  -0.0000 0.6999 2.4227
v  0.0000 0.7193 2.4505
v  -0.2839 1.0237 0.9209
v  -0.4974 1.0134 0.8955
v  -0.6759 1.0084 0.8646
v  -0.8829 0.9900 0.7560
v  -0.8942 0.9852 0.7874
v  -0.8929 0.9598 1.1023
v  -0.8929 0.9549 1.1600
v  -0.8926 0.9363 1.2989
v  -0.8924 0.9265 1.3763
v  -0.8915 0.9148 1.4609
v  -0.8904 0.8985 1.5579
v  -0.8877 0.8810 1.6705
v  -0.8845 0.8664 1.7515
v  -0.8818 0.8532 1.8170
v  -0.8792 0.8436 1.8657
v  -0.8759 0.8317 1.9100
v  -0.8679 0.8038 2.0461
v  -0.6844 0.8183 2.0683
v  -0.4975 0.8240 2.0808
v  -0.4434 0.7440 2.2434
v  -0.5030 0.7750 2.2487
v  -0.4458 0.6999 2.3796
v  -0.4993 0.7178 2.4164
v  -0.2868 0.6999 2.4146
v  -0.2828 0.7187 2.4415
v  0.4895 0.7984 2.0695
v  -0.4855 0.7844 2.1161
v  0.4895 0.7844 2.1154
v  -0.4883 0.7984 2.0693
v  0.8192 0.8591 1.4702
v  0.8126 0.9188 1.4756
v  0.7804 0.8461 1.5664
v  0.7738 0.9057 1.5718
v  0.6848 0.8319 1.6062
v  0.6782 0.8916 1.6116
v  0.5884 0.8249 1.5664
v  0.5818 0.8845 1.5718
v  0.5476 0.8291 1.4702
v  0.5411 0.8888 1.4756
v  0.5865 0.8422 1.3739
v  0.5799 0.9018 1.3794
v  0.6821 0.8563 1.3341
v  0.6755 0.9160 1.3395
v  0.7785 0.8634 1.3739
v  0.7719 0.9230 1.3794
v  0.6768 0.9038 1.4756
v  -0.8192 0.8591 1.4702
v  -0.7804 0.8461 1.5664
v  -0.8126 0.9188 1.4756
v  -0.7738 0.9057 1.5718
v  -0.6848 0.8319 1.6062
v  -0.6782 0.8916 1.6116
v  -0.5884 0.8249 1.5664
v  -0.5818 0.8845 1.5718
v  -0.5476 0.8291 1.4702
v  -0.5411 0.8888 1.4756
v  -0.5865 0.8422 1.3739
v  -0.5799 0.9018 1.3794
v  -0.6821 0.8563 1.3341
v  -0.6755 0.9160 1.3395
v  -0.7785 0.8634 1.3739
v  -0.7719 0.9230 1.3794
v  -0.6768 0.9038 1.4756
v  -0.3413 0.7994 1.7082
v  -0.3413 0.8691 1.7230
v  -0.3413 0.7331 2.0191
v  -0.3413 0.8028 2.0340
v  -0.7416 0.8704 1.7166
v  -0.7416 0.8042 2.0275
v  -0.7416 0.8008 1.7017
v  -0.7416 0.7345 2.0127
v  -0.3864 0.8248 1.9808
v  -0.3864 0.7774 1.9711
v  0.0236 0.7905 1.9629
v  0.0239 0.8388 1.9660
v  -0.3864 0.8662 1.7911
v  0.2008 0.8531 1.7757
v  -0.3864 0.8187 1.7813
v  0.2005 0.8047 1.7726
v  0.0937 0.7924 2.1077
v  0.0941 0.8258 2.0962
v  0.3172 0.8267 2.0961
v  0.3168 0.7933 2.1076
v  0.4424 0.7228 1.6758
v  0.4424 0.8779 1.6976
v  0.5932 0.6832 1.9564
v  0.5932 0.8384 1.9782
v  0.2703 0.8660 1.7821
v  0.4211 0.8265 2.0627
v  0.2703 0.7109 1.7602
v  0.4211 0.6713 2.0408
v  0.4151 0.2480 1.8879
v  -0.4432 0.2429 1.9402
v  -0.4432 0.2480 1.8899
v  0.4151 0.2429 1.9383
v  0.4089 0.7369 1.9772
v  0.4089 0.7297 2.0262
v  -0.4494 0.7369 1.9792
v  -0.4494 0.7297 2.0282
v  0.3408 0.5679 1.6367
v  0.2338 0.7890 1.7344
v  0.3333 0.5527 1.6914
v  0.2414 0.7972 1.6797
v  -0.0063 0.8869 1.7522
v  0.0012 0.8968 1.6958
v  -0.2465 0.7890 1.7344
v  -0.2390 0.7972 1.6797
v  -0.3460 0.5527 1.6914
v  -0.3385 0.5679 1.6367
v  -0.2465 0.3164 1.6484
v  -0.2390 0.3316 1.5937
v  -0.0063 0.2185 1.6305
v  0.0012 0.2337 1.5759
v  0.2338 0.3164 1.6484
v  0.2414 0.3316 1.5937
v  0.2073 0.7294 2.0443
v  -0.2246 0.7294 2.0462
v  -0.1783 0.8731 1.4973
v  -0.3242 0.7453 1.4973
v  -0.2516 0.3449 1.4973
v  0.1400 0.3481 1.4973
v  0.2472 0.4964 1.4973
v  0.3903 0.6270 1.4973
v  0.3580 0.7696 1.4973
v  0.2639 0.8730 1.4973
v  -0.0039 0.7656 1.4593
v  -0.0575 0.8584 1.5403
v  -0.0039 0.7656 1.5403
v  -0.0575 0.8584 1.4593
v  -0.1647 0.8584 1.5403
v  -0.1647 0.8584 1.4593
v  -0.2183 0.7656 1.5403
v  -0.2183 0.7656 1.4593
v  -0.1647 0.6727 1.5403
v  -0.1647 0.6727 1.4593
v  -0.0575 0.6727 1.5403
v  -0.0575 0.6727 1.4593
v  -0.1111 0.7656 1.5752
v  0.2679 0.8935 1.0639
v  -0.2167 0.8886 1.4057
v  -0.2167 0.8935 1.0639
v  0.2679 0.8886 1.4057
v  0.2679 0.9645 1.0639
v  0.2679 0.9596 1.4057
v  -0.2167 0.9645 1.0639
v  -0.2167 0.9596 1.4057
v  -0.2131 0.7955 1.3652
v  -0.3075 0.8383 1.3652
v  -0.2287 0.7795 1.3960
v  -0.3298 0.8378 1.3960
v  -0.2539 0.7536 1.3842
v  -0.3659 0.8371 1.3842
v  -0.2539 0.7536 1.3462
v  -0.3659 0.8371 1.3462
v  -0.2287 0.7795 1.3345
v  -0.3298 0.8378 1.3345
v  -0.2976 0.8937 1.3652
v  -0.3151 0.9076 1.3960
v  -0.3434 0.9300 1.3842
v  -0.3434 0.9300 1.3462
v  -0.3151 0.9076 1.3345
v  -0.2114 0.8944 1.3676
v  -0.2114 0.9167 1.3983
v  -0.2114 0.9529 1.3866
v  -0.2114 0.9529 1.3486
v  -0.2114 0.9167 1.3368
v  -0.3758 0.7676 1.5368
v  -0.3510 0.7284 2.0129
v  -0.3268 0.6950 2.0129
v  -0.3769 0.8088 1.5368
v  -0.3902 0.7156 2.0129
v  -0.4165 0.8205 1.5368
v  -0.3902 0.6744 2.0129
v  -0.4397 0.7864 1.5368
v  -0.3510 0.6617 2.0129
v  -0.4146 0.7538 1.5368
v  -0.3759 0.7677 1.5087
v  -0.3731 0.8062 1.4942
v  -0.4062 0.8134 1.4708
v  -0.4295 0.7794 1.4708
v  -0.4107 0.7511 1.4942
v  -0.2796 0.7446 1.4691
v  -0.2658 0.7755 1.4457
v  -0.2810 0.7704 1.4077
v  -0.3043 0.7364 1.4077
v  -0.3034 0.7204 1.4457
v  -0.3682 0.7655 1.2365
v  -0.4684 0.6361 1.2828
v  -0.4362 0.6265 1.2365
v  -0.3866 0.7936 1.2828
v  -0.5206 0.6518 1.2651
v  -0.4164 0.8392 1.2651
v  -0.5206 0.6518 1.2079
v  -0.4164 0.8392 1.2079
v  -0.4684 0.6361 1.1902
v  -0.3866 0.7936 1.1902
v  -0.1926 0.7683 1.1990
v  -0.1926 0.8020 1.2454
v  -0.1926 0.8564 1.2277
v  -0.1926 0.8564 1.1704
v  -0.1926 0.8020 1.1527
v  0.4294 0.6916 1.3839
v  0.3654 0.6922 1.3563
v  0.3654 0.6783 1.3371
v  0.4294 0.7056 1.4031
v  0.3654 0.7148 1.3490
v  0.4294 0.7282 1.3958
v  0.3654 0.7148 1.3252
v  0.4294 0.7282 1.3720
v  0.3654 0.6922 1.3179
v  0.4294 0.7056 1.3647
v  0.5320 0.6783 1.5203
v  0.5320 0.6922 1.5395
v  0.5320 0.7148 1.5322
v  0.5320 0.7148 1.5084
v  0.5320 0.6922 1.5011
v  0.4421 0.7884 1.2740
v  0.2599 0.8023 1.2644
v  0.2599 0.7884 1.2452
v  0.4421 0.8023 1.2933
v  0.2599 0.8249 1.2570
v  0.4421 0.8249 1.2859
v  0.2599 0.8249 1.2333
v  0.4421 0.8249 1.2621
v  0.2599 0.8023 1.2259
v  0.4421 0.8023 1.2548
v  0.6960 0.7884 1.2490
v  0.6960 0.8023 1.2683
v  0.6960 0.8249 1.2609
v  0.6960 0.8249 1.2372
v  0.6960 0.8023 1.2298
v  0.3446 0.6034 1.5614
v  0.2334 0.6174 1.4894
v  0.2334 0.6034 1.4701
v  0.3446 0.6174 1.5806
v  0.2334 0.6400 1.4820
v  0.3446 0.6400 1.5733
v  0.2334 0.6400 1.4583
v  0.3446 0.6400 1.5495
v  0.2334 0.6174 1.4509
v  0.3446 0.6174 1.5422
v  0.5131 0.6034 1.6838
v  0.5131 0.6174 1.7030
v  0.5131 0.6400 1.6956
v  0.5131 0.6400 1.6719
v  0.5131 0.6174 1.6645
v  0.6178 0.7594 1.2167
v  0.3081 0.8297 0.9894
v  0.2974 0.7594 1.2662
v  0.6113 0.8297 0.9270
v  -0.2516 0.3460 1.0068
v  -0.3242 0.7463 1.0068
v  -0.1783 0.8741 1.0068
v  0.2639 0.8740 1.0068
v  0.3580 0.7706 1.0068
v  0.3903 0.6281 1.0068
v  0.2472 0.4975 1.0068
v  0.1400 0.3491 1.0068
# 354 vertices

vn -0.0000 0.2400 0.9708
vn 0.0000 0.0588 0.9983
vn 0.1133 0.0747 0.9907
vn 0.1022 0.2202 0.9701
vn 0.1614 0.0729 0.9842
vn 0.1920 0.2088 0.9589
vn 0.2486 0.0808 0.9652
vn 0.3953 0.1645 0.9037
vn 0.5143 0.0699 0.8548
vn -0.8098 0.0965 -0.5788
vn -0.7962 0.1211 -0.5928
vn -0.8890 0.1426 -0.4350
vn -0.9282 0.1422 -0.3438
vn -0.9364 0.1479 -0.3182
vn -0.9606 0.1428 -0.2384
vn -0.9623 0.1443 -0.2304
vn -0.9775 0.1403 -0.1576
vn -0.9825 0.1460 -0.1160
vn -0.9900 0.1404 -0.0159
vn -0.9894 0.1450 0.0102
vn -0.9685 0.1379 0.2073
vn -0.9670 0.1397 0.2128
vn -0.8935 0.1293 0.4299
vn -0.8778 0.1351 0.4595
vn -0.8466 0.1265 0.5170
vn -0.7985 0.1385 0.5859
vn -0.9869 0.1506 -0.0578
vn -0.9812 0.1421 -0.1308
vn -0.9871 0.1474 -0.0626
vn -0.9877 0.1555 0.0157
vn -0.9830 0.1557 0.0972
vn -0.9797 0.1605 0.1199
vn -0.9691 0.1581 0.1891
vn -0.5139 0.2256 0.8276
vn -0.1015 0.3271 -0.9395
vn -0.1735 0.3265 -0.9291
vn -0.1211 0.2840 -0.9511
vn -0.0766 0.2697 -0.9599
vn -0.7900 0.0473 -0.6112
vn -0.7192 0.0825 -0.6899
vn -0.0435 0.2614 -0.9643
vn -0.1133 0.0747 0.9907
vn -0.1022 0.2202 0.9701
vn -0.1614 0.0729 0.9842
vn -0.1920 0.2088 0.9589
vn -0.2486 0.0808 0.9652
vn -0.3953 0.1645 0.9037
vn -0.5143 0.0699 0.8548
vn 0.8098 0.0965 -0.5788
vn 0.8890 0.1426 -0.4350
vn 0.7962 0.1211 -0.5928
vn 0.9282 0.1422 -0.3438
vn 0.9364 0.1479 -0.3182
vn 0.9606 0.1428 -0.2384
vn 0.9623 0.1443 -0.2304
vn 0.9775 0.1403 -0.1576
vn 0.9825 0.1460 -0.1160
vn 0.9900 0.1404 -0.0159
vn 0.9894 0.1450 0.0102
vn 0.9685 0.1379 0.2073
vn 0.9670 0.1397 0.2128
vn 0.8935 0.1293 0.4299
vn 0.8778 0.1351 0.4595
vn 0.8466 0.1265 0.5170
vn 0.7985 0.1385 0.5859
vn 0.9869 0.1506 -0.0578
vn 0.9871 0.1474 -0.0626
vn 0.9812 0.1421 -0.1308
vn 0.9877 0.1555 0.0157
vn 0.9830 0.1557 0.0972
vn 0.9797 0.1605 0.1199
vn 0.9691 0.1581 0.1891
vn 0.5139 0.2256 0.8276
vn 0.1015 0.3271 -0.9395
vn 0.1211 0.2840 -0.9511
vn 0.1735 0.3265 -0.9291
vn 0.0766 0.2697 -0.9599
vn 0.7900 0.0473 -0.6112
vn 0.7192 0.0825 -0.6899
vn 0.0435 0.2614 -0.9643
vn -0.0000 0.3902 0.9207
vn 0.0835 0.3573 0.9302
vn 0.1784 0.3169 0.9315
vn 0.1719 0.2141 0.9616
vn 0.5275 0.1364 0.8385
vn 0.4653 0.0078 0.8851
vn -0.8045 0.4716 0.3611
vn -0.6935 0.4833 -0.5343
vn -0.2113 0.9743 0.0779
vn -0.2079 0.9776 -0.0340
vn -0.1988 0.9774 0.0716
vn -0.1906 0.9814 0.0214
vn -0.1768 0.9790 0.1014
vn -0.1662 0.9841 0.0631
vn -0.1577 0.9801 0.1210
vn -0.1487 0.9869 0.0619
vn -0.1407 0.9823 0.1239
vn -0.1345 0.9892 0.0578
vn -0.1206 0.9827 0.1406
vn -0.1150 0.9893 0.0899
vn -0.1024 0.9827 0.1544
vn -0.1006 0.9859 0.1336
vn -0.0951 0.9825 0.1604
vn -0.0955 0.9819 0.1634
vn -0.0932 0.9787 0.1829
vn -0.0938 0.9770 0.1918
vn -0.0940 0.9772 0.1904
vn -0.0942 0.9765 0.1937
vn -0.0922 0.9716 0.2179
vn -0.0940 0.9684 0.2311
vn -0.1260 0.9568 0.2621
vn -0.1958 0.9472 0.2540
vn -0.3355 0.9265 0.1705
vn -0.0949 0.3245 -0.9411
vn -0.0642 0.2910 -0.9546
vn -0.0494 0.3928 -0.9183
vn -0.5050 0.8291 0.2400
vn -0.5166 0.8238 0.2335
vn -0.4693 0.8412 0.2687
vn -0.4648 0.8432 0.2702
vn -0.4688 0.8388 0.2769
vn -0.4703 0.8382 0.2759
vn -0.0738 0.9164 -0.3933
vn -0.0758 0.9356 -0.3449
vn -0.0442 0.8270 -0.5605
vn -0.0371 0.8169 -0.5756
vn 0.0000 0.8195 -0.5730
vn -0.0835 0.3573 0.9302
vn -0.1784 0.3169 0.9315
vn -0.1719 0.2141 0.9616
vn -0.5275 0.1364 0.8385
vn -0.4653 0.0078 0.8851
vn 0.8045 0.4716 0.3611
vn 0.6935 0.4833 -0.5343
vn 0.2079 0.9776 -0.0340
vn 0.2113 0.9743 0.0779
vn 0.1988 0.9774 0.0716
vn 0.1906 0.9814 0.0214
vn 0.1768 0.9790 0.1014
vn 0.1662 0.9841 0.0631
vn 0.1577 0.9801 0.1210
vn 0.1487 0.9869 0.0619
vn 0.1407 0.9823 0.1239
vn 0.1345 0.9892 0.0578
vn 0.1206 0.9827 0.1406
vn 0.1150 0.9893 0.0899
vn 0.1024 0.9827 0.1544
vn 0.1006 0.9859 0.1336
vn 0.0951 0.9825 0.1604
vn 0.0955 0.9819 0.1634
vn 0.0932 0.9787 0.1829
vn 0.0938 0.9770 0.1918
vn 0.0940 0.9772 0.1904
vn 0.0942 0.9765 0.1937
vn 0.0922 0.9716 0.2179
vn 0.0940 0.9684 0.2311
vn 0.1260 0.9568 0.2621
vn 0.1958 0.9472 0.2540
vn 0.3355 0.9265 0.1705
vn 0.0949 0.3245 -0.9411
vn 0.0642 0.2910 -0.9546
vn 0.0494 0.3928 -0.9183
vn 0.4693 0.8412 0.2687
vn 0.5166 0.8238 0.2335
vn 0.5050 0.8291 0.2400
vn 0.4648 0.8432 0.2702
vn 0.4688 0.8388 0.2769
vn 0.4703 0.8382 0.2759
vn 0.0442 0.8270 -0.5605
vn 0.0758 0.9356 -0.3449
vn 0.0738 0.9164 -0.3933
vn 0.0371 0.8169 -0.5756
vn 0.0002 0.9565 0.2917
vn -0.0000 0.9580 0.2869
vn 0.0000 0.9588 0.2841
vn 0.0000 0.9551 0.2962
vn 0.0000 0.9623 0.2719
vn 0.0000 1.0000 -0.0000
vn 0.9221 0.0672 0.3811
vn 0.3895 -0.0405 0.9201
vn -0.3713 -0.1245 0.9201
vn -0.9145 -0.1356 0.3811
vn -0.9221 -0.0672 -0.3811
vn -0.3895 0.0405 -0.9201
vn 0.3713 0.1245 -0.9201
vn 0.9145 0.1356 -0.3811
vn -0.1093 0.9899 0.0899
vn -0.9221 0.0672 0.3811
vn -0.3895 -0.0405 0.9201
vn 0.3713 -0.1245 0.9201
vn 0.9145 -0.1356 0.3811
vn 0.9221 -0.0672 -0.3811
vn 0.3895 0.0405 -0.9201
vn -0.3713 0.1245 -0.9201
vn -0.9145 0.1356 -0.3811
vn 0.1093 0.9899 0.0899
vn 1.0000 0.0000 -0.0000
vn -0.0000 0.9780 0.2085
vn -1.0000 0.0000 -0.0000
vn 0.0165 0.2084 -0.9779
vn -0.0165 -0.2084 0.9779
vn 0.0270 -0.1909 0.9812
vn 0.0261 -0.2008 0.9793
vn 0.0374 -0.0746 0.9965
vn 0.0383 -0.0645 0.9972
vn 0.0160 0.9942 0.1065
vn -0.0121 0.9832 0.1820
vn -0.0257 0.9767 0.2129
vn 0.0129 0.9958 0.0909
vn -0.0211 0.2008 -0.9794
vn -0.0137 0.0715 -0.9973
vn -0.0207 0.1939 -0.9808
vn -0.0133 0.0644 -0.9978
vn -0.8998 -0.0232 0.4357
vn -0.8720 0.1295 0.4721
vn -0.8967 0.0025 0.4426
vn -0.8594 0.1744 0.4806
vn 0.0043 0.9963 0.0861
vn -0.0040 0.9965 0.0834
vn 0.9405 0.0081 -0.3396
vn 0.9402 0.0169 -0.3401
vn 0.9371 -0.1133 -0.3302
vn 0.9362 -0.1233 -0.3292
vn -0.0009 0.3243 0.9460
vn 0.8827 0.0656 -0.4653
vn -0.0000 0.9902 0.1395
vn -0.8827 -0.0656 0.4653
vn -0.4439 0.1250 -0.8873
vn 0.4439 -0.1250 0.8873
vn -0.0002 -0.9949 -0.1005
vn 0.9999 0.0125 0.0013
vn 0.0003 0.9894 0.1453
vn -0.9999 -0.0125 -0.0013
vn -0.0023 0.1796 -0.9837
vn 0.9129 0.3465 0.2158
vn 0.9141 0.3601 0.1864
vn 0.9126 0.3440 0.2211
vn 0.9143 0.3628 0.1804
vn 0.3831 0.9036 0.1917
vn 0.3858 0.8993 0.2061
vn 0.3826 0.9045 0.1887
vn 0.3863 0.8984 0.2090
vn -0.3827 0.9177 0.1064
vn -0.3857 0.9183 0.0886
vn -0.3821 0.9176 0.1099
vn -0.3863 0.9184 0.0850
vn -0.9155 0.3978 -0.0591
vn -0.9163 0.3999 -0.0224
vn -0.9153 0.3974 -0.0662
vn -0.9163 0.4003 -0.0149
vn -0.9126 -0.3440 -0.2211
vn -0.3792 -0.8768 -0.2958
vn 0.3825 -0.9025 -0.1981
vn 0.9203 -0.3908 0.0181
vn -0.0000 0.1790 -0.9838
vn -0.0000 0.1592 -0.9873
vn -0.0000 0.1801 -0.9837
vn -0.0000 0.1816 -0.9834
vn 0.0000 -0.1790 0.9838
vn -0.0000 0.9820 0.1890
vn 0.0008 0.9822 0.1878
vn 0.0000 0.0000 1.0000
vn 0.8660 0.5000 -0.0000
vn -0.8660 0.5000 -0.0000
vn -0.8660 -0.5000 -0.0000
vn 0.0000 -1.0000 -0.0000
vn 0.8660 -0.5000 -0.0000
vn 0.3047 0.1759 0.9361
vn -0.0000 0.3518 0.9361
vn -0.3047 0.1759 0.9361
vn -0.3047 -0.1759 0.9361
vn 0.0000 -0.3518 0.9361
vn 0.3047 -0.1759 0.9361
vn 0.0000 -0.9999 -0.0144
vn 0.0000 0.9999 0.0144
vn 0.0000 0.0000 -1.0000
vn 0.3405 0.7521 0.5642
vn 0.4479 0.8047 0.3897
vn 0.3663 0.7670 0.5268
vn 0.4677 0.8111 0.3511
vn -0.2645 -0.3630 0.8934
vn -0.1749 -0.2889 0.9413
vn -0.1588 -0.2753 0.9481
vn -0.2799 -0.3755 0.8835
vn -0.5977 -0.8017 -0.0000
vn -0.2397 -0.3898 -0.8892
vn -0.1956 -0.2740 -0.9416
vn -0.1861 -0.2497 -0.9503
vn -0.2662 -0.4615 -0.8462
vn 0.4089 0.7438 -0.5287
vn 0.4084 0.7083 -0.5758
vn 0.4021 0.8327 -0.3807
vn 0.3937 0.8696 -0.2981
vn 0.8149 -0.1644 0.5559
vn 0.8089 -0.1546 0.5673
vn 0.8017 -0.1433 0.5803
vn 0.8202 -0.1734 0.5451
vn -0.3235 0.0765 0.9431
vn -0.3151 0.0698 0.9465
vn -0.3095 0.0654 0.9486
vn -0.3274 0.0795 0.9415
vn -0.9717 0.2361 -0.0000
vn -0.3254 0.0722 -0.9428
vn -0.3146 0.0742 -0.9463
vn -0.3095 0.0752 -0.9479
vn -0.3339 0.0706 -0.9400
vn 0.8174 -0.1564 -0.5545
vn 0.8079 -0.1628 -0.5664
vn 0.7986 -0.1688 -0.5777
vn 0.8292 -0.1482 -0.5389
vn 0.0459 -0.8317 0.5534
vn 0.0155 -0.8842 0.4669
vn -0.0037 -0.9121 0.4099
vn 0.0581 -0.8076 0.5868
vn -0.0610 0.3745 0.9252
vn -0.0564 0.4057 0.9123
vn -0.0685 0.3206 0.9447
vn -0.0702 0.3083 0.9487
vn -0.1705 0.9854 -0.0000
vn -0.0150 0.3278 -0.9446
vn -0.0474 0.3938 -0.9180
vn -0.0544 0.4078 -0.9114
vn -0.0059 0.3090 -0.9510
vn 0.0386 -0.8301 -0.5562
vn 0.0755 -0.8740 -0.4800
vn 0.0887 -0.8879 -0.4514
vn 0.0226 -0.8088 -0.5876
vn 0.8090 0.5878 0.0064
vn 1.0000 0.0078 0.0045
vn 0.9984 0.0283 -0.0496
vn 0.9992 0.0283 -0.0270
vn -0.3043 0.9364 0.1748
vn 0.2811 0.9566 0.0769
vn 0.2752 0.9584 0.0756
vn 0.2767 0.9416 0.1920
vn -0.9985 -0.0000 0.0551
vn -0.8063 0.5516 0.2137
vn -0.3035 -0.9341 -0.1882
vn -0.7957 -0.6049 -0.0315
vn -0.7920 -0.6104 -0.0123
vn -0.7915 -0.6100 -0.0364
vn 0.7898 -0.5738 -0.2165
vn 0.3306 -0.9273 -0.1754
vn 0.3355 -0.9411 -0.0408
vn 0.3572 -0.9316 -0.0669
vn 0.9990 -0.0043 0.0446
vn 0.9950 -0.0373 0.0927
vn 0.2577 0.9647 -0.0548
vn 0.2495 0.9651 -0.0801
vn -0.8110 0.5549 -0.1853
vn -0.8038 -0.5929 -0.0488
vn -0.8176 -0.5745 -0.0386
vn 0.3710 -0.9271 0.0544
vn 0.4299 -0.9029 -0.0033
vn 0.4342 0.3143 0.8442
vn 0.4230 0.2918 0.8579
vn 0.4617 0.3719 0.8053
vn 0.4701 0.3902 0.7917
vn 0.2241 0.9557 -0.1911
vn 0.2190 0.9520 -0.2136
vn -0.3660 0.2504 -0.8963
vn -0.4217 -0.8239 -0.3787
vn -0.4792 -0.7459 -0.4627
vn -0.4918 -0.7253 -0.4817
vn -0.4004 -0.8475 -0.3484
vn 0.0929 -0.7425 0.6634
vn 0.0852 -0.7477 0.6585
vn 0.0830 -0.7493 0.6571
vn 0.0953 -0.7408 0.6649
vn 0.7462 -0.3838 0.5440
vn 0.7346 -0.3647 0.5721
vn 0.7300 -0.3574 0.5826
vn 0.7496 -0.3895 0.5352
vn -0.2980 0.1642 0.9404
vn -0.2830 0.1492 0.9474
vn -0.2787 0.1448 0.9494
vn -0.3011 0.1674 0.9388
vn -0.8741 0.4858 0.0000
vn -0.2429 0.2049 -0.9482
vn -0.2807 0.1544 -0.9473
vn -0.2759 0.1534 -0.9489
vn -0.2448 0.2117 -0.9462
vn 0.7521 -0.3737 -0.5429
vn 0.7298 -0.3750 -0.5717
vn 0.7223 -0.3753 -0.5809
vn 0.7617 -0.3729 -0.5299
vn 0.1442 -0.8042 0.5766
vn 0.1351 -0.8176 0.5597
vn 0.1313 -0.8231 0.5525
vn 0.1468 -0.8003 0.5814
vn 0.1481 0.4138 0.8982
vn 0.1516 0.4426 0.8838
vn 0.1368 0.3254 0.9356
vn 0.1342 0.3062 0.9425
vn -0.0769 0.9970 0.0000
vn -0.1910 0.2953 -0.9361
vn -0.1933 0.3032 -0.9331
vn -0.1009 -0.8172 -0.5674
vn -0.0684 -0.8542 -0.5155
vn -0.0596 -0.8634 -0.5010
vn -0.1116 -0.8040 -0.5841
vn -0.2530 -0.7827 0.5687
vn -0.6056 0.2459 0.7568
vn -0.7033 0.2197 0.6761
vn -0.6842 0.2253 0.6936
vn 0.0374 0.9993 0.0000
vn -0.2044 0.9789 -0.0000
vn -0.1295 0.9916 0.0000
vn 0.5342 0.2612 -0.8040
vn 0.5277 -0.6872 -0.4993
vn 0.5141 -0.6939 -0.5042
vn 0.5446 -0.6785 -0.4930
vn -0.6632 -0.6055 0.4399
vn -0.7743 0.1956 0.6019
vn 0.1289 0.9917 0.0000
vn 0.7935 0.1881 -0.5788
vn 0.5599 -0.6703 -0.4870
vn -0.0186 -0.8089 0.5877
vn -0.0928 -0.8055 0.5852
vn -0.0163 -0.8089 0.5877
vn -0.1491 0.3056 0.9404
vn -0.0274 0.3089 0.9507
vn -0.0288 0.3089 0.9507
vn 0.0274 0.3089 -0.9507
vn 0.1491 0.3056 -0.9404
vn 0.0288 0.3089 -0.9507
vn 0.0186 -0.8089 -0.5877
vn 0.0928 -0.8055 -0.5853
vn 0.0163 -0.8089 -0.5877
vn 0.0932 0.3077 0.9469
vn -0.0932 0.3077 -0.9469
vn -0.0578 -0.8077 -0.5868
vn -0.4203 -0.7341 0.5333
vn -0.4343 -0.7287 0.5295
vn -0.4067 -0.7391 0.5370
vn -0.6151 0.2437 0.7499
vn -0.5892 0.2497 0.7685
vn -0.5948 0.2484 0.7645
vn 0.5892 0.2497 -0.7685
vn 0.6151 0.2437 -0.7499
vn 0.5948 0.2484 -0.7645
vn 0.4203 -0.7341 -0.5333
vn 0.4343 -0.7288 -0.5295
vn 0.4067 -0.7391 -0.5370
vn -0.3927 -0.7440 0.5406
vn -0.5685 0.2542 0.7824
vn 0.5685 0.2542 -0.7824
vn 0.3927 -0.7440 -0.5406
vn 0.0435 0.9696 0.2406
vn 0.0382 0.9682 0.2474
vn 0.0482 0.9709 0.2345
vn 0.0023 -0.1777 0.9841
vn -0.9840 -0.1784 -0.0004
vn -0.6589 0.7522 0.0016
vn 0.0003 1.0000 0.0021
vn 0.7394 0.6733 0.0014
vn 0.9753 0.2209 0.0005
vn 0.6741 -0.7387 -0.0016
vn 0.7463 -0.6656 -0.0014
vn 0.8106 -0.5856 -0.0012
vn 0.0080 -1.0000 -0.0021
# 461 vertex normals

vt 0.0000 0.0000 0.0000
# 1 texture coords

g engine_001
usemtl Material_13
s off
f 3383/10/3130 3384/10/3131 3385/10/3132 
f 3383/10/3130 3385/10/3132 3386/10/3133 
f 3386/10/3133 3385/10/3132 3387/10/3134 
f 3386/10/3133 3387/10/3134 3388/10/3135 
f 3388/10/3135 3387/10/3134 3389/10/3136 
f 3388/10/3135 3389/10/3136 3390/10/3137 
f 3390/10/3137 3389/10/3136 3391/10/3138 
f 3392/10/3139 3393/10/3140 3394/10/3141 
f 3393/10/3140 3395/10/3142 3394/10/3141 
f 3394/10/3141 3395/10/3142 3396/10/3143 
f 3395/10/3142 3397/10/3144 3396/10/3143 
f 3396/10/3143 3397/10/3144 3398/10/3145 
f 3397/10/3144 3399/10/3146 3398/10/3145 
f 3398/10/3145 3399/10/3146 3400/10/3147 
f 3399/10/3146 3401/10/3148 3400/10/3147 
f 3400/10/3147 3401/10/3148 3402/10/3149 
f 3401/10/3148 3403/10/3150 3402/10/3149 
f 3402/10/3149 3403/10/3150 3404/10/3151 
f 3403/10/3150 3405/10/3152 3404/10/3151 
f 3404/10/3151 3405/10/3152 3406/10/3153 
f 3406/10/3153 3405/10/3152 3407/10/3154 
f 3406/10/3153 3407/10/3154 3408/10/3155 
f 3408/10/3156 3407/10/3157 3409/10/3158 
f 3408/10/3156 3409/10/3158 3410/10/3159 
f 3410/10/3159 3409/10/3158 3411/10/3160 
f 3410/10/3159 3411/10/3160 3412/10/3161 
f 3411/10/3160 3413/10/3162 3412/10/3161 
f 3412/10/3163 3413/10/3163 3414/10/3163 
f 3414/10/3164 3413/10/3165 3415/10/3166 
f 3416/10/3167 3414/10/3164 3415/10/3166 
f 3391/10/3168 3389/10/3169 3392/10/3139 
f 3392/10/3139 3389/10/3169 3393/10/3140 
f 3417/10/3170 3416/10/3167 3415/10/3166 
f 3383/10/3130 3418/10/3171 3384/10/3131 
f 3419/10/3172 3418/10/3171 3383/10/3130 
f 3419/10/3172 3420/10/3173 3418/10/3171 
f 3421/10/3174 3420/10/3173 3419/10/3172 
f 3421/10/3174 3422/10/3175 3420/10/3173 
f 3423/10/3176 3422/10/3175 3421/10/3174 
f 3424/10/3177 3422/10/3175 3423/10/3176 
f 3425/10/3178 3426/10/3179 3427/10/3180 
f 3427/10/3180 3426/10/3179 3428/10/3181 
f 3426/10/3179 3429/10/3182 3428/10/3181 
f 3428/10/3181 3429/10/3182 3430/10/3183 
f 3429/10/3182 3431/10/3184 3430/10/3183 
f 3430/10/3183 3431/10/3184 3432/10/3185 
f 3431/10/3184 3433/10/3186 3432/10/3185 
f 3432/10/3185 3433/10/3186 3434/10/3187 
f 3433/10/3186 3435/10/3188 3434/10/3187 
f 3434/10/3187 3435/10/3188 3436/10/3189 
f 3435/10/3188 3437/10/3190 3436/10/3189 
f 3436/10/3189 3437/10/3190 3438/10/3191 
f 3437/10/3190 3439/10/3192 3438/10/3191 
f 3439/10/3192 3440/10/3193 3438/10/3191 
f 3439/10/3192 3441/10/3194 3440/10/3193 
f 3441/10/3195 3442/10/3196 3440/10/3197 
f 3441/10/3195 3443/10/3198 3442/10/3196 
f 3443/10/3198 3444/10/3199 3442/10/3196 
f 3443/10/3198 3445/10/3200 3444/10/3199 
f 3444/10/3199 3445/10/3200 3446/10/3201 
f 3445/10/3202 3447/10/3202 3446/10/3202 
f 3447/10/3203 3448/10/3204 3446/10/3205 
f 3449/10/3206 3448/10/3204 3447/10/3203 
f 3424/10/3207 3425/10/3178 3422/10/3208 
f 3425/10/3178 3427/10/3180 3422/10/3208 
f 3450/10/3209 3448/10/3204 3449/10/3206 
f 3451/10/3210 3383/10/3130 3386/10/3133 
f 3451/10/3210 3386/10/3133 3452/10/3211 
f 3452/10/3211 3386/10/3133 3453/10/3212 
f 3453/10/3212 3386/10/3133 3388/10/3135 
f 3453/10/3212 3388/10/3135 3390/10/3137 
f 3453/10/3212 3390/10/3137 3454/10/3213 
f 3454/10/3214 3390/10/3137 3391/10/3138 
f 3454/10/3214 3391/10/3138 3455/10/3215 
f 3455/10/3216 3391/10/3216 3456/10/3216 
f 3391/10/3217 3392/10/3217 3456/10/3217 
f 3456/10/3218 3392/10/3219 3457/10/3220 
f 3457/10/3220 3392/10/3219 3394/10/3221 
f 3457/10/3220 3394/10/3221 3458/10/3222 
f 3458/10/3222 3394/10/3221 3396/10/3223 
f 3458/10/3222 3396/10/3223 3459/10/3224 
f 3459/10/3224 3396/10/3223 3398/10/3225 
f 3459/10/3224 3398/10/3225 3460/10/3226 
f 3460/10/3226 3398/10/3225 3400/10/3227 
f 3460/10/3226 3400/10/3227 3461/10/3228 
f 3461/10/3228 3400/10/3227 3402/10/3229 
f 3461/10/3228 3402/10/3229 3462/10/3230 
f 3462/10/3230 3402/10/3229 3404/10/3231 
f 3462/10/3230 3404/10/3231 3463/10/3232 
f 3463/10/3232 3404/10/3231 3406/10/3233 
f 3463/10/3232 3406/10/3233 3464/10/3234 
f 3464/10/3234 3406/10/3233 3408/10/3235 
f 3464/10/3234 3408/10/3235 3465/10/3236 
f 3465/10/3236 3408/10/3235 3410/10/3237 
f 3465/10/3236 3410/10/3237 3466/10/3238 
f 3466/10/3238 3410/10/3237 3412/10/3239 
f 3466/10/3238 3412/10/3239 3467/10/3240 
f 3467/10/3240 3412/10/3239 3414/10/3241 
f 3467/10/3240 3414/10/3241 3468/10/3242 
f 3468/10/3243 3414/10/3164 3416/10/3167 
f 3469/10/3244 3468/10/3243 3416/10/3167 
f 3469/10/3244 3416/10/3167 3417/10/3170 
f 3470/10/3245 3469/10/3244 3417/10/3170 
f 3470/10/3246 3417/10/3247 3471/10/3248 
f 3472/10/3249 3470/10/3246 3471/10/3248 
f 3472/10/3249 3471/10/3248 3473/10/3250 
f 3472/10/3249 3473/10/3250 3474/10/3251 
f 3474/10/3252 3473/10/3253 3475/10/3254 
f 3474/10/3252 3475/10/3254 3476/10/3255 
f 3475/10/3254 3477/10/3256 3476/10/3255 
f 3476/10/3255 3477/10/3256 3478/10/3256 
f 3451/10/3210 3419/10/3172 3383/10/3130 
f 3451/10/3210 3479/10/3257 3419/10/3172 
f 3479/10/3257 3480/10/3258 3419/10/3172 
f 3480/10/3258 3421/10/3174 3419/10/3172 
f 3480/10/3258 3423/10/3176 3421/10/3174 
f 3480/10/3258 3481/10/3259 3423/10/3176 
f 3481/10/3260 3424/10/3177 3423/10/3176 
f 3481/10/3260 3482/10/3261 3424/10/3177 
f 3482/10/3262 3483/10/3262 3424/10/3262 
f 3424/10/3263 3483/10/3263 3425/10/3263 
f 3425/10/3264 3483/10/3265 3484/10/3266 
f 3426/10/3267 3425/10/3264 3484/10/3266 
f 3426/10/3267 3484/10/3266 3485/10/3268 
f 3429/10/3269 3426/10/3267 3485/10/3268 
f 3429/10/3269 3485/10/3268 3486/10/3270 
f 3431/10/3271 3429/10/3269 3486/10/3270 
f 3431/10/3271 3486/10/3270 3487/10/3272 
f 3433/10/3273 3431/10/3271 3487/10/3272 
f 3433/10/3273 3487/10/3272 3488/10/3274 
f 3435/10/3275 3433/10/3273 3488/10/3274 
f 3435/10/3275 3488/10/3274 3489/10/3276 
f 3435/10/3275 3489/10/3276 3437/10/3277 
f 3437/10/3277 3489/10/3276 3490/10/3278 
f 3437/10/3277 3490/10/3278 3439/10/3279 
f 3439/10/3279 3490/10/3278 3491/10/3280 
f 3439/10/3279 3491/10/3280 3441/10/3281 
f 3441/10/3281 3491/10/3280 3492/10/3282 
f 3443/10/3283 3441/10/3281 3492/10/3282 
f 3443/10/3283 3492/10/3282 3493/10/3284 
f 3443/10/3283 3493/10/3284 3445/10/3285 
f 3445/10/3285 3493/10/3284 3494/10/3286 
f 3445/10/3285 3494/10/3286 3447/10/3287 
f 3447/10/3287 3494/10/3286 3495/10/3288 
f 3495/10/3289 3449/10/3206 3447/10/3203 
f 3496/10/3290 3449/10/3206 3495/10/3289 
f 3496/10/3290 3450/10/3209 3449/10/3206 
f 3497/10/3291 3450/10/3209 3496/10/3290 
f 3498/10/3292 3450/10/3293 3497/10/3294 
f 3498/10/3292 3497/10/3294 3499/10/3295 
f 3498/10/3292 3499/10/3295 3500/10/3296 
f 3500/10/3296 3499/10/3295 3501/10/3297 
f 3502/10/3298 3500/10/3299 3501/10/3300 
f 3503/10/3301 3502/10/3298 3501/10/3300 
f 3477/10/3256 3502/10/3298 3503/10/3301 
f 3478/10/3256 3477/10/3256 3503/10/3301 
f 3504/10/3302 3505/10/3303 3506/10/3302 
f 3504/10/3302 3507/10/3303 3505/10/3303 
usemtl Material_14
f 3417/10/3304 3450/10/3304 3498/10/3305 
f 3417/10/3304 3498/10/3305 3471/10/3305 
f 3471/10/3305 3498/10/3305 3500/10/3306 
f 3473/10/3306 3471/10/3305 3500/10/3306 
f 3473/10/3306 3500/10/3306 3502/10/3307 
f 3473/10/3306 3502/10/3307 3475/10/3307 
f 3475/10/3307 3502/10/3307 3477/10/3307 
f 3508/10/3308 3509/10/3308 3510/10/3308 
f 3509/10/3308 3511/10/3308 3510/10/3308 
f 3511/10/3309 3512/10/3309 3510/10/3309 
f 3511/10/3309 3513/10/3309 3512/10/3309 
f 3513/10/3310 3514/10/3310 3512/10/3310 
f 3513/10/3310 3515/10/3310 3514/10/3310 
f 3516/10/3311 3514/10/3311 3515/10/3311 
f 3516/10/3311 3515/10/3311 3517/10/3311 
f 3518/10/3312 3516/10/3312 3517/10/3312 
f 3518/10/3312 3517/10/3312 3519/10/3312 
f 3519/10/3313 3520/10/3313 3518/10/3313 
f 3521/10/3313 3520/10/3313 3519/10/3313 
f 3521/10/3314 3522/10/3314 3520/10/3314 
f 3523/10/3314 3522/10/3314 3521/10/3314 
f 3522/10/3315 3523/10/3315 3508/10/3315 
f 3523/10/3315 3509/10/3315 3508/10/3315 
f 3509/10/3316 3524/10/3316 3511/10/3316 
f 3511/10/3316 3524/10/3316 3513/10/3316 
f 3513/10/3316 3524/10/3316 3515/10/3316 
f 3524/10/3316 3517/10/3316 3515/10/3316 
f 3524/10/3316 3519/10/3316 3517/10/3316 
f 3524/10/3316 3521/10/3316 3519/10/3316 
f 3523/10/3316 3521/10/3316 3524/10/3316 
f 3509/10/3316 3523/10/3316 3524/10/3316 
f 3525/10/3317 3526/10/3317 3527/10/3317 
f 3527/10/3317 3526/10/3317 3528/10/3317 
f 3528/10/3318 3526/10/3318 3529/10/3318 
f 3528/10/3318 3529/10/3318 3530/10/3318 
f 3530/10/3319 3529/10/3319 3531/10/3319 
f 3530/10/3319 3531/10/3319 3532/10/3319 
f 3533/10/3320 3532/10/3320 3531/10/3320 
f 3533/10/3320 3534/10/3320 3532/10/3320 
f 3535/10/3321 3534/10/3321 3533/10/3321 
f 3535/10/3321 3536/10/3321 3534/10/3321 
f 3536/10/3322 3535/10/3322 3537/10/3322 
f 3538/10/3322 3536/10/3322 3537/10/3322 
f 3538/10/3323 3537/10/3323 3539/10/3323 
f 3540/10/3323 3538/10/3323 3539/10/3323 
f 3539/10/3324 3525/10/3324 3540/10/3324 
f 3540/10/3324 3525/10/3324 3527/10/3324 
f 3541/10/3325 3527/10/3325 3528/10/3325 
f 3541/10/3325 3528/10/3325 3530/10/3325 
f 3532/10/3325 3541/10/3325 3530/10/3325 
f 3534/10/3325 3541/10/3325 3532/10/3325 
f 3534/10/3325 3536/10/3325 3541/10/3325 
f 3536/10/3325 3538/10/3325 3541/10/3325 
f 3538/10/3325 3540/10/3325 3541/10/3325 
f 3541/10/3325 3540/10/3325 3527/10/3325 
f 3542/10/3326 3543/10/3326 3544/10/3326 
f 3543/10/3326 3545/10/3326 3544/10/3326 
f 3543/10/3327 3546/10/3327 3545/10/3327 
f 3545/10/3327 3546/10/3327 3547/10/3327 
f 3548/10/3328 3547/10/3328 3546/10/3328 
f 3548/10/3328 3549/10/3328 3547/10/3328 
f 3543/10/3329 3542/10/3329 3548/10/3329 
f 3546/10/3329 3543/10/3329 3548/10/3329 
f 3545/10/3330 3549/10/3330 3544/10/3330 
f 3547/10/3330 3549/10/3330 3545/10/3330 
f 3550/10/3331 3551/10/3332 3552/10/3333 
f 3553/10/3334 3550/10/3331 3552/10/3333 
f 3553/10/3335 3554/10/3336 3550/10/3337 
f 3555/10/3338 3554/10/3336 3553/10/3335 
f 3554/10/3339 3555/10/3340 3556/10/3341 
f 3555/10/3340 3557/10/3342 3556/10/3341 
f 3552/10/3343 3558/10/3344 3553/10/3345 
f 3553/10/3345 3558/10/3344 3559/10/3346 
f 3555/10/3338 3553/10/3335 3559/10/3347 
f 3560/10/3348 3555/10/3338 3559/10/3347 
f 3557/10/3349 3555/10/3350 3560/10/3351 
f 3557/10/3349 3560/10/3351 3561/10/3352 
f 3560/10/3353 3559/10/3353 3558/10/3353 
f 3560/10/3353 3558/10/3353 3561/10/3353 
f 3562/10/3354 3563/10/3354 3564/10/3354 
f 3563/10/3354 3565/10/3354 3564/10/3354 
f 3565/10/3355 3563/10/3355 3566/10/3355 
f 3565/10/3355 3566/10/3355 3567/10/3355 
f 3568/10/3356 3567/10/3356 3566/10/3356 
f 3568/10/3356 3569/10/3356 3567/10/3356 
f 3563/10/3357 3562/10/3357 3568/10/3357 
f 3563/10/3357 3568/10/3357 3566/10/3357 
f 3565/10/3358 3569/10/3358 3564/10/3358 
f 3565/10/3358 3567/10/3358 3569/10/3358 
f 3570/10/3359 3571/10/3359 3572/10/3359 
f 3573/10/3359 3571/10/3359 3570/10/3359 
f 3570/10/3360 3574/10/3360 3573/10/3360 
f 3573/10/3360 3574/10/3360 3575/10/3360 
f 3574/10/3361 3576/10/3361 3575/10/3361 
f 3575/10/3361 3576/10/3361 3577/10/3361 
f 3572/10/3362 3577/10/3362 3576/10/3362 
f 3572/10/3362 3571/10/3362 3577/10/3362 
f 3574/10/3363 3570/10/3363 3572/10/3363 
f 3574/10/3363 3572/10/3363 3576/10/3363 
f 3578/10/3364 3579/10/3365 3580/10/3366 
f 3578/10/3364 3581/10/3367 3579/10/3365 
f 3581/10/3368 3582/10/3369 3579/10/3370 
f 3581/10/3368 3583/10/3371 3582/10/3369 
f 3583/10/3372 3584/10/3373 3582/10/3374 
f 3583/10/3372 3585/10/3375 3584/10/3373 
f 3585/10/3376 3586/10/3377 3584/10/3378 
f 3587/10/3379 3586/10/3377 3585/10/3376 
f 3587/10/3380 3588/10/3380 3586/10/3380 
f 3589/10/3380 3588/10/3380 3587/10/3380 
f 3590/10/3381 3588/10/3381 3589/10/3381 
f 3591/10/3381 3590/10/3381 3589/10/3381 
f 3592/10/3382 3590/10/3382 3591/10/3382 
f 3593/10/3382 3592/10/3382 3591/10/3382 
f 3593/10/3383 3580/10/3383 3592/10/3383 
f 3593/10/3383 3578/10/3383 3580/10/3383 
f 3593/10/3384 3591/10/3384 3589/10/3384 
f 3583/10/3385 3581/10/3386 3585/10/3386 
f 3585/10/3386 3578/10/3387 3587/10/3387 
f 3581/10/3386 3578/10/3387 3585/10/3386 
f 3578/10/3387 3593/10/3384 3589/10/3384 
f 3578/10/3387 3589/10/3384 3587/10/3387 
f 3579/10/3388 3586/10/3388 3580/10/3388 
f 3579/10/3388 3584/10/3388 3586/10/3388 
f 3582/10/3388 3584/10/3388 3579/10/3388 
f 3592/10/3388 3588/10/3388 3590/10/3388 
f 3580/10/3388 3588/10/3388 3592/10/3388 
f 3586/10/3388 3588/10/3388 3580/10/3388 
f 3579/10/3389 3584/10/3389 3594/10/3389 
f 3594/10/3389 3584/10/3389 3595/10/3390 
f 3596/10/3391 3597/10/3391 3598/10/3391 
f 3596/10/3391 3598/10/3391 3599/10/3391 
f 3596/10/3391 3599/10/3391 3600/10/3391 
f 3596/10/3391 3600/10/3391 3601/10/3391 
f 3596/10/3391 3601/10/3391 3602/10/3391 
f 3596/10/3391 3602/10/3391 3603/10/3391 
f 3604/10/3392 3605/10/3392 3606/10/3392 
f 3607/10/3392 3605/10/3392 3604/10/3392 
f 3607/10/3307 3608/10/3307 3605/10/3307 
f 3607/10/3307 3609/10/3307 3608/10/3307 
f 3609/10/3393 3610/10/3393 3608/10/3393 
f 3611/10/3393 3610/10/3393 3609/10/3393 
f 3611/10/3394 3612/10/3394 3610/10/3394 
f 3613/10/3394 3612/10/3394 3611/10/3394 
f 3614/10/3395 3612/10/3395 3613/10/3395 
f 3614/10/3395 3613/10/3395 3615/10/3395 
f 3615/10/3396 3606/10/3396 3614/10/3396 
f 3604/10/3396 3606/10/3396 3615/10/3396 
f 3605/10/3397 3616/10/3397 3606/10/3397 
f 3608/10/3398 3616/10/3398 3605/10/3398 
f 3608/10/3399 3610/10/3399 3616/10/3399 
f 3610/10/3400 3612/10/3400 3616/10/3400 
f 3616/10/3401 3612/10/3401 3614/10/3401 
f 3616/10/3402 3614/10/3402 3606/10/3402 
f 3617/10/3403 3618/10/3403 3619/10/3403 
f 3620/10/3403 3618/10/3403 3617/10/3403 
f 3621/10/3326 3620/10/3326 3617/10/3326 
f 3621/10/3326 3622/10/3326 3620/10/3326 
f 3621/10/3404 3623/10/3404 3622/10/3404 
f 3622/10/3404 3623/10/3404 3624/10/3404 
f 3619/10/3328 3624/10/3328 3623/10/3328 
f 3619/10/3328 3618/10/3328 3624/10/3328 
f 3621/10/3405 3617/10/3405 3619/10/3405 
f 3621/10/3405 3619/10/3405 3623/10/3405 
f 3622/10/3391 3618/10/3391 3620/10/3391 
f 3624/10/3391 3618/10/3391 3622/10/3391 
f 3625/10/3406 3626/10/3407 3627/10/3408 
f 3627/10/3408 3626/10/3407 3628/10/3409 
f 3628/10/3410 3629/10/3411 3627/10/3412 
f 3628/10/3410 3630/10/3413 3629/10/3411 
f 3629/10/3414 3630/10/3414 3631/10/3414 
f 3631/10/3414 3630/10/3414 3632/10/3414 
f 3632/10/3415 3633/10/3416 3631/10/3417 
f 3634/10/3418 3633/10/3416 3632/10/3415 
f 3625/10/3419 3633/10/3420 3634/10/3421 
f 3625/10/3419 3634/10/3421 3626/10/3422 
f 3635/10/3423 3628/10/3424 3626/10/3425 
f 3635/10/3423 3636/10/3426 3628/10/3424 
f 3636/10/3427 3630/10/3428 3628/10/3429 
f 3637/10/3430 3630/10/3428 3636/10/3427 
f 3632/10/3431 3630/10/3431 3637/10/3431 
f 3632/10/3431 3637/10/3431 3638/10/3431 
f 3638/10/3432 3634/10/3433 3632/10/3434 
f 3638/10/3432 3639/10/3435 3634/10/3433 
f 3639/10/3436 3626/10/3437 3634/10/3438 
f 3639/10/3436 3635/10/3439 3626/10/3437 
f 3640/10/3440 3636/10/3441 3635/10/3442 
f 3641/10/3443 3636/10/3441 3640/10/3440 
f 3637/10/3444 3636/10/3445 3641/10/3446 
f 3642/10/3447 3637/10/3444 3641/10/3446 
f 3642/10/3448 3638/10/3448 3637/10/3448 
f 3643/10/3448 3638/10/3448 3642/10/3448 
f 3643/10/3449 3639/10/3450 3638/10/3451 
f 3643/10/3449 3644/10/3452 3639/10/3450 
f 3644/10/3453 3635/10/3454 3639/10/3455 
f 3640/10/3456 3635/10/3454 3644/10/3453 
f 3645/10/3457 3646/10/3457 3647/10/3457 
f 3648/10/3458 3646/10/3459 3645/10/3460 
f 3646/10/3461 3648/10/3461 3649/10/3461 
f 3648/10/3462 3650/10/3463 3649/10/3464 
f 3650/10/3465 3651/10/3465 3649/10/3465 
f 3652/10/3466 3651/10/3466 3650/10/3466 
f 3653/10/3467 3651/10/3467 3652/10/3467 
f 3654/10/3468 3653/10/3469 3652/10/3470 
f 3654/10/3471 3647/10/3471 3653/10/3471 
f 3647/10/3472 3654/10/3473 3645/10/3474 
f 3655/10/3475 3648/10/3458 3645/10/3460 
f 3656/10/3476 3648/10/3458 3655/10/3475 
f 3656/10/3477 3650/10/3463 3648/10/3462 
f 3656/10/3477 3657/10/3478 3650/10/3463 
f 3657/10/3479 3652/10/3479 3650/10/3479 
f 3658/10/3479 3652/10/3479 3657/10/3479 
f 3658/10/3480 3654/10/3468 3652/10/3470 
f 3658/10/3480 3659/10/3481 3654/10/3468 
f 3645/10/3474 3654/10/3473 3659/10/3482 
f 3645/10/3474 3659/10/3482 3655/10/3483 
f 3656/10/3484 3655/10/3485 3660/10/3486 
f 3656/10/3484 3660/10/3486 3661/10/3487 
f 3661/10/3488 3657/10/3478 3656/10/3477 
f 3661/10/3488 3662/10/3489 3657/10/3478 
f 3657/10/3490 3662/10/3490 3658/10/3490 
f 3658/10/3490 3662/10/3490 3663/10/3490 
f 3663/10/3491 3659/10/3492 3658/10/3493 
f 3664/10/3494 3659/10/3492 3663/10/3491 
f 3664/10/3495 3655/10/3496 3659/10/3497 
f 3660/10/3498 3655/10/3496 3664/10/3495 
f 3665/10/3499 3666/10/3500 3667/10/3501 
f 3665/10/3499 3668/10/3502 3666/10/3500 
f 3668/10/3503 3669/10/3504 3666/10/3505 
f 3670/10/3506 3669/10/3504 3668/10/3503 
f 3671/10/3507 3669/10/3507 3670/10/3507 
f 3671/10/3507 3670/10/3507 3672/10/3507 
f 3672/10/3508 3673/10/3509 3671/10/3510 
f 3672/10/3508 3674/10/3511 3673/10/3509 
f 3674/10/3512 3667/10/3513 3673/10/3514 
f 3674/10/3512 3665/10/3515 3667/10/3513 
f 3675/10/3516 3668/10/3517 3665/10/3518 
f 3676/10/3519 3668/10/3517 3675/10/3516 
f 3670/10/3520 3668/10/3521 3676/10/3522 
f 3677/10/3523 3670/10/3520 3676/10/3522 
f 3677/10/3524 3672/10/3524 3670/10/3524 
f 3678/10/3524 3672/10/3524 3677/10/3524 
f 3678/10/3525 3674/10/3511 3672/10/3508 
f 3678/10/3525 3679/10/3526 3674/10/3511 
f 3679/10/3527 3665/10/3528 3674/10/3529 
f 3675/10/3530 3665/10/3528 3679/10/3527 
f 3680/10/3531 3681/10/3531 3682/10/3531 
f 3683/10/3531 3681/10/3531 3680/10/3531 
f 3684/10/3532 3681/10/3532 3683/10/3533 
f 3685/10/3534 3684/10/3532 3683/10/3533 
f 3685/10/3535 3686/10/3536 3684/10/3536 
f 3687/10/3537 3686/10/3536 3685/10/3535 
f 3687/10/3538 3688/10/3538 3686/10/3538 
f 3687/10/3538 3689/10/3538 3688/10/3538 
f 3689/10/3539 3682/10/3540 3688/10/3540 
f 3680/10/3541 3682/10/3540 3689/10/3539 
f 3680/10/3542 3690/10/3542 3683/10/3542 
f 3683/10/3542 3690/10/3542 3691/10/3542 
f 3685/10/3534 3683/10/3533 3691/10/3543 
f 3685/10/3534 3691/10/3543 3692/10/3543 
f 3692/10/3544 3687/10/3537 3685/10/3535 
f 3693/10/3544 3687/10/3537 3692/10/3544 
f 3689/10/3545 3687/10/3545 3693/10/3545 
f 3689/10/3545 3693/10/3545 3694/10/3545 
f 3694/10/3546 3680/10/3541 3689/10/3539 
f 3690/10/3546 3680/10/3541 3694/10/3546 
f 3695/10/3547 3696/10/3548 3697/10/3548 
f 3698/10/3549 3696/10/3548 3695/10/3547 
f 3699/10/3550 3696/10/3550 3698/10/3551 
f 3699/10/3550 3698/10/3551 3700/10/3552 
f 3700/10/3307 3701/10/3307 3699/10/3307 
f 3702/10/3307 3701/10/3307 3700/10/3307 
f 3702/10/3553 3703/10/3554 3701/10/3554 
f 3702/10/3553 3704/10/3555 3703/10/3554 
f 3704/10/3556 3697/10/3557 3703/10/3557 
f 3695/10/3558 3697/10/3557 3704/10/3556 
f 3705/10/3443 3698/10/3549 3695/10/3547 
f 3706/10/3443 3698/10/3549 3705/10/3443 
f 3700/10/3552 3698/10/3551 3706/10/3559 
f 3700/10/3552 3706/10/3559 3707/10/3559 
f 3707/10/3307 3702/10/3307 3700/10/3307 
f 3708/10/3307 3702/10/3307 3707/10/3307 
f 3708/10/3560 3704/10/3555 3702/10/3553 
f 3708/10/3560 3709/10/3560 3704/10/3555 
f 3709/10/3561 3695/10/3558 3704/10/3556 
f 3705/10/3561 3695/10/3558 3709/10/3561 
f 3710/10/3562 3711/10/3563 3712/10/3563 
f 3713/10/3564 3711/10/3563 3710/10/3562 
f 3714/10/3565 3711/10/3565 3713/10/3566 
f 3714/10/3565 3713/10/3566 3715/10/3567 
f 3715/10/3307 3716/10/3307 3714/10/3307 
f 3717/10/3307 3716/10/3307 3715/10/3307 
f 3717/10/3568 3718/10/3569 3716/10/3569 
f 3717/10/3568 3719/10/3570 3718/10/3569 
f 3719/10/3571 3712/10/3572 3718/10/3572 
f 3710/10/3573 3712/10/3572 3719/10/3571 
f 3720/10/3574 3713/10/3564 3710/10/3562 
f 3721/10/3574 3713/10/3564 3720/10/3574 
f 3715/10/3567 3713/10/3566 3721/10/3575 
f 3715/10/3567 3721/10/3575 3722/10/3575 
f 3722/10/3307 3717/10/3307 3715/10/3307 
f 3723/10/3307 3717/10/3307 3722/10/3307 
f 3723/10/3576 3719/10/3570 3717/10/3568 
f 3723/10/3576 3724/10/3576 3719/10/3570 
f 3724/10/3577 3710/10/3573 3719/10/3571 
f 3720/10/3577 3710/10/3573 3724/10/3577 
f 3725/10/3578 3726/10/3578 3727/10/3579 
f 3725/10/3578 3728/10/3580 3726/10/3578 
usemtl Material_4
f 3575/10/3581 3571/10/3581 3573/10/3581 
f 3577/10/3581 3571/10/3581 3575/10/3581 
usemtl Material_2
f 3729/10/3582 3598/10/3582 3597/10/3582 
f 3729/10/3582 3597/10/3582 3730/10/3582 
f 3596/10/3583 3730/10/3583 3597/10/3583 
f 3731/10/3583 3730/10/3583 3596/10/3583 
f 3603/10/3584 3731/10/3584 3596/10/3584 
f 3732/10/3584 3731/10/3584 3603/10/3584 
f 3732/10/3585 3603/10/3585 3602/10/3585 
f 3732/10/3585 3602/10/3585 3733/10/3585 
f 3733/10/3586 3602/10/3586 3601/10/3586 
f 3733/10/3586 3601/10/3586 3734/10/3586 
f 3601/10/3587 3600/10/3588 3734/10/3587 
f 3734/10/3587 3600/10/3588 3735/10/3588 
f 3735/10/3588 3600/10/3588 3599/10/3589 
f 3735/10/3588 3599/10/3589 3736/10/3589 
f 3599/10/3590 3598/10/3590 3736/10/3590 
f 3736/10/3590 3598/10/3590 3729/10/3590 
# 0 polygons - 483 triangles

#
# object wheel_rf_003
#

v  -1.0230 0.2353 -1.5014
v  -1.0230 0.2264 -1.4433
v  -1.0230 0.3752 -1.4433
v  -1.0230 0.2707 -1.5478
v  -1.0230 0.3187 -1.5798
v  -1.0230 0.3752 -1.5911
v  -1.0230 0.4317 -1.5798
v  -1.0230 0.4796 -1.5478
v  -1.0230 0.5116 -1.4999
v  -1.0230 0.5229 -1.4433
v  -1.0230 0.5116 -1.3868
v  -1.0230 0.4796 -1.3389
v  -1.0230 0.4317 -1.3069
v  -1.0230 0.3739 -1.2879
v  -1.0230 0.3252 -1.3103
v  -1.0230 0.2797 -1.3258
v  -1.0230 0.2387 -1.3868
v  -1.0238 0.2603 -1.5747
v  -1.0238 0.2039 -1.5754
v  -1.0238 0.2109 -1.5119
v  -1.0238 0.1647 -1.5101
v  -1.0238 0.3869 -1.6053
v  -1.0238 0.4608 -1.5986
v  -1.0238 0.4421 -1.6579
v  -1.0238 0.3724 -1.6635
v  -1.0238 0.5348 -1.4932
v  -1.0238 0.5529 -1.4138
v  -1.0238 0.5799 -1.5244
v  -1.0238 0.5961 -1.4451
v  -1.0238 0.4735 -1.3129
v  -1.0238 0.4134 -1.2685
v  -1.0238 0.4429 -1.2461
v  -1.0238 0.5152 -1.2818
v  -1.0238 0.2175 -1.3886
v  -1.0238 0.2680 -1.3153
v  -1.0238 0.2011 -1.3356
v  -1.0238 0.2539 -1.2786
v  -1.0238 0.4429 -1.2349
v  -1.0238 0.5310 -1.2796
v  -1.0238 0.6073 -1.4376
v  -1.0238 0.5850 -1.5403
v  -1.0238 0.3598 -1.6767
v  -1.0238 0.4530 -1.6679
v  -1.0238 0.1947 -1.5873
v  -1.0238 0.1506 -1.5019
v  -1.0238 0.1858 -1.3284
v  -1.0238 0.2553 -1.2614
v  -1.0081 0.5652 -1.5676
v  -1.0081 0.5212 -1.5334
v  -1.0081 0.4975 -1.5571
v  -1.0081 0.4804 -1.6059
v  -1.0081 0.4725 -1.6349
v  -1.0081 0.4883 -1.6441
v  -1.0081 0.5753 -1.4109
v  -1.0081 0.5917 -1.3978
v  -1.0081 0.5476 -1.3977
v  -1.0081 0.5239 -1.3727
v  -1.0081 0.5028 -1.3437
v  -1.0081 0.5453 -1.3092
v  -1.0081 0.2882 -1.2483
v  -1.0081 0.3077 -1.2966
v  -1.0081 0.3283 -1.2918
v  -1.0081 0.3744 -1.2730
v  -1.0081 0.4016 -1.2575
v  -1.0081 0.4011 -1.2337
v  -1.0081 0.1992 -1.3666
v  -1.0081 0.1770 -1.3564
v  -1.0081 0.2104 -1.4049
v  -1.0081 0.2141 -1.4445
v  -1.0081 0.2079 -1.4656
v  -1.0081 0.1558 -1.4673
v  -1.0081 0.2218 -1.6104
v  -1.0081 0.2775 -1.5998
v  -1.0081 0.3271 -1.6053
v  -1.0081 0.3381 -1.6148
v  -1.0081 0.3326 -1.6425
v  -1.0081 0.3136 -1.6658
v  -1.0080 0.3795 -1.6912
v  -1.0080 0.3795 -1.6553
v  -1.0080 0.4193 -1.6514
v  -1.0080 0.4263 -1.6866
v  -0.7031 0.3795 -1.6912
v  -0.7031 0.4193 -1.6514
v  -0.7031 0.3795 -1.6553
v  -0.7031 0.4263 -1.6866
v  -1.0080 0.4577 -1.6398
v  -1.0080 0.4714 -1.6730
v  -0.7031 0.4577 -1.6398
v  -0.7031 0.4714 -1.6730
v  -1.0080 0.4930 -1.6209
v  -1.0080 0.5129 -1.6508
v  -0.7031 0.4930 -1.6209
v  -0.7031 0.5129 -1.6508
v  -1.0080 0.5240 -1.5955
v  -1.0080 0.5493 -1.6209
v  -0.7031 0.5240 -1.5955
v  -0.7031 0.5493 -1.6209
v  -1.0080 0.5494 -1.5645
v  -1.0080 0.5792 -1.5845
v  -0.7031 0.5494 -1.5645
v  -0.7031 0.5792 -1.5845
v  -1.0080 0.5683 -1.5292
v  -1.0080 0.6014 -1.5429
v  -0.7031 0.5683 -1.5292
v  -0.7031 0.6014 -1.5429
v  -1.0080 0.5799 -1.4909
v  -1.0080 0.6151 -1.4979
v  -0.7031 0.5799 -1.4909
v  -0.7031 0.6151 -1.4979
v  -1.0080 0.5838 -1.4510
v  -1.0080 0.6197 -1.4510
v  -0.7031 0.5838 -1.4510
v  -0.7031 0.6197 -1.4510
v  -1.0080 0.5799 -1.4111
v  -1.0080 0.6151 -1.4041
v  -0.7031 0.5799 -1.4111
v  -0.7031 0.6151 -1.4041
v  -1.0080 0.5683 -1.3728
v  -1.0080 0.6014 -1.3591
v  -0.7031 0.5683 -1.3728
v  -0.7031 0.6014 -1.3591
v  -1.0080 0.5494 -1.3375
v  -1.0080 0.5792 -1.3175
v  -0.7031 0.5494 -1.3375
v  -0.7031 0.5792 -1.3175
v  -1.0080 0.5240 -1.3065
v  -1.0080 0.5493 -1.2811
v  -0.7031 0.5240 -1.3065
v  -0.7031 0.5493 -1.2811
v  -1.0080 0.4930 -1.2811
v  -1.0080 0.5129 -1.2512
v  -0.7031 0.4930 -1.2811
v  -0.7031 0.5129 -1.2512
v  -1.0080 0.4577 -1.2622
v  -1.0080 0.4714 -1.2290
v  -0.7031 0.4577 -1.2622
v  -0.7031 0.4714 -1.2290
v  -1.0080 0.4193 -1.2506
v  -1.0080 0.4263 -1.2154
v  -0.7031 0.4193 -1.2506
v  -0.7031 0.4263 -1.2154
v  -1.0080 0.3795 -1.2467
v  -1.0080 0.3795 -1.2107
v  -0.7031 0.3795 -1.2467
v  -0.7031 0.3795 -1.2107
v  -1.0080 0.3396 -1.2506
v  -1.0080 0.3326 -1.2154
v  -0.7031 0.3396 -1.2506
v  -0.7031 0.3326 -1.2154
v  -1.0080 0.3013 -1.2622
v  -1.0080 0.2875 -1.2290
v  -0.7031 0.3013 -1.2622
v  -0.7031 0.2875 -1.2290
v  -1.0080 0.2659 -1.2811
v  -1.0080 0.2460 -1.2512
v  -0.7031 0.2659 -1.2811
v  -0.7031 0.2460 -1.2512
v  -1.0080 0.2350 -1.3065
v  -1.0080 0.2096 -1.2811
v  -0.7031 0.2350 -1.3065
v  -0.7031 0.2096 -1.2811
v  -1.0080 0.2096 -1.3375
v  -1.0080 0.1797 -1.3175
v  -0.7031 0.2096 -1.3375
v  -0.7031 0.1797 -1.3175
v  -1.0080 0.1907 -1.3728
v  -1.0080 0.1575 -1.3591
v  -0.7031 0.1907 -1.3728
v  -0.7031 0.1575 -1.3591
v  -1.0080 0.1790 -1.4111
v  -1.0080 0.1438 -1.4041
v  -0.7031 0.1790 -1.4111
v  -0.7031 0.1438 -1.4041
v  -1.0080 0.1751 -1.4510
v  -1.0080 0.1392 -1.4510
v  -0.7031 0.1751 -1.4510
v  -0.7031 0.1392 -1.4510
v  -1.0080 0.1790 -1.4909
v  -1.0080 0.1438 -1.4979
v  -0.7031 0.1790 -1.4909
v  -0.7031 0.1438 -1.4979
v  -1.0080 0.1907 -1.5292
v  -1.0080 0.1575 -1.5429
v  -0.7031 0.1907 -1.5292
v  -0.7031 0.1575 -1.5429
v  -1.0080 0.2096 -1.5645
v  -1.0080 0.1797 -1.5845
v  -0.7031 0.2096 -1.5645
v  -0.7031 0.1797 -1.5845
v  -1.0080 0.2350 -1.5955
v  -1.0080 0.2096 -1.6209
v  -0.7031 0.2350 -1.5955
v  -0.7031 0.2096 -1.6209
v  -1.0080 0.2659 -1.6209
v  -1.0080 0.2460 -1.6508
v  -0.7031 0.2659 -1.6209
v  -0.7031 0.2460 -1.6508
v  -1.0080 0.3013 -1.6398
v  -1.0080 0.2875 -1.6730
v  -0.7031 0.3013 -1.6398
v  -0.7031 0.2875 -1.6730
v  -1.0080 0.3396 -1.6514
v  -1.0080 0.3326 -1.6866
v  -0.7031 0.3396 -1.6514
v  -0.7031 0.3326 -1.6866
v  -1.0277 0.3757 -1.7121
v  -1.0277 0.3757 -1.6702
v  -1.0277 0.4185 -1.6660
v  -1.0277 0.4267 -1.7071
v  -0.7074 0.3757 -1.7121
v  -0.7074 0.4185 -1.6660
v  -0.7074 0.3757 -1.6702
v  -0.7074 0.4267 -1.7071
v  -1.0277 0.4597 -1.6535
v  -1.0277 0.4758 -1.6922
v  -0.7074 0.4597 -1.6535
v  -0.7074 0.4758 -1.6922
v  -1.0277 0.4977 -1.6332
v  -1.0277 0.5210 -1.6680
v  -0.7074 0.4977 -1.6332
v  -0.7074 0.5210 -1.6680
v  -1.0277 0.5310 -1.6059
v  -1.0277 0.5607 -1.6355
v  -0.7074 0.5310 -1.6059
v  -0.7074 0.5607 -1.6355
v  -1.0277 0.5584 -1.5726
v  -1.0277 0.5932 -1.5959
v  -0.7074 0.5584 -1.5726
v  -0.7074 0.5932 -1.5959
v  -1.0277 0.5787 -1.5346
v  -1.0277 0.6174 -1.5506
v  -0.7074 0.5787 -1.5346
v  -0.7074 0.6174 -1.5506
v  -1.0277 0.5912 -1.4934
v  -1.0277 0.6323 -1.5015
v  -0.7074 0.5912 -1.4934
v  -0.7074 0.6323 -1.5015
v  -1.0277 0.5954 -1.4505
v  -1.0277 0.6373 -1.4505
v  -0.7074 0.5954 -1.4505
v  -0.7074 0.6373 -1.4505
v  -1.0277 0.5912 -1.4076
v  -1.0277 0.6323 -1.3995
v  -0.7074 0.5912 -1.4076
v  -0.7074 0.6323 -1.3995
v  -1.0277 0.5787 -1.3664
v  -1.0277 0.6174 -1.3504
v  -0.7074 0.5787 -1.3664
v  -0.7074 0.6174 -1.3504
v  -1.0277 0.5584 -1.3284
v  -1.0277 0.5932 -1.3051
v  -0.7074 0.5584 -1.3284
v  -0.7074 0.5932 -1.3051
v  -1.0277 0.5310 -1.2951
v  -1.0277 0.5607 -1.2655
v  -0.7074 0.5310 -1.2951
v  -0.7074 0.5607 -1.2655
v  -1.0277 0.4977 -1.2678
v  -1.0277 0.5210 -1.2329
v  -0.7074 0.4977 -1.2678
v  -0.7074 0.5210 -1.2329
v  -1.0277 0.4597 -1.2475
v  -1.0277 0.4758 -1.2088
v  -0.7074 0.4597 -1.2475
v  -0.7074 0.4758 -1.2088
v  -1.0277 0.4185 -1.2350
v  -1.0277 0.4267 -1.1939
v  -0.7074 0.4185 -1.2350
v  -0.7074 0.4267 -1.1939
v  -1.0277 0.3757 -1.2308
v  -1.0277 0.3757 -1.1889
v  -0.7074 0.3757 -1.2308
v  -0.7074 0.3757 -1.1889
v  -1.0277 0.3328 -1.2350
v  -1.0277 0.3246 -1.1939
v  -0.7074 0.3328 -1.2350
v  -0.7074 0.3246 -1.1939
v  -1.0277 0.2916 -1.2475
v  -1.0277 0.2755 -1.2088
v  -0.7074 0.2916 -1.2475
v  -0.7074 0.2755 -1.2088
v  -1.0277 0.2536 -1.2678
v  -1.0277 0.2303 -1.2329
v  -0.7074 0.2536 -1.2678
v  -0.7074 0.2303 -1.2329
v  -1.0277 0.2203 -1.2951
v  -1.0277 0.1907 -1.2655
v  -0.7074 0.2203 -1.2951
v  -0.7074 0.1907 -1.2655
v  -1.0277 0.1930 -1.3284
v  -1.0277 0.1581 -1.3051
v  -0.7074 0.1930 -1.3284
v  -0.7074 0.1581 -1.3051
v  -1.0277 0.1727 -1.3664
v  -1.0277 0.1339 -1.3504
v  -0.7074 0.1727 -1.3664
v  -0.7074 0.1339 -1.3504
v  -1.0277 0.1602 -1.4076
v  -1.0277 0.1191 -1.3995
v  -0.7074 0.1602 -1.4076
v  -0.7074 0.1191 -1.3995
v  -1.0277 0.1560 -1.4505
v  -1.0277 0.1140 -1.4505
v  -0.7074 0.1560 -1.4505
v  -0.7074 0.1140 -1.4505
v  -1.0277 0.1602 -1.4934
v  -1.0277 0.1191 -1.5015
v  -0.7074 0.1602 -1.4934
v  -0.7074 0.1191 -1.5015
v  -1.0277 0.1727 -1.5346
v  -1.0277 0.1339 -1.5506
v  -0.7074 0.1727 -1.5346
v  -0.7074 0.1339 -1.5506
v  -1.0277 0.1930 -1.5726
v  -1.0277 0.1581 -1.5959
v  -0.7074 0.1930 -1.5726
v  -0.7074 0.1581 -1.5959
v  -1.0277 0.2203 -1.6059
v  -1.0277 0.1907 -1.6355
v  -0.7074 0.2203 -1.6059
v  -0.7074 0.1907 -1.6355
v  -1.0277 0.2536 -1.6332
v  -1.0277 0.2303 -1.6680
v  -0.7074 0.2536 -1.6332
v  -0.7074 0.2303 -1.6680
v  -1.0277 0.2916 -1.6535
v  -1.0277 0.2755 -1.6922
v  -0.7074 0.2916 -1.6535
v  -0.7074 0.2755 -1.6922
v  -1.0277 0.3328 -1.6660
v  -1.0277 0.3246 -1.7071
v  -0.7074 0.3328 -1.6660
v  -0.7074 0.3246 -1.7071
v  -0.9835 0.4215 -1.4434
v  -1.0291 0.4215 -1.4434
v  -0.9835 0.4329 -1.4632
v  -1.0291 0.4329 -1.4632
v  -0.9835 0.4557 -1.4632
v  -1.0291 0.4557 -1.4632
v  -0.9835 0.4672 -1.4434
v  -1.0291 0.4672 -1.4434
v  -0.9835 0.4557 -1.4237
v  -1.0291 0.4557 -1.4237
v  -0.9835 0.4329 -1.4237
v  -1.0291 0.4329 -1.4237
v  -0.9835 0.4443 -1.4434
v  -1.0291 0.4443 -1.4434
v  -0.9835 0.3693 -1.3743
v  -1.0291 0.3693 -1.3743
v  -0.9835 0.3807 -1.3941
v  -1.0291 0.3807 -1.3941
v  -0.9835 0.4035 -1.3941
v  -1.0291 0.4035 -1.3941
v  -0.9835 0.4149 -1.3743
v  -1.0291 0.4149 -1.3743
v  -0.9835 0.4035 -1.3546
v  -1.0291 0.4035 -1.3546
v  -0.9835 0.3807 -1.3546
v  -1.0291 0.3807 -1.3546
v  -0.9835 0.3921 -1.3743
v  -1.0291 0.3921 -1.3743
v  -0.9835 0.2896 -1.4036
v  -1.0291 0.2896 -1.4036
v  -0.9835 0.3010 -1.4234
v  -1.0291 0.3010 -1.4234
v  -0.9835 0.3238 -1.4234
v  -1.0291 0.3238 -1.4234
v  -0.9835 0.3352 -1.4036
v  -1.0291 0.3352 -1.4036
v  -0.9835 0.3238 -1.3839
v  -1.0291 0.3238 -1.3839
v  -0.9835 0.3010 -1.3839
v  -1.0291 0.3010 -1.3839
v  -0.9835 0.3124 -1.4036
v  -1.0291 0.3124 -1.4036
v  -0.9835 0.2943 -1.4896
v  -1.0291 0.2943 -1.4896
v  -0.9835 0.3057 -1.5093
v  -1.0291 0.3057 -1.5093
v  -0.9835 0.3286 -1.5093
v  -1.0291 0.3286 -1.5093
v  -0.9835 0.3400 -1.4896
v  -1.0291 0.3400 -1.4896
v  -0.9835 0.3286 -1.4698
v  -1.0291 0.3286 -1.4698
v  -0.9835 0.3057 -1.4698
v  -1.0291 0.3057 -1.4698
v  -0.9835 0.3172 -1.4896
v  -1.0291 0.3172 -1.4896
v  -0.9835 0.3787 -1.5102
v  -1.0291 0.3787 -1.5102
v  -0.9835 0.3901 -1.5300
v  -1.0291 0.3901 -1.5300
v  -0.9835 0.4129 -1.5300
v  -1.0291 0.4129 -1.5300
v  -0.9835 0.4243 -1.5102
v  -1.0291 0.4243 -1.5102
v  -0.9835 0.4129 -1.4905
v  -1.0291 0.4129 -1.4905
v  -0.9835 0.3901 -1.4905
v  -1.0291 0.3901 -1.4905
v  -0.9835 0.4015 -1.5102
v  -1.0291 0.4015 -1.5102
v  -0.9321 0.1958 -1.4412
v  -0.9509 0.1958 -1.4412
v  -0.9321 0.2092 -1.5088
v  -0.9509 0.2092 -1.5088
v  -0.9321 0.2475 -1.5660
v  -0.9509 0.2475 -1.5660
v  -0.9321 0.3047 -1.6043
v  -0.9509 0.3047 -1.6043
v  -0.9321 0.3723 -1.6178
v  -0.9509 0.3723 -1.6178
v  -0.9321 0.4399 -1.6043
v  -0.9509 0.4399 -1.6043
v  -0.9321 0.4972 -1.5660
v  -0.9509 0.4972 -1.5660
v  -0.9321 0.5354 -1.5088
v  -0.9509 0.5354 -1.5088
v  -0.9321 0.5489 -1.4412
v  -0.9509 0.5489 -1.4412
v  -0.9321 0.5354 -1.3736
v  -0.9509 0.5354 -1.3736
v  -0.9321 0.4972 -1.3164
v  -0.9509 0.4972 -1.3164
v  -0.9321 0.4399 -1.2781
v  -0.9509 0.4399 -1.2781
v  -0.9321 0.3723 -1.2646
v  -0.9509 0.3723 -1.2646
v  -0.9321 0.3047 -1.2781
v  -0.9509 0.3047 -1.2781
v  -0.9321 0.2475 -1.3164
v  -0.9509 0.2475 -1.3164
v  -0.9321 0.2092 -1.3736
v  -0.9509 0.2092 -1.3736
v  -0.9321 0.3723 -1.4412
v  -0.9509 0.3723 -1.4412
v  -1.0266 0.3761 -1.8271
v  -1.0266 0.3761 -1.7090
v  -1.0266 0.4265 -1.7041
v  -1.0266 0.4495 -1.8199
v  -0.7070 0.3761 -1.8271
v  -0.7070 0.4265 -1.7041
v  -0.7070 0.3761 -1.7090
v  -0.7070 0.4495 -1.8199
v  -1.0266 0.4749 -1.6894
v  -1.0266 0.5201 -1.7985
v  -0.7070 0.4749 -1.6894
v  -0.7070 0.5201 -1.7985
v  -1.0266 0.5195 -1.6655
v  -1.0266 0.5851 -1.7637
v  -0.7070 0.5195 -1.6655
v  -0.7070 0.5851 -1.7637
v  -1.0266 0.5586 -1.6334
v  -1.0266 0.6421 -1.7170
v  -0.7070 0.5586 -1.6334
v  -0.7070 0.6421 -1.7170
v  -1.0266 0.5907 -1.5943
v  -1.0266 0.6889 -1.6600
v  -0.7070 0.5907 -1.5943
v  -0.7070 0.6889 -1.6600
v  -1.0266 0.6145 -1.5497
v  -1.0266 0.7236 -1.5949
v  -0.7070 0.6145 -1.5497
v  -0.7070 0.7236 -1.5949
v  -1.0266 0.6292 -1.5013
v  -1.0266 0.7451 -1.5244
v  -0.7070 0.6292 -1.5013
v  -0.7070 0.7451 -1.5244
v  -1.0266 0.6342 -1.4510
v  -1.0266 0.7523 -1.4510
v  -0.7070 0.6342 -1.4510
v  -0.7070 0.7523 -1.4510
v  -1.0266 0.6292 -1.4007
v  -1.0266 0.7451 -1.3776
v  -0.7070 0.6292 -1.4007
v  -0.7070 0.7451 -1.3776
v  -1.0266 0.6145 -1.3523
v  -1.0266 0.7236 -1.3070
v  -0.7070 0.6145 -1.3523
v  -0.7070 0.7236 -1.3070
v  -1.0266 0.5907 -1.3076
v  -1.0266 0.6889 -1.2420
v  -0.7070 0.5907 -1.3076
v  -0.7070 0.6889 -1.2420
v  -1.0266 0.5586 -1.2685
v  -1.0266 0.6421 -1.1850
v  -0.7070 0.5586 -1.2685
v  -0.7070 0.6421 -1.1850
v  -1.0266 0.5195 -1.2365
v  -1.0266 0.5851 -1.1382
v  -0.7070 0.5195 -1.2365
v  -0.7070 0.5851 -1.1382
v  -1.0266 0.4749 -1.2126
v  -1.0266 0.5201 -1.1035
v  -0.7070 0.4749 -1.2126
v  -0.7070 0.5201 -1.1035
v  -1.0266 0.4265 -1.1979
v  -1.0266 0.4495 -1.0821
v  -0.7070 0.4265 -1.1979
v  -0.7070 0.4495 -1.0821
v  -1.0266 0.3761 -1.1930
v  -1.0266 0.3761 -1.0749
v  -0.7070 0.3761 -1.1930
v  -0.7070 0.3761 -1.0749
v  -1.0266 0.3258 -1.1979
v  -1.0266 0.3028 -1.0821
v  -0.7070 0.3258 -1.1979
v  -0.7070 0.3028 -1.0821
v  -1.0266 0.2774 -1.2126
v  -1.0266 0.2322 -1.1035
v  -0.7070 0.2774 -1.2126
v  -0.7070 0.2322 -1.1035
v  -1.0266 0.2328 -1.2365
v  -1.0266 0.1672 -1.1382
v  -0.7070 0.2328 -1.2365
v  -0.7070 0.1672 -1.1382
v  -1.0266 0.1937 -1.2685
v  -1.0266 0.1102 -1.1850
v  -0.7070 0.1937 -1.2685
v  -0.7070 0.1102 -1.1850
v  -1.0266 0.1616 -1.3076
v  -1.0266 0.0634 -1.2420
v  -0.7070 0.1616 -1.3076
v  -0.7070 0.0634 -1.2420
v  -1.0266 0.1378 -1.3523
v  -1.0266 0.0286 -1.3070
v  -0.7070 0.1378 -1.3523
v  -0.7070 0.0286 -1.3070
v  -1.0266 0.1231 -1.4007
v  -1.0266 0.0072 -1.3776
v  -0.7070 0.1231 -1.4007
v  -0.7070 0.0072 -1.3776
v  -1.0266 0.1181 -1.4510
v  -1.0266 0.0000 -1.4510
v  -0.7070 0.1181 -1.4510
v  -0.7070 0.0000 -1.4510
v  -1.0266 0.1231 -1.5013
v  -1.0266 0.0072 -1.5244
v  -0.7070 0.1231 -1.5013
v  -0.7070 0.0072 -1.5244
v  -1.0266 0.1378 -1.5497
v  -1.0266 0.0286 -1.5949
v  -0.7070 0.1378 -1.5497
v  -0.7070 0.0286 -1.5949
v  -1.0266 0.1616 -1.5943
v  -1.0266 0.0634 -1.6600
v  -0.7070 0.1616 -1.5943
v  -0.7070 0.0634 -1.6600
v  -1.0266 0.1937 -1.6334
v  -1.0266 0.1102 -1.7170
v  -0.7070 0.1937 -1.6334
v  -0.7070 0.1102 -1.7170
v  -1.0266 0.2328 -1.6655
v  -1.0266 0.1672 -1.7637
v  -0.7070 0.2328 -1.6655
v  -0.7070 0.1672 -1.7637
v  -1.0266 0.2774 -1.6894
v  -1.0266 0.2322 -1.7985
v  -0.7070 0.2774 -1.6894
v  -0.7070 0.2322 -1.7985
v  -1.0266 0.3258 -1.7041
v  -1.0266 0.3028 -1.8199
v  -0.7070 0.3258 -1.7041
v  -0.7070 0.3028 -1.8199
v  -1.0063 0.1635 -1.4389
v  -1.0083 0.1593 -1.4324
v  -1.0361 0.1741 -1.4324
v  -1.0344 0.1775 -1.4376
v  -1.0030 0.1703 -1.4364
v  -1.0317 0.1831 -1.4356
v  -1.0030 0.1703 -1.4284
v  -1.0317 0.1831 -1.4291
v  -1.0063 0.1635 -1.4259
v  -1.0344 0.1775 -1.4271
v  -1.0054 0.1654 -1.4324
v  -1.0337 0.1790 -1.4324
# 577 vertices

vn -0.9962 -0.0330 0.0809
vn -1.0000 0.0046 -0.0010
vn -1.0000 0.0000 -0.0000
vn -0.9999 0.0121 0.0119
vn -1.0000 0.0025 0.0037
vn -0.9908 -0.0947 -0.0962
vn -0.9998 -0.0042 0.0187
vn -1.0000 -0.0026 0.0039
vn -0.9999 -0.0106 0.0021
vn -0.9998 -0.0178 0.0025
vn -1.0000 -0.0051 -0.0010
vn -1.0000 -0.0053 -0.0079
vn -0.9998 -0.0111 -0.0170
vn -1.0000 -0.0020 -0.0061
vn -0.9947 0.0877 0.0542
vn -0.9997 0.0224 -0.0117
vn -0.9998 0.0146 0.0160
vn -0.9892 -0.0151 0.1455
vn -0.9939 -0.1103 0.0006
vn -0.9998 -0.0067 0.0168
vn -0.9898 -0.1255 0.0669
vn -0.9998 -0.0188 0.0039
vn -0.9999 -0.0163 -0.0005
vn -0.9997 -0.0139 -0.0204
vn -0.9998 -0.0074 -0.0165
vn -0.9995 0.0286 -0.0114
vn -0.9884 0.1371 0.0653
vn -0.9872 0.1557 0.0335
vn -0.9321 -0.2623 -0.2497
vn -0.9260 -0.2847 -0.2478
vn -0.8670 -0.4739 -0.1543
vn -0.9458 0.0655 -0.3181
vn -0.9091 0.1990 -0.3661
vn -0.9376 -0.0830 -0.3376
vn -0.8244 0.5000 -0.2653
vn -0.8046 0.5313 -0.2651
vn -0.7992 0.5743 -0.1775
vn -0.8026 0.5682 -0.1818
vn -0.8099 0.5614 -0.1701
vn -0.8145 0.5532 -0.1747
vn -0.9308 0.2319 0.2827
vn -0.9132 0.2053 0.3519
vn -0.9197 0.2143 0.3291
vn -0.9353 0.2402 0.2599
vn -0.9317 -0.2086 0.2973
vn -0.9331 -0.2202 0.2842
vn -0.9335 -0.2240 0.2798
vn -0.9309 -0.2030 0.3036
vn -0.7025 0.4168 0.5770
vn -0.6286 0.3950 0.6699
vn -0.6766 0.3927 0.6229
vn -0.6269 0.4180 0.6575
vn -0.7481 0.4938 0.4434
vn -0.7718 0.4981 0.3952
vn -0.8093 0.5543 0.1943
vn -0.7562 0.5570 0.3435
vn -0.8270 0.5525 0.1039
vn -0.9379 0.2188 -0.2692
vn -0.9349 0.2187 -0.2795
vn -0.9299 0.1881 -0.3160
vn -0.9230 0.1653 -0.3475
vn -0.8940 0.0627 -0.4437
vn -0.8962 0.4421 -0.0368
vn -0.9341 0.3445 0.0934
vn -0.9407 0.3078 0.1423
vn -0.7805 -0.2020 0.5916
vn -0.7717 -0.1804 0.6099
vn -0.7514 -0.2136 0.6243
vn -0.7427 -0.2160 0.6338
vn -0.6778 -0.3260 0.6590
vn -0.6656 -0.3230 0.6728
vn -0.7045 -0.3778 0.6009
vn -0.7012 -0.3926 0.5952
vn -0.7114 -0.4249 0.5598
vn -0.9354 -0.3536 -0.0072
vn -0.9355 -0.3533 -0.0058
vn -0.9360 -0.3520 -0.0008
vn -0.9362 -0.3513 0.0017
vn -0.8801 -0.1986 -0.4313
vn -0.8808 -0.1966 -0.4308
vn -0.8794 -0.2006 -0.4317
vn -0.8785 -0.2034 -0.4323
vn -0.5758 -0.7823 -0.2377
vn -0.5721 -0.7838 -0.2416
vn -0.5681 -0.7968 -0.2058
vn -0.5628 -0.8113 -0.1584
vn -0.6249 -0.7736 -0.1046
vn -0.6392 -0.7636 -0.0914
vn -0.6387 -0.7606 -0.1167
vn -0.9549 -0.2030 0.2166
vn -0.9257 -0.3628 0.1067
vn -0.9386 0.0426 0.3425
vn -0.9301 0.0813 0.3581
vn -0.9009 0.2173 0.3757
vn -0.9153 0.3178 -0.2475
vn -0.9006 0.0345 -0.4332
vn -0.9134 0.0050 -0.4071
vn -0.8739 0.0293 -0.4852
vn -0.8541 0.0052 -0.5200
vn -0.8468 -0.0706 -0.5273
vn -0.8838 -0.1221 -0.4517
vn -0.9573 -0.2716 -0.0992
vn -0.9457 -0.2927 0.1414
vn -0.9404 -0.2593 0.2201
vn -0.9340 -0.2587 0.2464
vn 1.0000 0.0000 -0.0000
vn -0.0000 -0.1951 0.9808
vn 0.0000 -0.0000 1.0000
vn -0.0000 0.1951 -0.9808
vn -0.0000 -0.0000 -1.0000
vn -0.0000 -0.3827 0.9239
vn -0.0000 0.3827 -0.9239
vn 0.0000 -0.5556 0.8315
vn -0.0000 0.5556 -0.8315
vn 0.0000 -0.7071 0.7071
vn 0.0000 0.7071 -0.7071
vn 0.0000 -0.8315 0.5556
vn -0.0000 0.8315 -0.5556
vn 0.0000 -0.9239 0.3827
vn -0.0000 0.9239 -0.3827
vn -0.0000 -0.9808 0.1951
vn 0.0000 0.9808 -0.1951
vn -0.0000 -1.0000 0.0000
vn -0.0000 1.0000 -0.0000
vn 0.0000 -0.9808 -0.1951
vn -0.0000 0.9808 0.1951
vn 0.0000 -0.9239 -0.3827
vn 0.0000 0.9239 0.3827
vn 0.0000 -0.8315 -0.5556
vn -0.0000 0.8315 0.5556
vn 0.0000 -0.7071 -0.7071
vn -0.0000 0.7071 0.7071
vn 0.0000 -0.5556 -0.8315
vn 0.0000 0.5556 0.8315
vn -0.0000 -0.3827 -0.9239
vn 0.0000 0.3827 0.9239
vn 0.0000 -0.1951 -0.9808
vn 0.0000 0.1951 0.9808
vn 0.0000 -0.8660 -0.5000
vn 0.0000 0.0000 -1.0000
vn 0.0000 0.8660 -0.5000
vn 0.0000 0.8660 0.5000
vn 0.0000 0.0000 1.0000
vn 0.0000 -0.8660 0.5000
vn -0.0000 -0.1951 -0.9808
vn 0.0000 0.8315 -0.5556
vn -0.0000 0.9808 -0.1951
vn -0.0000 0.5556 0.8315
vn -0.0000 0.1951 0.9808
vn -0.0000 -0.0000 1.0000
vn -0.0000 0.0000 -1.0000
vn -0.0000 -0.5556 0.8315
vn 0.0000 0.9239 -0.3827
vn 0.0000 -0.9808 0.1951
vn 0.0000 -1.0000 0.0000
vn 0.0000 1.0000 -0.0000
vn 0.0000 0.9808 0.1951
vn 0.0000 -0.3827 -0.9239
vn -0.3815 -0.7137 -0.5874
vn 0.1042 0.2924 -0.9506
vn 0.4053 0.9142 -0.0000
vn 0.1055 0.2921 0.9506
vn -0.3808 -0.7141 0.5874
vn 0.9005 -0.4350 0.0000
vn -0.9004 0.4350 0.0001
# 165 vertex normals

vt 0.0000 0.0000 0.0000
# 1 texture coords

g wheel_rf_003
usemtl Material_26
s off
f 3737/11/3591 3738/11/3592 3739/11/3593 
f 3740/11/3594 3737/11/3591 3739/11/3593 
f 3741/11/3595 3740/11/3594 3739/11/3593 
f 3742/11/3596 3741/11/3595 3739/11/3593 
f 3742/11/3596 3739/11/3593 3743/11/3597 
f 3743/11/3597 3739/11/3593 3744/11/3598 
f 3744/11/3598 3739/11/3593 3745/11/3599 
f 3745/11/3599 3739/11/3593 3746/11/3600 
f 3739/11/3593 3747/11/3601 3746/11/3600 
f 3739/11/3593 3748/11/3602 3747/11/3601 
f 3739/11/3593 3749/11/3603 3748/11/3602 
f 3739/11/3593 3750/11/3604 3749/11/3603 
f 3739/11/3593 3751/11/3593 3750/11/3604 
f 3739/11/3593 3752/11/3605 3751/11/3593 
f 3739/11/3593 3753/11/3606 3752/11/3605 
f 3738/11/3592 3753/11/3606 3739/11/3593 
f 3741/11/3595 3754/11/3607 3740/11/3594 
f 3755/11/3593 3756/11/3608 3754/11/3607 
f 3755/11/3593 3757/11/3593 3756/11/3608 
f 3740/11/3594 3756/11/3608 3737/11/3591 
f 3754/11/3607 3756/11/3608 3740/11/3594 
f 3758/11/3609 3742/11/3596 3743/11/3597 
f 3759/11/3610 3743/11/3597 3744/11/3598 
f 3758/11/3609 3743/11/3597 3759/11/3610 
f 3760/11/3593 3758/11/3609 3759/11/3610 
f 3761/11/3611 3758/11/3609 3760/11/3593 
f 3745/11/3599 3746/11/3600 3762/11/3612 
f 3746/11/3600 3747/11/3601 3763/11/3613 
f 3762/11/3612 3746/11/3600 3763/11/3613 
f 3764/11/3593 3763/11/3613 3765/11/3593 
f 3764/11/3593 3762/11/3612 3763/11/3613 
f 3748/11/3602 3749/11/3603 3766/11/3614 
f 3749/11/3603 3750/11/3604 3767/11/3615 
f 3766/11/3614 3749/11/3603 3767/11/3615 
f 3766/11/3614 3767/11/3615 3768/11/3593 
f 3766/11/3614 3768/11/3593 3769/11/3593 
f 3738/11/3592 3770/11/3616 3753/11/3606 
f 3770/11/3616 3771/11/3617 3753/11/3606 
f 3753/11/3606 3771/11/3617 3752/11/3605 
f 3770/11/3616 3772/11/3593 3773/11/3618 
f 3770/11/3616 3773/11/3618 3771/11/3617 
f 3769/11/3593 3774/11/3593 3775/11/3593 
f 3769/11/3593 3768/11/3593 3774/11/3593 
f 3764/11/3593 3765/11/3593 3776/11/3593 
f 3777/11/3593 3764/11/3593 3776/11/3593 
f 3778/11/3593 3760/11/3593 3779/11/3593 
f 3778/11/3593 3761/11/3611 3760/11/3593 
f 3780/11/3593 3781/11/3593 3755/11/3593 
f 3755/11/3593 3781/11/3593 3757/11/3593 
f 3772/11/3593 3782/11/3593 3783/11/3593 
f 3772/11/3593 3783/11/3593 3773/11/3618 
f 3784/11/3619 3764/11/3620 3777/11/3621 
f 3784/11/3619 3785/11/3622 3764/11/3620 
f 3785/11/3622 3745/11/3623 3762/11/3624 
f 3786/11/3625 3745/11/3623 3785/11/3622 
f 3786/11/3625 3744/11/3626 3745/11/3623 
f 3787/11/3627 3744/11/3626 3786/11/3625 
f 3787/11/3627 3759/11/3628 3744/11/3626 
f 3788/11/3629 3759/11/3628 3787/11/3627 
f 3760/11/3630 3759/11/3628 3788/11/3629 
f 3760/11/3631 3788/11/3632 3789/11/3633 
f 3779/11/3634 3760/11/3631 3789/11/3633 
f 3776/11/3635 3790/11/3636 3791/11/3637 
f 3765/11/3638 3790/11/3636 3776/11/3635 
f 3765/11/3639 3763/11/3640 3790/11/3641 
f 3790/11/3641 3763/11/3640 3792/11/3642 
f 3792/11/3642 3747/11/3643 3793/11/3644 
f 3763/11/3640 3747/11/3643 3792/11/3642 
f 3793/11/3644 3748/11/3645 3794/11/3646 
f 3747/11/3643 3748/11/3645 3793/11/3644 
f 3794/11/3646 3748/11/3645 3766/11/3647 
f 3794/11/3648 3766/11/3649 3795/11/3650 
f 3766/11/3649 3769/11/3651 3795/11/3650 
f 3795/11/3650 3769/11/3651 3775/11/3652 
f 3773/11/3618 3783/11/3653 3796/11/3654 
f 3797/11/3655 3773/11/3618 3796/11/3654 
f 3771/11/3617 3773/11/3618 3797/11/3655 
f 3752/11/3605 3771/11/3617 3797/11/3655 
f 3752/11/3656 3797/11/3657 3751/11/3658 
f 3751/11/3658 3797/11/3657 3798/11/3659 
f 3751/11/3658 3798/11/3659 3799/11/3660 
f 3799/11/3660 3750/11/3661 3751/11/3658 
f 3799/11/3660 3800/11/3662 3767/11/3663 
f 3767/11/3663 3750/11/3661 3799/11/3660 
f 3767/11/3663 3800/11/3662 3768/11/3664 
f 3800/11/3665 3801/11/3666 3768/11/3667 
f 3768/11/3667 3801/11/3666 3774/11/3668 
f 3802/11/3669 3803/11/3670 3782/11/3671 
f 3802/11/3669 3782/11/3671 3772/11/3672 
f 3802/11/3673 3772/11/3674 3770/11/3675 
f 3802/11/3673 3770/11/3675 3804/11/3676 
f 3804/11/3676 3770/11/3675 3738/11/3677 
f 3804/11/3676 3738/11/3677 3805/11/3678 
f 3805/11/3678 3738/11/3677 3737/11/3679 
f 3737/11/3591 3806/11/3680 3805/11/3681 
f 3756/11/3608 3806/11/3680 3737/11/3591 
f 3756/11/3608 3807/11/3682 3806/11/3680 
f 3756/11/3608 3757/11/3683 3807/11/3682 
f 3757/11/3683 3781/11/3684 3807/11/3682 
f 3808/11/3685 3780/11/3685 3755/11/3685 
f 3808/11/3686 3755/11/3687 3754/11/3688 
f 3808/11/3686 3754/11/3688 3809/11/3689 
f 3809/11/3689 3754/11/3688 3741/11/3690 
f 3810/11/3691 3809/11/3689 3741/11/3690 
f 3810/11/3691 3741/11/3690 3742/11/3596 
f 3811/11/3692 3810/11/3691 3742/11/3596 
f 3811/11/3692 3742/11/3596 3758/11/3609 
f 3812/11/3693 3811/11/3692 3758/11/3609 
f 3761/11/3611 3812/11/3693 3758/11/3609 
f 3813/11/3694 3812/11/3693 3761/11/3611 
f 3778/11/3695 3813/11/3694 3761/11/3611 
f 3785/11/3622 3762/11/3624 3764/11/3620 
f 3814/11/3593 3815/11/3593 3816/11/3593 
f 3814/11/3593 3816/11/3593 3817/11/3593 
f 3818/11/3696 3819/11/3696 3820/11/3696 
f 3818/11/3696 3821/11/3696 3819/11/3696 
f 3817/11/3593 3816/11/3593 3822/11/3593 
f 3817/11/3593 3822/11/3593 3823/11/3593 
f 3821/11/3696 3824/11/3696 3819/11/3696 
f 3821/11/3696 3825/11/3696 3824/11/3696 
f 3823/11/3593 3822/11/3593 3826/11/3593 
f 3823/11/3593 3826/11/3593 3827/11/3593 
f 3825/11/3696 3828/11/3696 3824/11/3696 
f 3825/11/3696 3829/11/3696 3828/11/3696 
f 3827/11/3593 3826/11/3593 3830/11/3593 
f 3827/11/3593 3830/11/3593 3831/11/3593 
f 3829/11/3696 3832/11/3696 3828/11/3696 
f 3829/11/3696 3833/11/3696 3832/11/3696 
f 3831/11/3593 3830/11/3593 3834/11/3593 
f 3831/11/3593 3834/11/3593 3835/11/3593 
f 3833/11/3696 3836/11/3696 3832/11/3696 
f 3833/11/3696 3837/11/3696 3836/11/3696 
f 3835/11/3593 3834/11/3593 3838/11/3593 
f 3835/11/3593 3838/11/3593 3839/11/3593 
f 3837/11/3696 3840/11/3696 3836/11/3696 
f 3837/11/3696 3841/11/3696 3840/11/3696 
f 3839/11/3593 3838/11/3593 3842/11/3593 
f 3839/11/3593 3842/11/3593 3843/11/3593 
f 3841/11/3696 3844/11/3696 3840/11/3696 
f 3841/11/3696 3845/11/3696 3844/11/3696 
f 3843/11/3593 3842/11/3593 3846/11/3593 
f 3843/11/3593 3846/11/3593 3847/11/3593 
f 3845/11/3696 3848/11/3696 3844/11/3696 
f 3845/11/3696 3849/11/3696 3848/11/3696 
f 3846/11/3593 3850/11/3593 3847/11/3593 
f 3847/11/3593 3850/11/3593 3851/11/3593 
f 3849/11/3696 3852/11/3696 3848/11/3696 
f 3849/11/3696 3853/11/3696 3852/11/3696 
f 3850/11/3593 3854/11/3593 3851/11/3593 
f 3851/11/3593 3854/11/3593 3855/11/3593 
f 3852/11/3696 3853/11/3696 3856/11/3696 
f 3853/11/3696 3857/11/3696 3856/11/3696 
f 3854/11/3593 3858/11/3593 3855/11/3593 
f 3855/11/3593 3858/11/3593 3859/11/3593 
f 3856/11/3696 3857/11/3696 3860/11/3696 
f 3857/11/3696 3861/11/3696 3860/11/3696 
f 3858/11/3593 3862/11/3593 3859/11/3593 
f 3859/11/3593 3862/11/3593 3863/11/3593 
f 3860/11/3696 3861/11/3696 3864/11/3696 
f 3861/11/3696 3865/11/3696 3864/11/3696 
f 3862/11/3593 3866/11/3593 3863/11/3593 
f 3863/11/3593 3866/11/3593 3867/11/3593 
f 3864/11/3696 3865/11/3696 3868/11/3696 
f 3865/11/3696 3869/11/3696 3868/11/3696 
f 3866/11/3593 3870/11/3593 3867/11/3593 
f 3870/11/3593 3871/11/3593 3867/11/3593 
f 3868/11/3696 3869/11/3696 3872/11/3696 
f 3872/11/3696 3869/11/3696 3873/11/3696 
f 3870/11/3593 3874/11/3593 3871/11/3593 
f 3874/11/3593 3875/11/3593 3871/11/3593 
f 3872/11/3696 3873/11/3696 3876/11/3696 
f 3876/11/3696 3873/11/3696 3877/11/3696 
f 3874/11/3593 3878/11/3593 3875/11/3593 
f 3878/11/3593 3879/11/3593 3875/11/3593 
f 3876/11/3696 3877/11/3696 3880/11/3696 
f 3880/11/3696 3877/11/3696 3881/11/3696 
f 3882/11/3593 3879/11/3593 3878/11/3593 
f 3882/11/3593 3883/11/3593 3879/11/3593 
f 3884/11/3696 3880/11/3696 3881/11/3696 
f 3884/11/3696 3881/11/3696 3885/11/3696 
f 3886/11/3593 3883/11/3593 3882/11/3593 
f 3886/11/3593 3887/11/3593 3883/11/3593 
f 3888/11/3696 3884/11/3696 3885/11/3696 
f 3888/11/3696 3885/11/3696 3889/11/3696 
f 3890/11/3593 3887/11/3593 3886/11/3593 
f 3890/11/3593 3891/11/3593 3887/11/3593 
f 3892/11/3696 3888/11/3696 3889/11/3696 
f 3892/11/3696 3889/11/3696 3893/11/3696 
f 3894/11/3593 3891/11/3593 3890/11/3593 
f 3894/11/3593 3895/11/3593 3891/11/3593 
f 3896/11/3696 3892/11/3696 3893/11/3696 
f 3896/11/3696 3893/11/3696 3897/11/3696 
f 3898/11/3593 3895/11/3593 3894/11/3593 
f 3898/11/3593 3899/11/3593 3895/11/3593 
f 3900/11/3696 3896/11/3696 3897/11/3696 
f 3900/11/3696 3897/11/3696 3901/11/3696 
f 3902/11/3593 3899/11/3593 3898/11/3593 
f 3902/11/3593 3903/11/3593 3899/11/3593 
f 3904/11/3696 3900/11/3696 3901/11/3696 
f 3904/11/3696 3901/11/3696 3905/11/3696 
f 3906/11/3593 3903/11/3593 3902/11/3593 
f 3906/11/3593 3907/11/3593 3903/11/3593 
f 3908/11/3696 3904/11/3696 3905/11/3696 
f 3908/11/3696 3905/11/3696 3909/11/3696 
f 3910/11/3593 3907/11/3593 3906/11/3593 
f 3911/11/3593 3907/11/3593 3910/11/3593 
f 3912/11/3696 3908/11/3696 3909/11/3696 
f 3912/11/3696 3909/11/3696 3913/11/3696 
f 3914/11/3593 3911/11/3593 3910/11/3593 
f 3915/11/3593 3911/11/3593 3914/11/3593 
f 3916/11/3696 3912/11/3696 3913/11/3696 
f 3917/11/3696 3916/11/3696 3913/11/3696 
f 3918/11/3593 3915/11/3593 3914/11/3593 
f 3919/11/3593 3915/11/3593 3918/11/3593 
f 3920/11/3696 3916/11/3696 3917/11/3696 
f 3921/11/3696 3920/11/3696 3917/11/3696 
f 3922/11/3593 3919/11/3593 3918/11/3593 
f 3923/11/3593 3919/11/3593 3922/11/3593 
f 3924/11/3696 3920/11/3696 3921/11/3696 
f 3925/11/3696 3924/11/3696 3921/11/3696 
f 3926/11/3593 3923/11/3593 3922/11/3593 
f 3927/11/3593 3923/11/3593 3926/11/3593 
f 3928/11/3696 3924/11/3696 3925/11/3696 
f 3929/11/3696 3928/11/3696 3925/11/3696 
f 3930/11/3593 3927/11/3593 3926/11/3593 
f 3931/11/3593 3927/11/3593 3930/11/3593 
f 3932/11/3696 3928/11/3696 3929/11/3696 
f 3933/11/3696 3932/11/3696 3929/11/3696 
f 3931/11/3593 3930/11/3593 3934/11/3593 
f 3935/11/3593 3931/11/3593 3934/11/3593 
f 3933/11/3696 3936/11/3696 3932/11/3696 
f 3937/11/3696 3936/11/3696 3933/11/3696 
f 3935/11/3593 3934/11/3593 3938/11/3593 
f 3939/11/3593 3935/11/3593 3938/11/3593 
f 3937/11/3696 3940/11/3696 3936/11/3696 
f 3941/11/3696 3940/11/3696 3937/11/3696 
f 3939/11/3593 3938/11/3593 3815/11/3593 
f 3814/11/3593 3939/11/3593 3815/11/3593 
f 3941/11/3696 3820/11/3696 3940/11/3696 
f 3818/11/3696 3820/11/3696 3941/11/3696 
f 3816/11/3697 3815/11/3698 3820/11/3698 
f 3816/11/3697 3820/11/3698 3819/11/3697 
f 3817/11/3699 3818/11/3700 3814/11/3700 
f 3821/11/3699 3818/11/3700 3817/11/3699 
f 3822/11/3701 3816/11/3697 3819/11/3697 
f 3822/11/3701 3819/11/3697 3824/11/3701 
f 3823/11/3702 3821/11/3699 3817/11/3699 
f 3825/11/3702 3821/11/3699 3823/11/3702 
f 3826/11/3703 3822/11/3701 3824/11/3701 
f 3826/11/3703 3824/11/3701 3828/11/3703 
f 3827/11/3704 3825/11/3702 3823/11/3702 
f 3829/11/3704 3825/11/3702 3827/11/3704 
f 3830/11/3705 3826/11/3703 3828/11/3703 
f 3830/11/3705 3828/11/3703 3832/11/3705 
f 3831/11/3706 3829/11/3704 3827/11/3704 
f 3833/11/3706 3829/11/3704 3831/11/3706 
f 3832/11/3705 3834/11/3707 3830/11/3705 
f 3836/11/3707 3834/11/3707 3832/11/3705 
f 3833/11/3706 3831/11/3706 3835/11/3708 
f 3833/11/3706 3835/11/3708 3837/11/3708 
f 3836/11/3707 3838/11/3709 3834/11/3707 
f 3840/11/3709 3838/11/3709 3836/11/3707 
f 3837/11/3708 3835/11/3708 3839/11/3710 
f 3837/11/3708 3839/11/3710 3841/11/3710 
f 3840/11/3709 3842/11/3711 3838/11/3709 
f 3844/11/3711 3842/11/3711 3840/11/3709 
f 3841/11/3710 3839/11/3710 3843/11/3712 
f 3841/11/3710 3843/11/3712 3845/11/3712 
f 3844/11/3711 3846/11/3713 3842/11/3711 
f 3844/11/3711 3848/11/3713 3846/11/3713 
f 3845/11/3712 3843/11/3712 3847/11/3714 
f 3845/11/3712 3847/11/3714 3849/11/3714 
f 3848/11/3713 3850/11/3715 3846/11/3713 
f 3852/11/3715 3850/11/3715 3848/11/3713 
f 3849/11/3714 3847/11/3714 3851/11/3716 
f 3849/11/3714 3851/11/3716 3853/11/3716 
f 3852/11/3715 3854/11/3717 3850/11/3715 
f 3856/11/3717 3854/11/3717 3852/11/3715 
f 3853/11/3716 3851/11/3716 3855/11/3718 
f 3853/11/3716 3855/11/3718 3857/11/3718 
f 3856/11/3717 3858/11/3719 3854/11/3717 
f 3860/11/3719 3858/11/3719 3856/11/3717 
f 3857/11/3718 3855/11/3718 3859/11/3720 
f 3857/11/3718 3859/11/3720 3861/11/3720 
f 3860/11/3719 3862/11/3721 3858/11/3719 
f 3864/11/3721 3862/11/3721 3860/11/3719 
f 3861/11/3720 3859/11/3720 3863/11/3722 
f 3861/11/3720 3863/11/3722 3865/11/3722 
f 3864/11/3721 3866/11/3723 3862/11/3721 
f 3864/11/3721 3868/11/3723 3866/11/3723 
f 3863/11/3722 3867/11/3724 3865/11/3722 
f 3865/11/3722 3867/11/3724 3869/11/3724 
f 3868/11/3723 3870/11/3725 3866/11/3723 
f 3868/11/3723 3872/11/3725 3870/11/3725 
f 3867/11/3724 3871/11/3726 3869/11/3724 
f 3869/11/3724 3871/11/3726 3873/11/3726 
f 3872/11/3725 3874/11/3727 3870/11/3725 
f 3872/11/3725 3876/11/3727 3874/11/3727 
f 3871/11/3726 3875/11/3728 3873/11/3726 
f 3873/11/3726 3875/11/3728 3877/11/3728 
f 3876/11/3727 3878/11/3700 3874/11/3727 
f 3876/11/3727 3880/11/3700 3878/11/3700 
f 3875/11/3728 3879/11/3698 3877/11/3728 
f 3877/11/3728 3879/11/3698 3881/11/3698 
f 3880/11/3700 3882/11/3699 3878/11/3700 
f 3880/11/3700 3884/11/3699 3882/11/3699 
f 3879/11/3698 3883/11/3697 3881/11/3698 
f 3881/11/3698 3883/11/3697 3885/11/3697 
f 3884/11/3699 3886/11/3702 3882/11/3699 
f 3884/11/3699 3888/11/3702 3886/11/3702 
f 3883/11/3697 3887/11/3701 3885/11/3697 
f 3885/11/3697 3887/11/3701 3889/11/3701 
f 3888/11/3702 3890/11/3704 3886/11/3702 
f 3888/11/3702 3892/11/3704 3890/11/3704 
f 3887/11/3701 3891/11/3703 3889/11/3701 
f 3889/11/3701 3891/11/3703 3893/11/3703 
f 3892/11/3704 3894/11/3706 3890/11/3704 
f 3892/11/3704 3896/11/3706 3894/11/3706 
f 3891/11/3703 3895/11/3705 3893/11/3703 
f 3893/11/3703 3895/11/3705 3897/11/3705 
f 3896/11/3706 3898/11/3708 3894/11/3706 
f 3900/11/3708 3898/11/3708 3896/11/3706 
f 3897/11/3705 3895/11/3705 3899/11/3707 
f 3897/11/3705 3899/11/3707 3901/11/3707 
f 3900/11/3708 3902/11/3710 3898/11/3708 
f 3904/11/3710 3902/11/3710 3900/11/3708 
f 3901/11/3707 3899/11/3707 3903/11/3709 
f 3901/11/3707 3903/11/3709 3905/11/3709 
f 3904/11/3710 3906/11/3712 3902/11/3710 
f 3908/11/3712 3906/11/3712 3904/11/3710 
f 3905/11/3709 3903/11/3709 3907/11/3711 
f 3905/11/3709 3907/11/3711 3909/11/3711 
f 3908/11/3712 3910/11/3714 3906/11/3712 
f 3912/11/3714 3910/11/3714 3908/11/3712 
f 3909/11/3711 3907/11/3711 3911/11/3713 
f 3909/11/3711 3911/11/3713 3913/11/3713 
f 3912/11/3714 3914/11/3716 3910/11/3714 
f 3916/11/3716 3914/11/3716 3912/11/3714 
f 3913/11/3713 3911/11/3713 3915/11/3715 
f 3917/11/3715 3913/11/3713 3915/11/3715 
f 3916/11/3716 3918/11/3718 3914/11/3716 
f 3920/11/3718 3918/11/3718 3916/11/3716 
f 3917/11/3715 3915/11/3715 3919/11/3717 
f 3917/11/3715 3919/11/3717 3921/11/3717 
f 3920/11/3718 3922/11/3720 3918/11/3718 
f 3924/11/3720 3922/11/3720 3920/11/3718 
f 3921/11/3717 3919/11/3717 3923/11/3719 
f 3921/11/3717 3923/11/3719 3925/11/3719 
f 3924/11/3720 3926/11/3722 3922/11/3720 
f 3928/11/3722 3926/11/3722 3924/11/3720 
f 3925/11/3719 3923/11/3719 3927/11/3721 
f 3925/11/3719 3927/11/3721 3929/11/3721 
f 3930/11/3724 3926/11/3722 3928/11/3722 
f 3930/11/3724 3928/11/3722 3932/11/3724 
f 3931/11/3723 3929/11/3721 3927/11/3721 
f 3933/11/3723 3929/11/3721 3931/11/3723 
f 3934/11/3726 3930/11/3724 3932/11/3724 
f 3934/11/3726 3932/11/3724 3936/11/3726 
f 3935/11/3725 3933/11/3723 3931/11/3723 
f 3937/11/3725 3933/11/3723 3935/11/3725 
f 3938/11/3728 3934/11/3726 3936/11/3726 
f 3938/11/3728 3936/11/3726 3940/11/3728 
f 3939/11/3727 3937/11/3725 3935/11/3725 
f 3941/11/3727 3937/11/3725 3939/11/3727 
f 3815/11/3698 3938/11/3728 3940/11/3728 
f 3815/11/3698 3940/11/3728 3820/11/3698 
f 3814/11/3700 3941/11/3727 3939/11/3727 
f 3818/11/3700 3941/11/3727 3814/11/3700 
f 3942/11/3593 3943/11/3593 3944/11/3593 
f 3942/11/3593 3944/11/3593 3945/11/3593 
f 3946/11/3696 3947/11/3696 3948/11/3696 
f 3946/11/3696 3949/11/3696 3947/11/3696 
f 3945/11/3593 3944/11/3593 3950/11/3593 
f 3945/11/3593 3950/11/3593 3951/11/3593 
f 3949/11/3696 3952/11/3696 3947/11/3696 
f 3949/11/3696 3953/11/3696 3952/11/3696 
f 3951/11/3593 3950/11/3593 3954/11/3593 
f 3951/11/3593 3954/11/3593 3955/11/3593 
f 3953/11/3696 3956/11/3696 3952/11/3696 
f 3953/11/3696 3957/11/3696 3956/11/3696 
f 3955/11/3593 3954/11/3593 3958/11/3593 
f 3955/11/3593 3958/11/3593 3959/11/3593 
f 3957/11/3696 3960/11/3696 3956/11/3696 
f 3957/11/3696 3961/11/3696 3960/11/3696 
f 3959/11/3593 3958/11/3593 3962/11/3593 
f 3959/11/3593 3962/11/3593 3963/11/3593 
f 3961/11/3696 3964/11/3696 3960/11/3696 
f 3961/11/3696 3965/11/3696 3964/11/3696 
f 3963/11/3593 3962/11/3593 3966/11/3593 
f 3963/11/3593 3966/11/3593 3967/11/3593 
f 3965/11/3696 3968/11/3696 3964/11/3696 
f 3965/11/3696 3969/11/3696 3968/11/3696 
f 3967/11/3593 3966/11/3593 3970/11/3593 
f 3967/11/3593 3970/11/3593 3971/11/3593 
f 3969/11/3696 3972/11/3696 3968/11/3696 
f 3969/11/3696 3973/11/3696 3972/11/3696 
f 3971/11/3593 3970/11/3593 3974/11/3593 
f 3971/11/3593 3974/11/3593 3975/11/3593 
f 3973/11/3696 3976/11/3696 3972/11/3696 
f 3973/11/3696 3977/11/3696 3976/11/3696 
f 3974/11/3593 3978/11/3593 3975/11/3593 
f 3975/11/3593 3978/11/3593 3979/11/3593 
f 3977/11/3696 3980/11/3696 3976/11/3696 
f 3977/11/3696 3981/11/3696 3980/11/3696 
f 3978/11/3593 3982/11/3593 3979/11/3593 
f 3979/11/3593 3982/11/3593 3983/11/3593 
f 3980/11/3696 3981/11/3696 3984/11/3696 
f 3981/11/3696 3985/11/3696 3984/11/3696 
f 3982/11/3593 3986/11/3593 3983/11/3593 
f 3983/11/3593 3986/11/3593 3987/11/3593 
f 3984/11/3696 3985/11/3696 3988/11/3696 
f 3985/11/3696 3989/11/3696 3988/11/3696 
f 3986/11/3593 3990/11/3593 3987/11/3593 
f 3987/11/3593 3990/11/3593 3991/11/3593 
f 3988/11/3696 3989/11/3696 3992/11/3696 
f 3989/11/3696 3993/11/3696 3992/11/3696 
f 3990/11/3593 3994/11/3593 3991/11/3593 
f 3994/11/3593 3995/11/3593 3991/11/3593 
f 3992/11/3696 3993/11/3696 3996/11/3696 
f 3996/11/3696 3993/11/3696 3997/11/3696 
f 3994/11/3593 3998/11/3593 3995/11/3593 
f 3998/11/3593 3999/11/3593 3995/11/3593 
f 3996/11/3696 3997/11/3696 4000/11/3696 
f 4000/11/3696 3997/11/3696 4001/11/3696 
f 3998/11/3593 4002/11/3593 3999/11/3593 
f 4002/11/3593 4003/11/3593 3999/11/3593 
f 4000/11/3696 4001/11/3696 4004/11/3696 
f 4004/11/3696 4001/11/3696 4005/11/3696 
f 4002/11/3593 4006/11/3593 4003/11/3593 
f 4006/11/3593 4007/11/3593 4003/11/3593 
f 4004/11/3696 4005/11/3696 4008/11/3696 
f 4008/11/3696 4005/11/3696 4009/11/3696 
f 4010/11/3593 4007/11/3593 4006/11/3593 
f 4010/11/3593 4011/11/3593 4007/11/3593 
f 4012/11/3696 4008/11/3696 4009/11/3696 
f 4012/11/3696 4009/11/3696 4013/11/3696 
f 4014/11/3593 4011/11/3593 4010/11/3593 
f 4014/11/3593 4015/11/3593 4011/11/3593 
f 4016/11/3696 4012/11/3696 4013/11/3696 
f 4016/11/3696 4013/11/3696 4017/11/3696 
f 4018/11/3593 4015/11/3593 4014/11/3593 
f 4018/11/3593 4019/11/3593 4015/11/3593 
f 4020/11/3696 4016/11/3696 4017/11/3696 
f 4020/11/3696 4017/11/3696 4021/11/3696 
f 4022/11/3593 4019/11/3593 4018/11/3593 
f 4022/11/3593 4023/11/3593 4019/11/3593 
f 4024/11/3696 4020/11/3696 4021/11/3696 
f 4024/11/3696 4021/11/3696 4025/11/3696 
f 4026/11/3593 4023/11/3593 4022/11/3593 
f 4026/11/3593 4027/11/3593 4023/11/3593 
f 4028/11/3696 4024/11/3696 4025/11/3696 
f 4028/11/3696 4025/11/3696 4029/11/3696 
f 4030/11/3593 4027/11/3593 4026/11/3593 
f 4030/11/3593 4031/11/3593 4027/11/3593 
f 4032/11/3696 4028/11/3696 4029/11/3696 
f 4032/11/3696 4029/11/3696 4033/11/3696 
f 4034/11/3593 4031/11/3593 4030/11/3593 
f 4034/11/3593 4035/11/3593 4031/11/3593 
f 4036/11/3696 4032/11/3696 4033/11/3696 
f 4036/11/3696 4033/11/3696 4037/11/3696 
f 4038/11/3593 4035/11/3593 4034/11/3593 
f 4039/11/3593 4035/11/3593 4038/11/3593 
f 4040/11/3696 4036/11/3696 4037/11/3696 
f 4040/11/3696 4037/11/3696 4041/11/3696 
f 4042/11/3593 4039/11/3593 4038/11/3593 
f 4043/11/3593 4039/11/3593 4042/11/3593 
f 4044/11/3696 4040/11/3696 4041/11/3696 
f 4045/11/3696 4044/11/3696 4041/11/3696 
f 4046/11/3593 4043/11/3593 4042/11/3593 
f 4047/11/3593 4043/11/3593 4046/11/3593 
f 4048/11/3696 4044/11/3696 4045/11/3696 
f 4049/11/3696 4048/11/3696 4045/11/3696 
f 4050/11/3593 4047/11/3593 4046/11/3593 
f 4051/11/3593 4047/11/3593 4050/11/3593 
f 4052/11/3696 4048/11/3696 4049/11/3696 
f 4053/11/3696 4052/11/3696 4049/11/3696 
f 4054/11/3593 4051/11/3593 4050/11/3593 
f 4055/11/3593 4051/11/3593 4054/11/3593 
f 4056/11/3696 4052/11/3696 4053/11/3696 
f 4057/11/3696 4056/11/3696 4053/11/3696 
f 4055/11/3593 4054/11/3593 4058/11/3593 
f 4059/11/3593 4055/11/3593 4058/11/3593 
f 4057/11/3696 4060/11/3696 4056/11/3696 
f 4061/11/3696 4060/11/3696 4057/11/3696 
f 4059/11/3593 4058/11/3593 4062/11/3593 
f 4063/11/3593 4059/11/3593 4062/11/3593 
f 4061/11/3696 4064/11/3696 4060/11/3696 
f 4065/11/3696 4064/11/3696 4061/11/3696 
f 4063/11/3593 4062/11/3593 4066/11/3593 
f 4067/11/3593 4063/11/3593 4066/11/3593 
f 4065/11/3696 4068/11/3696 4064/11/3696 
f 4069/11/3696 4068/11/3696 4065/11/3696 
f 4067/11/3593 4066/11/3593 3943/11/3593 
f 3942/11/3593 4067/11/3593 3943/11/3593 
f 4069/11/3696 3948/11/3696 4068/11/3696 
f 3946/11/3696 3948/11/3696 4069/11/3696 
f 3944/11/3697 3943/11/3698 3948/11/3698 
f 3944/11/3697 3948/11/3698 3947/11/3697 
f 3945/11/3699 3946/11/3700 3942/11/3700 
f 3949/11/3699 3946/11/3700 3945/11/3699 
f 3950/11/3701 3944/11/3697 3947/11/3697 
f 3950/11/3701 3947/11/3697 3952/11/3701 
f 3951/11/3702 3949/11/3699 3945/11/3699 
f 3953/11/3702 3949/11/3699 3951/11/3702 
f 3954/11/3703 3950/11/3701 3952/11/3701 
f 3954/11/3703 3952/11/3701 3956/11/3703 
f 3955/11/3704 3953/11/3702 3951/11/3702 
f 3957/11/3704 3953/11/3702 3955/11/3704 
f 3958/11/3705 3954/11/3703 3956/11/3703 
f 3958/11/3705 3956/11/3703 3960/11/3705 
f 3959/11/3706 3957/11/3704 3955/11/3704 
f 3961/11/3706 3957/11/3704 3959/11/3706 
f 3960/11/3705 3962/11/3707 3958/11/3705 
f 3964/11/3707 3962/11/3707 3960/11/3705 
f 3961/11/3706 3959/11/3706 3963/11/3708 
f 3961/11/3706 3963/11/3708 3965/11/3708 
f 3964/11/3707 3966/11/3709 3962/11/3707 
f 3968/11/3709 3966/11/3709 3964/11/3707 
f 3965/11/3708 3963/11/3708 3967/11/3710 
f 3965/11/3708 3967/11/3710 3969/11/3710 
f 3968/11/3709 3970/11/3711 3966/11/3709 
f 3972/11/3711 3970/11/3711 3968/11/3709 
f 3969/11/3710 3967/11/3710 3971/11/3712 
f 3969/11/3710 3971/11/3712 3973/11/3712 
f 3972/11/3711 3974/11/3713 3970/11/3711 
f 3972/11/3711 3976/11/3713 3974/11/3713 
f 3973/11/3712 3971/11/3712 3975/11/3714 
f 3973/11/3712 3975/11/3714 3977/11/3714 
f 3976/11/3713 3978/11/3715 3974/11/3713 
f 3980/11/3715 3978/11/3715 3976/11/3713 
f 3977/11/3714 3975/11/3714 3979/11/3716 
f 3977/11/3714 3979/11/3716 3981/11/3716 
f 3980/11/3715 3982/11/3717 3978/11/3715 
f 3984/11/3717 3982/11/3717 3980/11/3715 
f 3981/11/3716 3979/11/3716 3983/11/3718 
f 3981/11/3716 3983/11/3718 3985/11/3718 
f 3984/11/3717 3986/11/3719 3982/11/3717 
f 3988/11/3719 3986/11/3719 3984/11/3717 
f 3985/11/3718 3983/11/3718 3987/11/3720 
f 3985/11/3718 3987/11/3720 3989/11/3720 
f 3988/11/3719 3990/11/3721 3986/11/3719 
f 3992/11/3721 3990/11/3721 3988/11/3719 
f 3989/11/3720 3987/11/3720 3991/11/3722 
f 3989/11/3720 3991/11/3722 3993/11/3722 
f 3992/11/3721 3994/11/3723 3990/11/3721 
f 3992/11/3721 3996/11/3723 3994/11/3723 
f 3991/11/3722 3995/11/3724 3993/11/3722 
f 3993/11/3722 3995/11/3724 3997/11/3724 
f 3996/11/3723 3998/11/3725 3994/11/3723 
f 3996/11/3723 4000/11/3725 3998/11/3725 
f 3995/11/3724 3999/11/3726 3997/11/3724 
f 3997/11/3724 3999/11/3726 4001/11/3726 
f 4000/11/3725 4002/11/3727 3998/11/3725 
f 4000/11/3725 4004/11/3727 4002/11/3727 
f 3999/11/3726 4003/11/3728 4001/11/3726 
f 4001/11/3726 4003/11/3728 4005/11/3728 
f 4004/11/3727 4006/11/3700 4002/11/3727 
f 4004/11/3727 4008/11/3700 4006/11/3700 
f 4003/11/3728 4007/11/3698 4005/11/3728 
f 4005/11/3728 4007/11/3698 4009/11/3698 
f 4008/11/3700 4010/11/3699 4006/11/3700 
f 4008/11/3700 4012/11/3699 4010/11/3699 
f 4007/11/3698 4011/11/3697 4009/11/3698 
f 4009/11/3698 4011/11/3697 4013/11/3697 
f 4012/11/3699 4014/11/3702 4010/11/3699 
f 4012/11/3699 4016/11/3702 4014/11/3702 
f 4011/11/3697 4015/11/3701 4013/11/3697 
f 4013/11/3697 4015/11/3701 4017/11/3701 
f 4016/11/3702 4018/11/3704 4014/11/3702 
f 4016/11/3702 4020/11/3704 4018/11/3704 
f 4015/11/3701 4019/11/3703 4017/11/3701 
f 4017/11/3701 4019/11/3703 4021/11/3703 
f 4020/11/3704 4022/11/3706 4018/11/3704 
f 4020/11/3704 4024/11/3706 4022/11/3706 
f 4019/11/3703 4023/11/3705 4021/11/3703 
f 4021/11/3703 4023/11/3705 4025/11/3705 
f 4024/11/3706 4026/11/3708 4022/11/3706 
f 4028/11/3708 4026/11/3708 4024/11/3706 
f 4025/11/3705 4023/11/3705 4027/11/3707 
f 4025/11/3705 4027/11/3707 4029/11/3707 
f 4028/11/3708 4030/11/3710 4026/11/3708 
f 4032/11/3710 4030/11/3710 4028/11/3708 
f 4029/11/3707 4027/11/3707 4031/11/3709 
f 4029/11/3707 4031/11/3709 4033/11/3709 
f 4032/11/3710 4034/11/3712 4030/11/3710 
f 4036/11/3712 4034/11/3712 4032/11/3710 
f 4033/11/3709 4031/11/3709 4035/11/3711 
f 4033/11/3709 4035/11/3711 4037/11/3711 
f 4036/11/3712 4038/11/3714 4034/11/3712 
f 4040/11/3714 4038/11/3714 4036/11/3712 
f 4037/11/3711 4035/11/3711 4039/11/3713 
f 4037/11/3711 4039/11/3713 4041/11/3713 
f 4040/11/3714 4042/11/3716 4038/11/3714 
f 4044/11/3716 4042/11/3716 4040/11/3714 
f 4041/11/3713 4039/11/3713 4043/11/3715 
f 4045/11/3715 4041/11/3713 4043/11/3715 
f 4044/11/3716 4046/11/3718 4042/11/3716 
f 4048/11/3718 4046/11/3718 4044/11/3716 
f 4045/11/3715 4043/11/3715 4047/11/3717 
f 4045/11/3715 4047/11/3717 4049/11/3717 
f 4048/11/3718 4050/11/3720 4046/11/3718 
f 4052/11/3720 4050/11/3720 4048/11/3718 
f 4049/11/3717 4047/11/3717 4051/11/3719 
f 4049/11/3717 4051/11/3719 4053/11/3719 
f 4052/11/3720 4054/11/3722 4050/11/3720 
f 4056/11/3722 4054/11/3722 4052/11/3720 
f 4053/11/3719 4051/11/3719 4055/11/3721 
f 4053/11/3719 4055/11/3721 4057/11/3721 
f 4058/11/3724 4054/11/3722 4056/11/3722 
f 4058/11/3724 4056/11/3722 4060/11/3724 
f 4059/11/3723 4057/11/3721 4055/11/3721 
f 4061/11/3723 4057/11/3721 4059/11/3723 
f 4062/11/3726 4058/11/3724 4060/11/3724 
f 4062/11/3726 4060/11/3724 4064/11/3726 
f 4063/11/3725 4061/11/3723 4059/11/3723 
f 4065/11/3725 4061/11/3723 4063/11/3725 
f 4066/11/3728 4062/11/3726 4064/11/3726 
f 4066/11/3728 4064/11/3726 4068/11/3728 
f 4067/11/3727 4065/11/3725 4063/11/3725 
f 4069/11/3727 4065/11/3725 4067/11/3727 
f 3943/11/3698 4066/11/3728 4068/11/3728 
f 3943/11/3698 4068/11/3728 3948/11/3698 
f 3942/11/3700 4069/11/3727 4067/11/3727 
f 3946/11/3700 4069/11/3727 3942/11/3700 
usemtl Material_5
f 4070/11/3729 4071/11/3729 4072/11/3729 
f 4072/11/3729 4071/11/3729 4073/11/3729 
f 4074/11/3730 4072/11/3730 4073/11/3730 
f 4074/11/3730 4073/11/3730 4075/11/3730 
f 4074/11/3731 4075/11/3731 4076/11/3731 
f 4076/11/3731 4075/11/3731 4077/11/3731 
f 4076/11/3732 4077/11/3732 4078/11/3732 
f 4078/11/3732 4077/11/3732 4079/11/3732 
f 4079/11/3733 4080/11/3733 4078/11/3733 
f 4079/11/3733 4081/11/3733 4080/11/3733 
f 4080/11/3734 4081/11/3734 4070/11/3734 
f 4070/11/3734 4081/11/3734 4071/11/3734 
f 4072/11/3696 4082/11/3696 4070/11/3696 
f 4073/11/3593 4071/11/3593 4083/11/3593 
f 4074/11/3696 4082/11/3696 4072/11/3696 
f 4073/11/3593 4083/11/3593 4075/11/3593 
f 4074/11/3696 4076/11/3696 4082/11/3696 
f 4075/11/3593 4083/11/3593 4077/11/3593 
f 4076/11/3696 4078/11/3696 4082/11/3696 
f 4083/11/3593 4079/11/3593 4077/11/3593 
f 4082/11/3696 4078/11/3696 4080/11/3696 
f 4083/11/3593 4081/11/3593 4079/11/3593 
f 4082/11/3696 4080/11/3696 4070/11/3696 
f 4071/11/3593 4081/11/3593 4083/11/3593 
f 4084/11/3729 4085/11/3729 4086/11/3729 
f 4086/11/3729 4085/11/3729 4087/11/3729 
f 4088/11/3730 4086/11/3730 4087/11/3730 
f 4088/11/3730 4087/11/3730 4089/11/3730 
f 4088/11/3731 4089/11/3731 4090/11/3731 
f 4090/11/3731 4089/11/3731 4091/11/3731 
f 4090/11/3732 4091/11/3732 4092/11/3732 
f 4092/11/3732 4091/11/3732 4093/11/3732 
f 4093/11/3733 4094/11/3733 4092/11/3733 
f 4093/11/3733 4095/11/3733 4094/11/3733 
f 4094/11/3734 4095/11/3734 4084/11/3734 
f 4084/11/3734 4095/11/3734 4085/11/3734 
f 4086/11/3696 4096/11/3696 4084/11/3696 
f 4087/11/3593 4085/11/3593 4097/11/3593 
f 4088/11/3696 4096/11/3696 4086/11/3696 
f 4087/11/3593 4097/11/3593 4089/11/3593 
f 4088/11/3696 4090/11/3696 4096/11/3696 
f 4089/11/3593 4097/11/3593 4091/11/3593 
f 4090/11/3696 4092/11/3696 4096/11/3696 
f 4097/11/3593 4093/11/3593 4091/11/3593 
f 4096/11/3696 4092/11/3696 4094/11/3696 
f 4097/11/3593 4095/11/3593 4093/11/3593 
f 4096/11/3696 4094/11/3696 4084/11/3696 
f 4085/11/3593 4095/11/3593 4097/11/3593 
f 4098/11/3729 4099/11/3729 4100/11/3729 
f 4100/11/3729 4099/11/3729 4101/11/3729 
f 4102/11/3730 4100/11/3730 4101/11/3730 
f 4102/11/3730 4101/11/3730 4103/11/3730 
f 4102/11/3731 4103/11/3731 4104/11/3731 
f 4104/11/3731 4103/11/3731 4105/11/3731 
f 4104/11/3732 4105/11/3732 4106/11/3732 
f 4106/11/3732 4105/11/3732 4107/11/3732 
f 4107/11/3733 4108/11/3733 4106/11/3733 
f 4107/11/3733 4109/11/3733 4108/11/3733 
f 4108/11/3734 4109/11/3734 4098/11/3734 
f 4098/11/3734 4109/11/3734 4099/11/3734 
f 4100/11/3696 4110/11/3696 4098/11/3696 
f 4101/11/3593 4099/11/3593 4111/11/3593 
f 4102/11/3696 4110/11/3696 4100/11/3696 
f 4101/11/3593 4111/11/3593 4103/11/3593 
f 4102/11/3696 4104/11/3696 4110/11/3696 
f 4103/11/3593 4111/11/3593 4105/11/3593 
f 4104/11/3696 4106/11/3696 4110/11/3696 
f 4111/11/3593 4107/11/3593 4105/11/3593 
f 4110/11/3696 4106/11/3696 4108/11/3696 
f 4111/11/3593 4109/11/3593 4107/11/3593 
f 4110/11/3696 4108/11/3696 4098/11/3696 
f 4099/11/3593 4109/11/3593 4111/11/3593 
f 4112/11/3729 4113/11/3729 4114/11/3729 
f 4114/11/3729 4113/11/3729 4115/11/3729 
f 4116/11/3730 4114/11/3730 4115/11/3730 
f 4116/11/3730 4115/11/3730 4117/11/3730 
f 4116/11/3731 4117/11/3731 4118/11/3731 
f 4118/11/3731 4117/11/3731 4119/11/3731 
f 4118/11/3732 4119/11/3732 4120/11/3732 
f 4120/11/3732 4119/11/3732 4121/11/3732 
f 4120/11/3733 4121/11/3733 4122/11/3733 
f 4121/11/3733 4123/11/3733 4122/11/3733 
f 4122/11/3734 4123/11/3734 4112/11/3734 
f 4112/11/3734 4123/11/3734 4113/11/3734 
f 4114/11/3696 4124/11/3696 4112/11/3696 
f 4115/11/3593 4113/11/3593 4125/11/3593 
f 4116/11/3696 4124/11/3696 4114/11/3696 
f 4115/11/3593 4125/11/3593 4117/11/3593 
f 4116/11/3696 4118/11/3696 4124/11/3696 
f 4117/11/3593 4125/11/3593 4119/11/3593 
f 4118/11/3696 4120/11/3696 4124/11/3696 
f 4125/11/3593 4121/11/3593 4119/11/3593 
f 4124/11/3696 4120/11/3696 4122/11/3696 
f 4125/11/3593 4123/11/3593 4121/11/3593 
f 4124/11/3696 4122/11/3696 4112/11/3696 
f 4113/11/3593 4123/11/3593 4125/11/3593 
f 4126/11/3729 4127/11/3729 4128/11/3729 
f 4128/11/3729 4127/11/3729 4129/11/3729 
f 4130/11/3730 4128/11/3730 4129/11/3730 
f 4130/11/3730 4129/11/3730 4131/11/3730 
f 4130/11/3731 4131/11/3731 4132/11/3731 
f 4132/11/3731 4131/11/3731 4133/11/3731 
f 4132/11/3732 4133/11/3732 4134/11/3732 
f 4134/11/3732 4133/11/3732 4135/11/3732 
f 4134/11/3733 4135/11/3733 4136/11/3733 
f 4135/11/3733 4137/11/3733 4136/11/3733 
f 4136/11/3734 4137/11/3734 4126/11/3734 
f 4126/11/3734 4137/11/3734 4127/11/3734 
f 4128/11/3696 4138/11/3696 4126/11/3696 
f 4129/11/3593 4127/11/3593 4139/11/3593 
f 4130/11/3696 4138/11/3696 4128/11/3696 
f 4129/11/3593 4139/11/3593 4131/11/3593 
f 4130/11/3696 4132/11/3696 4138/11/3696 
f 4131/11/3593 4139/11/3593 4133/11/3593 
f 4132/11/3696 4134/11/3696 4138/11/3696 
f 4139/11/3593 4135/11/3593 4133/11/3593 
f 4138/11/3696 4134/11/3696 4136/11/3696 
f 4139/11/3593 4137/11/3593 4135/11/3593 
f 4138/11/3696 4136/11/3696 4126/11/3696 
f 4127/11/3593 4137/11/3593 4139/11/3593 
f 4140/11/3715 4141/11/3715 4142/11/3715 
f 4142/11/3715 4141/11/3715 4143/11/3715 
f 4142/11/3719 4143/11/3719 4144/11/3719 
f 4144/11/3719 4143/11/3719 4145/11/3719 
f 4146/11/3723 4144/11/3723 4145/11/3723 
f 4146/11/3723 4145/11/3723 4147/11/3723 
f 4148/11/3735 4146/11/3735 4147/11/3735 
f 4148/11/3735 4147/11/3735 4149/11/3735 
f 4150/11/3699 4148/11/3699 4149/11/3699 
f 4150/11/3699 4149/11/3699 4151/11/3699 
f 4152/11/3704 4150/11/3704 4151/11/3704 
f 4152/11/3704 4151/11/3704 4153/11/3704 
f 4152/11/3736 4153/11/3736 4154/11/3736 
f 4154/11/3736 4153/11/3736 4155/11/3736 
f 4154/11/3737 4155/11/3737 4156/11/3737 
f 4156/11/3737 4155/11/3737 4157/11/3737 
f 4156/11/3716 4157/11/3716 4158/11/3716 
f 4158/11/3716 4157/11/3716 4159/11/3716 
f 4158/11/3720 4159/11/3720 4160/11/3720 
f 4160/11/3720 4159/11/3720 4161/11/3720 
f 4160/11/3738 4161/11/3738 4162/11/3738 
f 4161/11/3738 4163/11/3738 4162/11/3738 
f 4162/11/3739 4163/11/3739 4164/11/3739 
f 4163/11/3739 4165/11/3739 4164/11/3739 
f 4165/11/3697 4166/11/3697 4164/11/3697 
f 4165/11/3697 4167/11/3697 4166/11/3697 
f 4166/11/3703 4167/11/3703 4168/11/3703 
f 4167/11/3703 4169/11/3703 4168/11/3703 
f 4168/11/3707 4169/11/3707 4170/11/3707 
f 4170/11/3707 4169/11/3707 4171/11/3707 
f 4170/11/3711 4171/11/3711 4140/11/3711 
f 4140/11/3711 4171/11/3711 4141/11/3711 
f 4142/11/3696 4172/11/3696 4140/11/3696 
f 4143/11/3593 4141/11/3593 4173/11/3593 
f 4144/11/3696 4172/11/3696 4142/11/3696 
f 4145/11/3593 4143/11/3593 4173/11/3593 
f 4146/11/3696 4172/11/3696 4144/11/3696 
f 4147/11/3593 4145/11/3593 4173/11/3593 
f 4148/11/3696 4172/11/3696 4146/11/3696 
f 4149/11/3593 4147/11/3593 4173/11/3593 
f 4148/11/3696 4150/11/3696 4172/11/3696 
f 4149/11/3593 4173/11/3593 4151/11/3593 
f 4150/11/3696 4152/11/3696 4172/11/3696 
f 4151/11/3593 4173/11/3593 4153/11/3593 
f 4152/11/3696 4154/11/3696 4172/11/3696 
f 4153/11/3593 4173/11/3593 4155/11/3593 
f 4154/11/3696 4156/11/3696 4172/11/3696 
f 4155/11/3593 4173/11/3593 4157/11/3593 
f 4156/11/3696 4158/11/3696 4172/11/3696 
f 4173/11/3593 4159/11/3593 4157/11/3593 
f 4172/11/3696 4158/11/3696 4160/11/3696 
f 4173/11/3593 4161/11/3593 4159/11/3593 
f 4172/11/3696 4160/11/3696 4162/11/3696 
f 4173/11/3593 4163/11/3593 4161/11/3593 
f 4172/11/3696 4162/11/3696 4164/11/3696 
f 4173/11/3593 4165/11/3593 4163/11/3593 
f 4172/11/3696 4164/11/3696 4166/11/3696 
f 4173/11/3593 4167/11/3593 4165/11/3593 
f 4172/11/3696 4166/11/3696 4168/11/3696 
f 4173/11/3593 4169/11/3593 4167/11/3593 
f 4172/11/3696 4168/11/3696 4170/11/3696 
f 4173/11/3593 4171/11/3593 4169/11/3593 
f 4172/11/3696 4170/11/3696 4140/11/3696 
f 4141/11/3593 4171/11/3593 4173/11/3593 
usemtl Material_28
f 4174/11/3593 4175/11/3593 4176/11/3593 
f 4174/11/3593 4176/11/3593 4177/11/3593 
f 4178/11/3696 4179/11/3696 4180/11/3696 
f 4178/11/3696 4181/11/3696 4179/11/3696 
f 4177/11/3593 4176/11/3593 4182/11/3593 
f 4177/11/3593 4182/11/3593 4183/11/3593 
f 4181/11/3696 4184/11/3696 4179/11/3696 
f 4181/11/3696 4185/11/3696 4184/11/3696 
f 4183/11/3593 4182/11/3593 4186/11/3593 
f 4183/11/3593 4186/11/3593 4187/11/3593 
f 4185/11/3696 4188/11/3696 4184/11/3696 
f 4185/11/3696 4189/11/3696 4188/11/3696 
f 4187/11/3593 4186/11/3593 4190/11/3593 
f 4187/11/3593 4190/11/3593 4191/11/3593 
f 4189/11/3696 4192/11/3696 4188/11/3696 
f 4189/11/3696 4193/11/3696 4192/11/3696 
f 4191/11/3593 4190/11/3593 4194/11/3593 
f 4191/11/3593 4194/11/3593 4195/11/3593 
f 4193/11/3696 4196/11/3696 4192/11/3696 
f 4193/11/3696 4197/11/3696 4196/11/3696 
f 4195/11/3593 4194/11/3593 4198/11/3593 
f 4195/11/3593 4198/11/3593 4199/11/3593 
f 4197/11/3696 4200/11/3696 4196/11/3696 
f 4197/11/3696 4201/11/3696 4200/11/3696 
f 4199/11/3593 4198/11/3593 4202/11/3593 
f 4199/11/3593 4202/11/3593 4203/11/3593 
f 4201/11/3696 4204/11/3696 4200/11/3696 
f 4201/11/3696 4205/11/3696 4204/11/3696 
f 4203/11/3593 4202/11/3593 4206/11/3593 
f 4203/11/3593 4206/11/3593 4207/11/3593 
f 4205/11/3696 4208/11/3696 4204/11/3696 
f 4205/11/3696 4209/11/3696 4208/11/3696 
f 4206/11/3593 4210/11/3593 4207/11/3593 
f 4207/11/3593 4210/11/3593 4211/11/3593 
f 4209/11/3696 4212/11/3696 4208/11/3696 
f 4209/11/3696 4213/11/3696 4212/11/3696 
f 4210/11/3593 4214/11/3593 4211/11/3593 
f 4211/11/3593 4214/11/3593 4215/11/3593 
f 4212/11/3696 4213/11/3696 4216/11/3696 
f 4213/11/3696 4217/11/3696 4216/11/3696 
f 4214/11/3593 4218/11/3593 4215/11/3593 
f 4218/11/3593 4219/11/3593 4215/11/3593 
f 4216/11/3696 4217/11/3696 4220/11/3696 
f 4220/11/3696 4217/11/3696 4221/11/3696 
f 4218/11/3593 4222/11/3593 4219/11/3593 
f 4222/11/3593 4223/11/3593 4219/11/3593 
f 4220/11/3696 4221/11/3696 4224/11/3696 
f 4224/11/3696 4221/11/3696 4225/11/3696 
f 4222/11/3593 4226/11/3593 4223/11/3593 
f 4226/11/3593 4227/11/3593 4223/11/3593 
f 4224/11/3696 4225/11/3696 4228/11/3696 
f 4228/11/3696 4225/11/3696 4229/11/3696 
f 4226/11/3593 4230/11/3593 4227/11/3593 
f 4230/11/3593 4231/11/3593 4227/11/3593 
f 4228/11/3696 4229/11/3696 4232/11/3696 
f 4232/11/3696 4229/11/3696 4233/11/3696 
f 4230/11/3593 4234/11/3593 4231/11/3593 
f 4234/11/3593 4235/11/3593 4231/11/3593 
f 4232/11/3696 4233/11/3696 4236/11/3696 
f 4236/11/3696 4233/11/3696 4237/11/3696 
f 4234/11/3593 4238/11/3593 4235/11/3593 
f 4238/11/3593 4239/11/3593 4235/11/3593 
f 4236/11/3696 4237/11/3696 4240/11/3696 
f 4240/11/3696 4237/11/3696 4241/11/3696 
f 4242/11/3593 4239/11/3593 4238/11/3593 
f 4242/11/3593 4243/11/3593 4239/11/3593 
f 4244/11/3696 4240/11/3696 4241/11/3696 
f 4244/11/3696 4241/11/3696 4245/11/3696 
f 4246/11/3593 4243/11/3593 4242/11/3593 
f 4246/11/3593 4247/11/3593 4243/11/3593 
f 4248/11/3696 4244/11/3696 4245/11/3696 
f 4248/11/3696 4245/11/3696 4249/11/3696 
f 4250/11/3593 4247/11/3593 4246/11/3593 
f 4250/11/3593 4251/11/3593 4247/11/3593 
f 4252/11/3696 4248/11/3696 4249/11/3696 
f 4252/11/3696 4249/11/3696 4253/11/3696 
f 4254/11/3593 4251/11/3593 4250/11/3593 
f 4254/11/3593 4255/11/3593 4251/11/3593 
f 4256/11/3696 4252/11/3696 4253/11/3696 
f 4256/11/3696 4253/11/3696 4257/11/3696 
f 4258/11/3593 4255/11/3593 4254/11/3593 
f 4258/11/3593 4259/11/3593 4255/11/3593 
f 4260/11/3696 4256/11/3696 4257/11/3696 
f 4260/11/3696 4257/11/3696 4261/11/3696 
f 4262/11/3593 4259/11/3593 4258/11/3593 
f 4262/11/3593 4263/11/3593 4259/11/3593 
f 4264/11/3696 4260/11/3696 4261/11/3696 
f 4264/11/3696 4261/11/3696 4265/11/3696 
f 4266/11/3593 4263/11/3593 4262/11/3593 
f 4266/11/3593 4267/11/3593 4263/11/3593 
f 4268/11/3696 4264/11/3696 4265/11/3696 
f 4268/11/3696 4265/11/3696 4269/11/3696 
f 4270/11/3593 4267/11/3593 4266/11/3593 
f 4271/11/3593 4267/11/3593 4270/11/3593 
f 4272/11/3696 4268/11/3696 4269/11/3696 
f 4272/11/3696 4269/11/3696 4273/11/3696 
f 4274/11/3593 4271/11/3593 4270/11/3593 
f 4275/11/3593 4271/11/3593 4274/11/3593 
f 4276/11/3696 4272/11/3696 4273/11/3696 
f 4277/11/3696 4276/11/3696 4273/11/3696 
f 4278/11/3593 4275/11/3593 4274/11/3593 
f 4279/11/3593 4275/11/3593 4278/11/3593 
f 4280/11/3696 4276/11/3696 4277/11/3696 
f 4281/11/3696 4280/11/3696 4277/11/3696 
f 4279/11/3593 4278/11/3593 4282/11/3593 
f 4283/11/3593 4279/11/3593 4282/11/3593 
f 4281/11/3696 4284/11/3696 4280/11/3696 
f 4285/11/3696 4284/11/3696 4281/11/3696 
f 4283/11/3593 4282/11/3593 4286/11/3593 
f 4287/11/3593 4283/11/3593 4286/11/3593 
f 4285/11/3696 4288/11/3696 4284/11/3696 
f 4289/11/3696 4288/11/3696 4285/11/3696 
f 4287/11/3593 4286/11/3593 4290/11/3593 
f 4291/11/3593 4287/11/3593 4290/11/3593 
f 4289/11/3696 4292/11/3696 4288/11/3696 
f 4293/11/3696 4292/11/3696 4289/11/3696 
f 4291/11/3593 4290/11/3593 4294/11/3593 
f 4295/11/3593 4291/11/3593 4294/11/3593 
f 4293/11/3696 4296/11/3696 4292/11/3696 
f 4297/11/3696 4296/11/3696 4293/11/3696 
f 4295/11/3593 4294/11/3593 4298/11/3593 
f 4299/11/3593 4295/11/3593 4298/11/3593 
f 4297/11/3696 4300/11/3696 4296/11/3696 
f 4301/11/3696 4300/11/3696 4297/11/3696 
f 4299/11/3593 4298/11/3593 4175/11/3593 
f 4174/11/3593 4299/11/3593 4175/11/3593 
f 4301/11/3696 4180/11/3696 4300/11/3696 
f 4178/11/3696 4180/11/3696 4301/11/3696 
f 4176/11/3697 4175/11/3740 4180/11/3740 
f 4176/11/3697 4180/11/3740 4179/11/3697 
f 4177/11/3699 4178/11/3741 4174/11/3741 
f 4181/11/3699 4178/11/3741 4177/11/3699 
f 4182/11/3701 4176/11/3697 4179/11/3697 
f 4182/11/3701 4179/11/3697 4184/11/3701 
f 4183/11/3702 4181/11/3699 4177/11/3699 
f 4185/11/3702 4181/11/3699 4183/11/3702 
f 4186/11/3742 4182/11/3701 4184/11/3701 
f 4186/11/3742 4184/11/3701 4188/11/3742 
f 4187/11/3704 4185/11/3702 4183/11/3702 
f 4189/11/3704 4185/11/3702 4187/11/3704 
f 4190/11/3705 4186/11/3742 4188/11/3742 
f 4190/11/3705 4188/11/3742 4192/11/3705 
f 4191/11/3706 4189/11/3704 4187/11/3704 
f 4193/11/3706 4189/11/3704 4191/11/3706 
f 4192/11/3705 4194/11/3707 4190/11/3705 
f 4196/11/3707 4194/11/3707 4192/11/3705 
f 4193/11/3706 4191/11/3706 4195/11/3708 
f 4193/11/3706 4195/11/3708 4197/11/3708 
f 4196/11/3707 4198/11/3709 4194/11/3707 
f 4200/11/3709 4198/11/3709 4196/11/3707 
f 4197/11/3708 4195/11/3708 4199/11/3743 
f 4197/11/3708 4199/11/3743 4201/11/3743 
f 4200/11/3709 4202/11/3744 4198/11/3709 
f 4204/11/3744 4202/11/3744 4200/11/3709 
f 4201/11/3743 4199/11/3743 4203/11/3712 
f 4201/11/3743 4203/11/3712 4205/11/3712 
f 4204/11/3744 4206/11/3745 4202/11/3744 
f 4204/11/3744 4208/11/3745 4206/11/3745 
f 4205/11/3712 4203/11/3712 4207/11/3746 
f 4205/11/3712 4207/11/3746 4209/11/3746 
f 4208/11/3745 4210/11/3715 4206/11/3745 
f 4212/11/3715 4210/11/3715 4208/11/3745 
f 4209/11/3746 4207/11/3746 4211/11/3747 
f 4209/11/3746 4211/11/3747 4213/11/3747 
f 4212/11/3715 4214/11/3717 4210/11/3715 
f 4216/11/3717 4214/11/3717 4212/11/3715 
f 4213/11/3747 4211/11/3747 4215/11/3718 
f 4213/11/3747 4215/11/3718 4217/11/3718 
f 4216/11/3717 4218/11/3719 4214/11/3717 
f 4220/11/3719 4218/11/3719 4216/11/3717 
f 4217/11/3718 4215/11/3718 4219/11/3720 
f 4217/11/3718 4219/11/3720 4221/11/3720 
f 4220/11/3719 4222/11/3721 4218/11/3719 
f 4224/11/3721 4222/11/3721 4220/11/3719 
f 4221/11/3720 4219/11/3720 4223/11/3722 
f 4221/11/3720 4223/11/3722 4225/11/3722 
f 4224/11/3721 4226/11/3723 4222/11/3721 
f 4224/11/3721 4228/11/3723 4226/11/3723 
f 4223/11/3722 4227/11/3724 4225/11/3722 
f 4225/11/3722 4227/11/3724 4229/11/3724 
f 4228/11/3723 4230/11/3748 4226/11/3723 
f 4228/11/3723 4232/11/3748 4230/11/3748 
f 4227/11/3724 4231/11/3726 4229/11/3724 
f 4229/11/3724 4231/11/3726 4233/11/3726 
f 4232/11/3748 4234/11/3735 4230/11/3748 
f 4232/11/3748 4236/11/3735 4234/11/3735 
f 4231/11/3726 4235/11/3728 4233/11/3726 
f 4233/11/3726 4235/11/3728 4237/11/3728 
f 4236/11/3735 4238/11/3741 4234/11/3735 
f 4236/11/3735 4240/11/3741 4238/11/3741 
f 4235/11/3728 4239/11/3740 4237/11/3728 
f 4237/11/3728 4239/11/3740 4241/11/3740 
f 4240/11/3741 4242/11/3699 4238/11/3741 
f 4240/11/3741 4244/11/3699 4242/11/3699 
f 4239/11/3740 4243/11/3697 4241/11/3740 
f 4241/11/3740 4243/11/3697 4245/11/3697 
f 4244/11/3699 4246/11/3702 4242/11/3699 
f 4244/11/3699 4248/11/3702 4246/11/3702 
f 4243/11/3697 4247/11/3701 4245/11/3697 
f 4245/11/3697 4247/11/3701 4249/11/3701 
f 4248/11/3702 4250/11/3704 4246/11/3702 
f 4248/11/3702 4252/11/3704 4250/11/3704 
f 4247/11/3701 4251/11/3742 4249/11/3701 
f 4249/11/3701 4251/11/3742 4253/11/3742 
f 4252/11/3704 4254/11/3706 4250/11/3704 
f 4252/11/3704 4256/11/3706 4254/11/3706 
f 4251/11/3742 4255/11/3705 4253/11/3742 
f 4253/11/3742 4255/11/3705 4257/11/3705 
f 4256/11/3706 4258/11/3708 4254/11/3706 
f 4260/11/3708 4258/11/3708 4256/11/3706 
f 4257/11/3705 4255/11/3705 4259/11/3707 
f 4257/11/3705 4259/11/3707 4261/11/3707 
f 4260/11/3708 4262/11/3743 4258/11/3708 
f 4264/11/3743 4262/11/3743 4260/11/3708 
f 4261/11/3707 4259/11/3707 4263/11/3709 
f 4261/11/3707 4263/11/3709 4265/11/3709 
f 4264/11/3743 4266/11/3712 4262/11/3743 
f 4268/11/3712 4266/11/3712 4264/11/3743 
f 4265/11/3709 4263/11/3709 4267/11/3744 
f 4265/11/3709 4267/11/3744 4269/11/3744 
f 4268/11/3712 4270/11/3746 4266/11/3712 
f 4272/11/3746 4270/11/3746 4268/11/3712 
f 4269/11/3744 4267/11/3744 4271/11/3745 
f 4269/11/3744 4271/11/3745 4273/11/3745 
f 4272/11/3746 4274/11/3747 4270/11/3746 
f 4276/11/3747 4274/11/3747 4272/11/3746 
f 4273/11/3745 4271/11/3745 4275/11/3715 
f 4277/11/3715 4273/11/3745 4275/11/3715 
f 4276/11/3747 4278/11/3718 4274/11/3747 
f 4280/11/3718 4278/11/3718 4276/11/3747 
f 4277/11/3715 4275/11/3715 4279/11/3717 
f 4277/11/3715 4279/11/3717 4281/11/3717 
f 4280/11/3718 4282/11/3720 4278/11/3718 
f 4284/11/3720 4282/11/3720 4280/11/3718 
f 4281/11/3717 4279/11/3717 4283/11/3719 
f 4281/11/3717 4283/11/3719 4285/11/3719 
f 4284/11/3720 4286/11/3722 4282/11/3720 
f 4288/11/3722 4286/11/3722 4284/11/3720 
f 4285/11/3719 4283/11/3719 4287/11/3721 
f 4285/11/3719 4287/11/3721 4289/11/3721 
f 4290/11/3724 4286/11/3722 4288/11/3722 
f 4290/11/3724 4288/11/3722 4292/11/3724 
f 4291/11/3723 4289/11/3721 4287/11/3721 
f 4293/11/3723 4289/11/3721 4291/11/3723 
f 4294/11/3726 4290/11/3724 4292/11/3724 
f 4294/11/3726 4292/11/3724 4296/11/3726 
f 4295/11/3748 4293/11/3723 4291/11/3723 
f 4297/11/3748 4293/11/3723 4295/11/3748 
f 4298/11/3728 4294/11/3726 4296/11/3726 
f 4298/11/3728 4296/11/3726 4300/11/3728 
f 4299/11/3735 4297/11/3748 4295/11/3748 
f 4301/11/3735 4297/11/3748 4299/11/3735 
f 4175/11/3740 4298/11/3728 4300/11/3728 
f 4175/11/3740 4300/11/3728 4180/11/3740 
f 4174/11/3741 4301/11/3735 4299/11/3735 
f 4178/11/3741 4301/11/3735 4174/11/3741 
usemtl Material_17
f 4302/11/3749 4303/11/3749 4304/11/3749 
f 4302/11/3749 4304/11/3749 4305/11/3749 
f 4305/11/3750 4306/11/3750 4302/11/3750 
f 4307/11/3750 4306/11/3750 4305/11/3750 
f 4306/11/3751 4307/11/3751 4308/11/3751 
f 4308/11/3751 4307/11/3751 4309/11/3751 
f 4309/11/3752 4310/11/3752 4308/11/3752 
f 4309/11/3752 4311/11/3752 4310/11/3752 
f 4310/11/3753 4311/11/3753 4303/11/3753 
f 4303/11/3753 4311/11/3753 4304/11/3753 
f 4302/11/3754 4312/11/3754 4303/11/3754 
f 4305/11/3755 4304/11/3755 4313/11/3755 
f 4302/11/3754 4306/11/3754 4312/11/3754 
f 4305/11/3755 4313/11/3755 4307/11/3755 
f 4306/11/3754 4308/11/3754 4312/11/3754 
f 4307/11/3755 4313/11/3755 4309/11/3755 
f 4312/11/3754 4308/11/3754 4310/11/3754 
f 4313/11/3755 4311/11/3755 4309/11/3755 
f 4312/11/3754 4310/11/3754 4303/11/3754 
f 4304/11/3755 4311/11/3755 4313/11/3755 
# 0 polygons - 1084 triangles

#
# object door_rf_hi_001
#

v  -0.9887 0.9309 -0.6781
v  -0.9919 0.9248 -0.6707
v  -0.9980 0.9277 -0.6584
v  -0.9921 0.9379 -0.6691
v  -1.0225 0.8731 -0.6701
v  -1.0303 0.8742 -0.6583
v  -1.0267 0.8677 -0.6764
v  -1.0348 0.8666 -0.6677
v  -1.0347 0.8667 -0.8302
v  -1.0267 0.8676 -0.8224
v  -1.0300 0.8744 -0.8408
v  -1.0226 0.8730 -0.8315
v  -0.9981 0.9279 -0.8394
v  -0.9919 0.9247 -0.8310
v  -0.9923 0.9377 -0.8284
v  -0.9887 0.9309 -0.8231
v  -1.0036 0.9010 -0.8322
v  -1.0037 0.9011 -0.6660
v  -1.0140 0.9040 -0.8322
v  -1.0141 0.9041 -0.6660
v  -0.9974 0.9109 -0.6607
v  -1.0103 0.9102 -0.6607
v  -0.9891 0.9259 -0.6604
v  -1.0007 0.9261 -0.6604
v  -0.9856 0.9351 -0.6709
v  -0.9960 0.9351 -0.6709
v  -0.9854 0.9354 -0.8266
v  -0.9958 0.9353 -0.8266
v  -0.9893 0.9260 -0.8364
v  -1.0005 0.9262 -0.8364
v  -0.9975 0.9110 -0.8366
v  -1.0102 0.9103 -0.8366
v  -1.0227 0.8654 -0.7961
v  -1.0324 0.8672 -0.8400
v  -1.0227 0.8654 -0.8400
v  -1.0324 0.8672 -0.7961
v  -0.9943 0.9144 -0.8400
v  -1.0036 0.9148 -0.8400
v  -1.0036 0.9148 -0.7961
v  -0.9943 0.9144 -0.7961
v  -1.0348 0.7655 0.5559
v  -1.0348 0.7658 0.6748
v  -1.0348 0.8133 0.6729
v  -1.0301 0.7096 0.5668
v  -1.0301 0.7099 0.6757
v  -1.0289 0.6422 0.5668
v  -1.0290 0.6426 0.6766
v  -1.0269 0.5821 0.5741
v  -1.0270 0.5825 0.6754
v  -1.0136 0.3982 0.5606
v  -1.0225 0.5077 0.6708
v  -1.0229 0.5079 0.5705
v  -1.0137 0.3979 0.6565
v  -0.9820 0.2754 0.5375
v  -0.9826 0.2745 0.6244
v  -1.0323 0.3992 -0.6618
v  -1.0007 0.2846 -0.6569
v  -1.0539 0.8134 -0.6539
v  -1.0346 0.8135 0.5587
v  -1.0401 0.8563 -0.6491
v  -1.0536 0.7649 -0.6556
v  -1.0485 0.7127 -0.6563
v  -1.0476 0.6423 -0.6563
v  -1.0459 0.5939 -0.6573
v  -1.0416 0.5131 -0.6608
v  -1.0534 0.8132 -0.8543
v  -1.0401 0.8572 -0.8499
v  -1.0401 0.8563 -0.9777
v  -1.0537 0.8115 -0.9703
v  -1.0536 0.7682 -0.8559
v  -1.0536 0.7653 -0.9578
v  -1.0485 0.7147 -0.8529
v  -1.0485 0.7097 -0.9457
v  -1.0476 0.6448 -0.8526
v  -1.0476 0.6426 -0.9273
v  -1.0459 0.5964 -0.8482
v  -1.0459 0.5943 -0.9111
v  -1.0416 0.5137 -0.8866
v  -1.0323 0.3988 -0.8452
v  -1.0416 0.5137 -0.8490
v  -1.0078 0.3051 -0.8020
v  -1.0007 0.2842 -0.7671
v  -0.9512 0.9690 0.5416
v  -1.0212 0.8557 0.5577
v  -0.9423 0.9842 0.6375
v  -1.0216 0.8558 0.6664
v  -0.9533 0.9965 -0.6499
v  -0.9832 0.9514 -0.6490
v  -0.9832 0.9533 -0.8473
v  -0.9533 0.9972 -0.8362
v  -0.9533 0.9974 -0.9857
v  -0.9832 0.9515 -0.9857
v  -1.0198 0.8914 -0.9796
v  -0.9007 1.0798 -0.8787
v  -0.9033 1.0778 -0.9789
v  -0.8586 1.1587 -0.9546
v  -0.8586 1.1587 -0.8663
v  -0.7468 1.3162 -0.8126
v  -0.7468 1.3162 -0.8819
v  -0.6769 1.4115 -0.8267
v  -0.6769 1.4124 -0.7589
v  -0.6490 1.4428 -0.7524
v  -0.6490 1.4423 -0.8011
v  -0.6456 1.4442 -0.5869
v  -0.6791 1.4168 -0.5913
v  -0.6844 1.4122 -0.3023
v  -0.6457 1.4426 -0.3032
v  -0.6885 1.4094 -0.2620
v  -0.6518 1.4382 -0.2560
v  -0.6968 1.3978 -0.2045
v  -0.6626 1.4282 -0.1953
v  -0.7065 1.3778 -0.1486
v  -0.6723 1.4052 -0.1318
v  -0.8122 1.2502 0.1152
v  -0.7861 1.2769 0.1293
v  -0.9072 1.0807 0.4003
v  -0.8856 1.1161 0.4264
v  -0.9265 0.9914 0.6336
v  -0.8702 1.1205 0.4286
v  -0.7659 1.2789 0.1307
v  -0.6567 1.4078 -0.1298
v  -0.6431 1.4313 -0.1927
v  -0.6303 1.4418 -0.2552
v  -0.6259 1.4473 -0.3023
v  -0.6281 1.4498 -0.5857
v  -0.6237 1.4492 -0.7508
v  -1.0275 1.1101 0.3508
v  -0.8957 1.0666 0.4016
v  -0.9613 1.1074 0.3808
v  -1.0351 1.0792 0.3583
v  -1.1204 1.1087 0.2916
v  -1.1468 1.0861 0.2917
v  -0.9113 1.0374 0.4105
v  -1.0361 1.0482 0.3657
v  -1.1481 1.0551 0.3004
v  -0.9248 1.0099 0.3978
v  -1.0394 1.0172 0.3579
v  -1.1446 1.0241 0.2939
v  -0.9377 0.9796 0.3775
v  -1.0396 0.9862 0.3480
v  -1.1299 0.9932 0.2897
v  -0.9590 1.1074 0.3129
v  -1.0253 1.1101 0.2872
v  -1.1051 1.1087 0.2562
v  -1.1155 0.9932 0.2522
v  -1.0382 0.9862 0.2821
v  -0.9363 0.9796 0.3073
v  -1.1272 1.0861 0.2476
v  -1.1307 1.0551 0.2476
v  -1.1272 1.0241 0.2476
v  -0.8891 1.0666 0.3249
v  -1.0283 0.8750 -0.8170
v  -1.0252 0.8803 -0.8063
v  -1.0234 0.8862 -0.8170
v  -1.0190 0.8910 -0.8063
v  -1.0158 0.8963 -0.8170
v  -1.0190 0.8910 -0.8277
v  -1.0252 0.8803 -0.8277
v  -1.0285 1.0792 0.2859
v  -0.9048 1.0374 0.3229
v  -1.0317 1.0482 0.2847
v  -0.9204 1.0099 0.3189
v  -1.0350 1.0172 0.2834
v  -0.8919 0.9900 0.6290
v  -0.8676 0.9989 -0.9670
v  -0.8919 0.9498 -0.9676
v  -0.8919 0.8542 0.6586
v  -0.8919 0.8956 -0.9603
v  -0.8919 0.8594 -0.9616
v  -0.8919 0.8157 -0.9515
v  -0.8919 0.8115 0.6661
v  -0.8919 0.7698 -0.9419
v  -0.8919 0.7642 0.6650
v  -0.8919 0.7135 -0.9293
v  -0.8919 0.7090 0.6655
v  -0.8919 0.6446 -0.9143
v  -0.8919 0.6398 0.6668
v  -0.8919 0.5976 -0.8988
v  -0.8919 0.5832 0.6662
v  -0.8919 0.5211 -0.8727
v  -0.8919 0.5066 0.6634
v  -0.8919 0.4018 -0.8304
v  -0.8919 0.4008 0.6492
v  -0.8919 0.2966 -0.6561
v  -0.8919 0.3060 -0.7812
v  -0.8919 0.2861 0.5384
v  -0.8919 0.2843 0.6206
v  -0.9439 0.8066 0.1397
v  -0.8125 0.8313 0.2886
v  -0.8538 0.6786 0.3930
v  -0.9730 0.6786 0.3958
v  -0.9439 0.9479 0.1606
v  -0.9487 0.9479 0.4300
v  -0.8125 0.9479 0.3075
v  -0.8538 0.9479 0.4294
v  -0.9405 1.0118 -0.6495
v  -0.9420 1.0161 -0.8289
v  -0.8990 1.0838 -0.8604
v  -0.8584 1.1584 -0.8529
v  -0.7502 1.3114 -0.8014
v  -0.6886 1.3966 -0.7533
v  -0.6886 1.4042 -0.5899
v  -0.6926 1.3988 -0.3040
v  -0.6950 1.3944 -0.2623
v  -0.7028 1.3857 -0.2050
v  -0.7116 1.3660 -0.1520
v  -0.8182 1.2331 0.1066
v  -0.8886 1.1050 0.3115
v  -0.9349 0.9918 0.3024
v  -0.8919 0.9824 0.6320
v  -1.0527 0.5848 -0.8987
v  -1.0527 0.5848 -0.8358
v  -1.0527 0.5299 -0.8342
v  -1.0527 0.5314 -0.8804
v  -1.0539 0.5314 -0.6582
v  -1.0347 0.5215 0.5730
v  -1.0345 0.5234 0.6674
v  -1.0345 0.5687 0.6674
v  -1.0347 0.5687 0.5739
v  -1.0539 0.5803 -0.6583
v  -0.8603 1.1729 -0.3611
# 221 vertices

vn -0.9052 0.0339 -0.4237
vn -0.8985 -0.0580 -0.4352
vn -0.9054 0.0937 -0.4142
vn -0.7552 0.4416 -0.4845
vn -0.7341 0.4393 -0.5178
vn -0.7518 0.4413 -0.4900
vn -0.7308 0.4389 -0.5227
vn -0.4617 0.8010 -0.3810
vn -0.4858 0.7869 -0.3806
vn -0.4905 0.7840 -0.3805
vn -0.5112 0.7710 -0.3798
vn -0.1340 0.9910 0.0006
vn -0.1126 0.9936 -0.0006
vn -0.1110 0.9938 -0.0007
vn -0.3974 0.8351 0.3805
vn -0.3904 0.8384 0.3804
vn -0.4591 0.8032 0.3797
vn -0.3137 0.8707 0.3787
vn -0.6889 0.3953 0.6075
vn -0.6864 0.3947 0.6109
vn -0.6659 0.3892 0.6365
vn -0.6627 0.3883 0.6404
vn -0.8219 -0.1375 0.5528
vn -0.8470 -0.1308 0.5153
vn -0.8599 -0.1270 0.4944
vn -0.8880 -0.1178 0.4445
vn -0.8871 -0.4616 0.0017
vn -0.9004 -0.4351 0.0002
vn -0.9014 -0.4330 0.0001
vn -0.8548 0.5123 -0.0829
vn -0.8570 0.5143 -0.0313
vn -0.8578 0.5136 -0.0214
vn -0.8583 0.5102 -0.0549
vn -0.8571 0.5134 0.0431
vn -0.8566 0.5156 0.0200
vn -0.8547 0.5152 0.0636
vn -0.8513 0.5053 0.1414
vn -0.2771 -0.9609 0.0004
vn -0.0525 -0.5249 0.8495
vn -0.0445 -0.5381 0.8417
vn -0.1179 -0.4087 0.9050
vn 0.0381 -0.6652 0.7457
vn 0.0003 -0.0172 0.9999
vn 0.0010 -0.0183 0.9998
vn 0.0029 0.7540 0.6569
vn 0.0053 0.7522 0.6589
vn 0.0114 0.7478 0.6638
vn -0.0037 0.7588 0.6514
vn -0.0049 1.0000 0.0014
vn -0.0036 0.7237 -0.6901
vn 0.0055 0.7267 -0.6869
vn 0.0026 0.7258 -0.6879
vn 0.0114 0.7287 -0.6848
vn -0.0001 0.0174 -0.9998
vn 0.0209 -0.4114 -0.9112
vn -0.0474 -0.4504 -0.8916
vn -0.0617 -0.4582 -0.8867
vn -0.1445 -0.5011 -0.8532
vn -0.8653 0.5013 -0.0005
vn -0.8662 0.4997 -0.0002
vn -0.8859 0.4639 -0.0007
vn -0.8898 0.4564 -0.0002
vn -0.8552 0.5183 -0.0003
vn -0.8531 0.5217 -0.0002
vn -0.8592 0.5116 0.0002
vn -0.8473 0.5311 -0.0008
vn -0.1890 -0.9820 -0.0000
vn 0.0400 0.9992 -0.0000
vn 0.0000 0.0000 -1.0000
vn 0.0000 0.0000 1.0000
vn -0.9992 -0.0402 0.0083
vn -0.9991 -0.0426 0.0001
vn -0.9901 0.1407 -0.0004
vn -0.9987 -0.0501 0.0072
vn -0.9988 -0.0499 -0.0002
vn -0.9997 -0.0244 0.0076
vn -0.9997 -0.0243 -0.0009
vn -0.9995 -0.0318 0.0065
vn -0.9995 -0.0323 -0.0011
vn -0.9858 -0.1676 0.0071
vn -0.9966 -0.0827 0.0017
vn -0.9963 -0.0854 0.0091
vn -0.9881 -0.1535 -0.0024
vn -0.9685 -0.2490 0.0056
vn -0.9701 -0.2424 -0.0083
vn -0.9848 -0.1737 0.0071
vn -0.9641 -0.2655 0.0085
vn -0.9884 0.1517 0.0068
vn -0.9880 0.1543 0.0066
vn -0.9149 0.4035 0.0151
vn -0.9986 -0.0521 0.0071
vn -0.9984 -0.0553 0.0071
vn -0.9997 -0.0231 0.0075
vn -0.9994 -0.0336 0.0073
vn -0.9966 -0.0816 0.0075
vn -0.9888 0.1492 -0.0006
vn -0.9163 0.4004 -0.0019
vn -0.9147 0.4041 -0.0031
vn -0.9863 0.1651 0.0002
vn -0.9990 -0.0449 0.0003
vn -0.9992 -0.0400 0.0024
vn -0.9985 -0.0551 0.0011
vn -0.9983 -0.0578 0.0022
vn -0.9997 -0.0228 0.0002
vn -0.9998 -0.0212 0.0007
vn -0.9994 -0.0334 0.0003
vn -0.9967 -0.0807 -0.0000
vn -0.9891 -0.1473 0.0026
vn -0.9657 -0.2593 0.0105
vn -0.9476 -0.3195 0.0011
vn -0.8795 0.4757 0.0100
vn -0.9086 0.4177 0.0055
vn -0.8712 0.4909 0.0037
vn -0.9156 0.4021 -0.0022
vn -0.8013 0.5983 0.0091
vn -0.8429 0.5379 0.0135
vn -0.8443 0.5359 0.0018
vn -0.8385 0.5448 0.0014
vn -0.8409 0.5412 0.0002
vn -0.8460 0.5332 -0.0070
vn -0.8606 0.5093 -0.0039
vn -0.8629 0.5053 -0.0078
vn -0.8616 0.5075 0.0118
vn -0.8554 0.5180 0.0040
vn -0.8515 0.5242 0.0100
vn -0.8120 0.5836 0.0020
vn -0.8122 0.5834 -0.0000
vn -0.7845 0.6201 -0.0065
vn -0.7690 0.6391 -0.0106
vn -0.7368 0.6761 0.0013
vn -0.7385 0.6742 -0.0065
vn -0.6402 0.7682 -0.0099
vn -0.7198 0.6941 -0.0145
vn -0.7495 0.6619 -0.0051
vn -0.6177 0.7864 -0.0003
vn -0.6206 0.7835 0.0317
vn -0.6290 0.7772 0.0166
vn -0.6659 0.7409 0.0881
vn -0.6707 0.7381 0.0725
vn -0.6608 0.7397 0.1269
vn -0.6620 0.7379 0.1313
vn -0.7318 0.6749 0.0951
vn -0.7372 0.6720 0.0704
vn -0.9029 0.4298 -0.0004
vn -0.8708 0.4903 0.0367
vn -0.3066 0.8564 0.4153
vn -0.2697 0.8476 0.4570
vn -0.2708 0.8474 0.4567
vn -0.3040 0.8629 0.4038
vn -0.1239 0.9005 0.4169
vn -0.1222 0.9040 0.4097
vn -0.1968 0.9192 0.3410
vn -0.1969 0.9223 0.3326
vn -0.1806 0.9579 0.2233
vn -0.1789 0.9605 0.2131
vn -0.1693 0.9802 0.1029
vn -0.1779 0.9789 0.1006
vn -0.2226 0.9738 0.0466
vn -0.2327 0.9713 0.0482
vn -0.3026 0.9531 0.0039
vn -0.3014 0.9535 0.0042
vn -0.2470 0.9690 -0.0095
vn -0.2449 0.9695 -0.0099
vn -0.8409 0.5411 0.0102
vn -0.8541 0.5180 0.0467
vn -0.8609 0.5088 0.0031
vn -0.8598 0.5102 0.0218
vn -0.8608 0.5049 0.0649
vn -0.8603 0.5098 -0.0094
vn -0.8824 0.4705 0.0087
vn -0.8668 0.4986 -0.0035
vn -0.4112 -0.2088 0.8873
vn -0.3941 0.3049 0.8670
vn -0.3971 0.2793 0.8742
vn -0.2434 0.3808 0.8920
vn -0.4341 0.4745 0.7657
vn -0.4593 0.3497 0.8166
vn -0.2492 0.3774 0.8919
vn -0.3931 0.2303 0.8902
vn -0.4750 0.2565 0.8418
vn -0.4148 -0.1851 0.8909
vn -0.3378 -0.3098 0.8888
vn -0.3463 -0.2495 0.9043
vn -0.4158 -0.2378 0.8778
vn -0.5151 -0.2202 0.8284
vn -0.5207 -0.2760 0.8079
vn -0.3159 -0.4091 0.8561
vn -0.4086 -0.2852 0.8670
vn -0.5260 -0.3542 0.7732
vn 0.0414 0.9991 0.0014
vn 0.0220 0.9998 0.0007
vn 0.0074 1.0000 -0.0005
vn -0.0148 0.9999 -0.0043
vn -0.0149 0.9999 -0.0065
vn -0.0701 -0.9975 -0.0040
vn -0.0617 -0.9978 -0.0237
vn -0.0709 -0.9973 -0.0163
vn -0.0789 -0.9969 -0.0016
vn -0.0644 -0.9979 -0.0013
vn -0.6298 0.7255 -0.2774
vn -0.6291 0.7267 -0.2759
vn -0.6270 0.7304 -0.2710
vn -0.6316 0.7225 -0.2814
vn -0.9376 0.0469 -0.3445
vn -0.9392 -0.0234 -0.3426
vn -0.9108 -0.0757 -0.4059
vn -0.9450 0.0122 -0.3267
vn -0.9238 -0.1926 -0.3310
vn -0.9071 -0.2424 -0.3441
vn -0.8679 -0.3714 -0.3298
vn -0.8654 -0.3750 -0.3323
vn 0.5092 0.8601 0.0315
vn 0.5109 0.8591 0.0298
vn 0.5239 0.8516 0.0171
vn 0.4976 0.8664 0.0426
vn -0.9162 0.4007 0.0000
vn -0.8862 0.4522 0.1010
vn -0.8640 0.5034 0.0000
vn -0.8281 0.5518 0.0989
vn -0.7999 0.6001 0.0000
vn -0.8281 0.5518 -0.0989
vn -0.8862 0.4522 -0.1010
vn 0.3519 0.3458 -0.8698
vn 0.3174 0.0053 -0.9483
vn 0.2641 -0.0612 -0.9626
vn 0.3202 0.0018 -0.9473
vn 0.3616 0.0000 -0.9323
vn 0.3542 -0.0212 -0.9349
vn 0.2736 -0.0493 -0.9606
vn 0.3238 0.0015 -0.9461
vn 0.3545 -0.0048 -0.9351
vn 0.2943 0.0570 -0.9540
vn 0.3159 0.0165 -0.9487
vn 0.3631 0.0249 -0.9314
vn 0.2936 0.1722 -0.9403
vn 0.3033 0.0069 -0.9529
vn 0.0384 0.9993 0.0031
vn -0.0177 0.9998 0.0053
vn 0.0403 0.9992 0.0031
vn 1.0000 0.0000 -0.0000
vn 0.8967 -0.4426 0.0111
vn 0.6772 -0.5311 -0.5093
vn -0.0106 -0.8940 -0.4479
vn -0.9944 0.0155 -0.1050
vn -0.9967 0.0680 -0.0452
vn -0.9967 0.0536 -0.0617
vn -0.9956 0.0920 -0.0176
vn 0.0000 1.0000 -0.0000
vn 0.0108 -0.1326 0.9911
vn 0.0235 -0.1282 0.9915
vn 0.0199 -0.1294 0.9914
vn 0.0065 -0.1341 0.9909
vn 0.9479 -0.0453 0.3152
vn 0.9460 -0.0518 0.3200
vn 0.9475 -0.0468 0.3163
vn 0.9488 -0.0424 0.3130
vn 0.7380 0.0988 -0.6675
vn 0.7391 0.1017 -0.6659
vn 0.7399 0.1041 -0.6646
vn 0.7410 0.1073 -0.6628
vn -0.8456 0.5337 0.0139
vn -0.8574 0.5144 -0.0134
vn -0.8645 0.5020 -0.0261
vn -0.8503 0.5263 0.0012
vn -0.8124 0.5831 -0.0051
vn -0.8076 0.5894 -0.0187
vn -0.8048 0.5933 -0.0157
vn -0.8298 0.5580 0.0044
vn -0.8618 0.5064 -0.0298
vn -0.9136 0.4019 -0.0621
vn -0.8616 0.5074 0.0114
vn -0.8969 0.4419 -0.0189
vn -0.8632 0.5036 -0.0358
vn -0.9084 0.4113 -0.0745
vn -0.8876 0.4567 -0.0593
vn -0.9134 0.3853 -0.1314
vn -0.9224 0.3815 -0.0606
vn -0.8427 0.5384 -0.0062
vn 0.1009 -0.8451 -0.5250
vn 0.1193 -0.3675 -0.9224
vn 0.1285 -0.4237 -0.8966
vn 0.1666 -0.3762 -0.9114
vn 0.1039 -0.3944 -0.9130
vn 0.1036 -0.3071 -0.9460
vn 0.0960 -0.3212 -0.9421
vn 0.0891 -0.3055 -0.9480
vn 0.0825 -0.3176 -0.9446
vn 0.0829 -0.2880 -0.9540
vn 0.0918 -0.2694 -0.9586
vn 0.0988 -0.2249 -0.9694
vn 0.1049 -0.2126 -0.9715
vn 0.1107 -0.2278 -0.9674
vn 0.1016 -0.2103 -0.9724
vn 0.1115 -0.2186 -0.9694
vn 0.1153 -0.2326 -0.9657
vn 0.1129 -0.0921 -0.9893
vn 0.1216 -0.1615 -0.9794
vn 0.1336 -0.0629 -0.9890
vn 0.1589 -0.1543 -0.9752
vn 0.1790 -0.1150 -0.9771
vn 0.1930 -0.1805 -0.9645
vn 0.1998 -0.1021 -0.9745
vn 0.2138 -0.1392 -0.9669
vn 0.1534 -0.9875 -0.0356
vn 0.1301 -0.9912 -0.0241
vn 0.1965 -0.9805 0.0034
vn 0.1100 -0.9931 -0.0418
vn 0.1181 -0.9930 -0.0090
vn 0.1152 -0.9933 -0.0123
vn 0.1127 -0.9935 -0.0152
vn 0.1063 -0.9941 -0.0221
vn 0.0637 -0.1752 0.9825
vn 0.0660 -0.2355 0.9696
vn 0.0612 -0.1832 0.9812
vn 0.0575 -0.0909 0.9942
vn 0.0596 -0.0885 0.9943
vn 0.0642 -0.0336 0.9974
vn 0.0691 -0.0245 0.9973
vn 0.0702 -0.0006 0.9975
vn 0.0719 0.0027 0.9974
vn 0.0728 0.0187 0.9972
vn 0.0717 0.0154 0.9973
vn 0.0706 0.0306 0.9970
vn 0.0601 -0.0004 0.9982
vn 0.0615 0.0796 0.9949
vn 0.0477 0.0741 0.9961
vn 0.0556 0.1842 0.9813
vn 0.0648 0.1534 0.9860
vn 0.1009 0.2740 0.9564
vn 0.1157 0.1747 0.9778
vn 0.1162 0.3551 0.9276
vn 0.1364 0.2308 0.9634
vn -0.8275 0.5613 -0.0169
vn -0.8594 0.5112 0.0050
vn -0.8581 0.5134 0.0003
vn -0.8231 0.5676 -0.0189
vn -0.8419 -0.5395 -0.0126
vn -0.8268 -0.5626 -0.0026
vn -0.8487 -0.5285 -0.0175
vn -0.8237 -0.5671 -0.0003
vn -0.8297 -0.5582 0.0036
vn -0.7548 -0.6559 0.0123
vn -0.7571 -0.6532 0.0109
vn -0.7907 -0.6122 0.0038
vn -0.7949 -0.6067 0.0025
vn -0.8653 0.5012 0.0097
vn -0.8776 0.4794 -0.0025
vn -0.8787 0.4773 -0.0029
vn -0.8645 0.5025 0.0101
vn -0.8626 0.5057 0.0125
vn -1.0000 0.0000 -0.0000
vn -1.0000 -0.0001 -0.0035
vn -1.0000 -0.0000 0.0044
vn -1.0000 -0.0002 0.0090
vn -1.0000 -0.0000 0.0021
vn -0.7720 -0.2230 -0.5953
vn -0.7307 -0.2250 -0.6446
vn -0.7674 -0.2233 -0.6011
vn -0.7192 -0.2253 -0.6572
vn -0.3665 -0.0786 0.9271
vn -0.7277 -0.0005 0.6859
vn -0.8573 0.5148 0.0030
# 362 vertex normals

vt 0.0000 0.0000 0.0000
# 1 texture coords

g door_rf_hi_001
usemtl Material_18
s off
f 4314/12/3756 4315/12/3757 4316/12/3756 
f 4314/12/3756 4316/12/3756 4317/12/3758 
f 4315/12/3759 4318/12/3760 4316/12/3761 
f 4318/12/3760 4319/12/3762 4316/12/3761 
f 4318/12/3763 4320/12/3764 4319/12/3765 
f 4320/12/3764 4321/12/3766 4319/12/3765 
f 4320/12/3767 4322/12/3768 4321/12/3767 
f 4323/12/3769 4322/12/3768 4320/12/3767 
f 4323/12/3770 4324/12/3771 4322/12/3772 
f 4325/12/3773 4324/12/3771 4323/12/3770 
f 4324/12/3774 4325/12/3775 4326/12/3776 
f 4326/12/3776 4325/12/3775 4327/12/3777 
f 4326/12/3778 4327/12/3779 4328/12/3780 
f 4327/12/3779 4329/12/3781 4328/12/3780 
f 4328/12/3782 4329/12/3782 4317/12/3783 
f 4329/12/3782 4314/12/3784 4317/12/3783 
f 4325/12/3785 4323/12/3786 4329/12/3787 
f 4325/12/3785 4329/12/3787 4327/12/3788 
f 4329/12/3787 4323/12/3786 4320/12/3789 
f 4329/12/3787 4320/12/3789 4314/12/3790 
f 4314/12/3790 4320/12/3789 4315/12/3791 
f 4320/12/3789 4318/12/3792 4315/12/3791 
f 4330/12/3793 4331/12/3793 4332/12/3793 
f 4331/12/3793 4333/12/3793 4332/12/3793 
f 4334/12/3794 4333/12/3795 4331/12/3796 
f 4334/12/3794 4335/12/3797 4333/12/3795 
f 4336/12/3798 4335/12/3798 4334/12/3799 
f 4337/12/3798 4335/12/3798 4336/12/3798 
f 4338/12/3800 4337/12/3801 4336/12/3802 
f 4338/12/3800 4339/12/3803 4337/12/3801 
f 4340/12/3804 4339/12/3804 4338/12/3804 
f 4340/12/3804 4341/12/3804 4339/12/3804 
f 4340/12/3805 4342/12/3806 4341/12/3807 
f 4342/12/3806 4343/12/3808 4341/12/3807 
f 4343/12/3809 4342/12/3809 4344/12/3809 
f 4343/12/3809 4344/12/3809 4345/12/3809 
f 4344/12/3810 4330/12/3811 4345/12/3812 
f 4345/12/3812 4330/12/3811 4332/12/3813 
f 4343/12/3814 4337/12/3815 4339/12/3816 
f 4343/12/3814 4339/12/3816 4341/12/3817 
f 4345/12/3818 4335/12/3819 4337/12/3815 
f 4345/12/3818 4337/12/3815 4343/12/3814 
f 4332/12/3820 4333/12/3821 4335/12/3819 
f 4345/12/3818 4332/12/3820 4335/12/3819 
f 4346/12/3822 4347/12/3822 4348/12/3822 
f 4346/12/3822 4349/12/3822 4347/12/3822 
f 4350/12/3823 4351/12/3823 4352/12/3823 
f 4350/12/3823 4352/12/3823 4353/12/3823 
f 4351/12/3824 4348/12/3824 4347/12/3824 
f 4351/12/3824 4350/12/3824 4348/12/3824 
f 4352/12/3825 4349/12/3825 4346/12/3825 
f 4352/12/3825 4346/12/3825 4353/12/3825 
f 4347/12/3818 4349/12/3818 4351/12/3818 
f 4351/12/3818 4349/12/3818 4352/12/3818 
f 4354/12/3826 4355/12/3827 4356/12/3828 
f 4354/12/3826 4357/12/3829 4355/12/3827 
f 4357/12/3829 4358/12/3830 4355/12/3827 
f 4359/12/3831 4358/12/3830 4357/12/3829 
f 4359/12/3831 4360/12/3832 4358/12/3830 
f 4359/12/3831 4361/12/3833 4360/12/3832 
f 4361/12/3833 4362/12/3834 4360/12/3832 
f 4363/12/3835 4364/12/3836 4365/12/3837 
f 4363/12/3835 4366/12/3838 4364/12/3836 
f 4367/12/3839 4366/12/3838 4363/12/3835 
f 4367/12/3839 4368/12/3840 4366/12/3838 
f 4369/12/3841 4370/12/3842 4367/12/3839 
f 4369/12/3841 4367/12/3839 4363/12/3835 
f 4371/12/3843 4372/12/3844 4373/12/3845 
f 4371/12/3843 4354/12/3826 4372/12/3844 
f 4374/12/3846 4354/12/3826 4371/12/3843 
f 4374/12/3846 4357/12/3829 4354/12/3826 
f 4375/12/3847 4357/12/3829 4374/12/3846 
f 4375/12/3847 4359/12/3831 4357/12/3829 
f 4376/12/3848 4359/12/3831 4375/12/3847 
f 4376/12/3848 4361/12/3833 4359/12/3831 
f 4377/12/3849 4361/12/3833 4376/12/3848 
f 4378/12/3850 4363/12/3835 4365/12/3837 
f 4369/12/3841 4363/12/3835 4378/12/3850 
f 4379/12/3851 4373/12/3845 4380/12/3852 
f 4379/12/3851 4371/12/3843 4373/12/3845 
f 4381/12/3853 4382/12/3854 4380/12/3852 
f 4382/12/3854 4379/12/3851 4380/12/3852 
f 4383/12/3855 4374/12/3846 4371/12/3843 
f 4383/12/3855 4371/12/3843 4379/12/3851 
f 4384/12/3856 4383/12/3855 4379/12/3851 
f 4382/12/3854 4384/12/3856 4379/12/3851 
f 4383/12/3855 4375/12/3847 4374/12/3846 
f 4383/12/3855 4385/12/3857 4375/12/3847 
f 4386/12/3858 4385/12/3857 4383/12/3855 
f 4384/12/3856 4386/12/3858 4383/12/3855 
f 4387/12/3859 4376/12/3848 4375/12/3847 
f 4385/12/3857 4387/12/3859 4375/12/3847 
f 4388/12/3860 4387/12/3859 4385/12/3857 
f 4386/12/3858 4388/12/3860 4385/12/3857 
f 4387/12/3859 4389/12/3861 4377/12/3849 
f 4390/12/3861 4389/12/3861 4387/12/3859 
f 4388/12/3860 4390/12/3861 4387/12/3859 
f 4391/12/3862 4392/12/3863 4393/12/3862 
f 4387/12/3859 4377/12/3849 4376/12/3848 
f 4393/12/3862 4369/12/3841 4378/12/3850 
f 4393/12/3862 4392/12/3863 4369/12/3841 
f 4392/12/3863 4370/12/3842 4369/12/3841 
f 4392/12/3863 4394/12/3864 4370/12/3842 
f 4394/12/3864 4395/12/3865 4370/12/3842 
f 4354/12/3826 4356/12/3828 4372/12/3844 
f 4396/12/3866 4397/12/3867 4398/12/3868 
f 4397/12/3867 4399/12/3869 4398/12/3868 
f 4397/12/3867 4372/12/3844 4399/12/3869 
f 4372/12/3844 4356/12/3828 4399/12/3869 
f 4400/12/3870 4401/12/3871 4396/12/3866 
f 4401/12/3871 4397/12/3867 4396/12/3866 
f 4373/12/3845 4397/12/3867 4401/12/3871 
f 4373/12/3845 4372/12/3844 4397/12/3867 
f 4402/12/3872 4401/12/3871 4403/12/3873 
f 4403/12/3873 4401/12/3871 4400/12/3870 
f 4404/12/3874 4402/12/3872 4403/12/3873 
f 4405/12/3875 4402/12/3872 4404/12/3874 
f 4406/12/3876 4380/12/3852 4402/12/3872 
f 4405/12/3875 4406/12/3876 4402/12/3872 
f 4404/12/3874 4403/12/3873 4407/12/3877 
f 4404/12/3874 4407/12/3877 4408/12/3878 
f 4409/12/3879 4407/12/3877 4410/12/3880 
f 4408/12/3878 4407/12/3877 4409/12/3879 
f 4409/12/3879 4411/12/3881 4412/12/3882 
f 4409/12/3879 4410/12/3880 4411/12/3881 
f 4413/12/3883 4411/12/3881 4414/12/3884 
f 4412/12/3882 4411/12/3881 4413/12/3883 
f 4413/12/3883 4414/12/3884 4415/12/3885 
f 4413/12/3883 4415/12/3885 4416/12/3886 
f 4417/12/3887 4414/12/3884 4418/12/3888 
f 4414/12/3884 4417/12/3887 4415/12/3885 
f 4417/12/3887 4419/12/3889 4420/12/3890 
f 4417/12/3887 4418/12/3888 4419/12/3889 
f 4420/12/3890 4421/12/3891 4422/12/3892 
f 4420/12/3890 4419/12/3889 4421/12/3891 
f 4422/12/3892 4423/12/3893 4424/12/3894 
f 4422/12/3892 4421/12/3891 4423/12/3893 
f 4424/12/3894 4425/12/3895 4426/12/3896 
f 4424/12/3894 4423/12/3893 4425/12/3895 
f 4426/12/3896 4427/12/3897 4428/12/3898 
f 4426/12/3896 4425/12/3895 4427/12/3897 
f 4428/12/3898 4429/12/3899 4430/12/3900 
f 4427/12/3897 4429/12/3899 4428/12/3898 
f 4429/12/3899 4396/12/3866 4430/12/3900 
f 4430/12/3900 4396/12/3866 4398/12/3868 
f 4430/12/3901 4398/12/3902 4431/12/3903 
f 4432/12/3904 4430/12/3901 4431/12/3903 
f 4428/12/3905 4430/12/3901 4432/12/3904 
f 4433/12/3906 4428/12/3905 4432/12/3904 
f 4426/12/3907 4428/12/3905 4433/12/3906 
f 4434/12/3908 4426/12/3907 4433/12/3906 
f 4434/12/3908 4424/12/3909 4426/12/3907 
f 4435/12/3910 4424/12/3909 4434/12/3908 
f 4435/12/3910 4422/12/3911 4424/12/3909 
f 4436/12/3912 4422/12/3911 4435/12/3910 
f 4436/12/3912 4420/12/3913 4422/12/3911 
f 4437/12/3914 4420/12/3913 4436/12/3912 
f 4437/12/3914 4417/12/3915 4420/12/3913 
f 4437/12/3914 4438/12/3916 4417/12/3915 
f 4438/12/3916 4415/12/3917 4417/12/3915 
f 4439/12/3918 4415/12/3917 4438/12/3916 
f 4439/12/3918 4416/12/3918 4415/12/3917 
f 4317/12/3919 4316/12/3920 4401/12/3871 
f 4328/12/3921 4317/12/3919 4401/12/3871 
f 4402/12/3872 4326/12/3922 4328/12/3921 
f 4402/12/3872 4328/12/3921 4401/12/3871 
f 4316/12/3920 4319/12/3923 4401/12/3871 
f 4319/12/3923 4373/12/3845 4401/12/3871 
f 4380/12/3852 4324/12/3924 4402/12/3872 
f 4402/12/3872 4324/12/3924 4326/12/3922 
f 4406/12/3876 4381/12/3853 4380/12/3852 
f 4321/12/3925 4373/12/3845 4319/12/3923 
f 4380/12/3852 4373/12/3845 4321/12/3925 
f 4380/12/3852 4321/12/3925 4322/12/3926 
f 4380/12/3852 4322/12/3926 4324/12/3924 
f 4440/12/3927 4441/12/3927 4442/12/3927 
f 4440/12/3928 4443/12/3929 4441/12/3930 
f 4440/12/3928 4444/12/3931 4443/12/3929 
f 4444/12/3931 4445/12/3932 4443/12/3929 
f 4443/12/3929 4446/12/3933 4441/12/3930 
f 4443/12/3929 4447/12/3934 4446/12/3933 
f 4445/12/3932 4447/12/3934 4443/12/3929 
f 4445/12/3932 4448/12/3935 4447/12/3934 
f 4447/12/3936 4449/12/3937 4446/12/3938 
f 4447/12/3936 4450/12/3939 4449/12/3937 
f 4448/12/3940 4450/12/3939 4447/12/3936 
f 4448/12/3940 4451/12/3941 4450/12/3939 
f 4450/12/3939 4452/12/3942 4449/12/3937 
f 4450/12/3939 4453/12/3943 4452/12/3942 
f 4451/12/3941 4453/12/3943 4450/12/3939 
f 4451/12/3941 4454/12/3944 4453/12/3943 
f 4455/12/3945 4440/12/3946 4442/12/3945 
f 4455/12/3945 4456/12/3947 4440/12/3946 
f 4456/12/3947 4444/12/3948 4440/12/3946 
f 4456/12/3947 4457/12/3949 4444/12/3948 
f 4453/12/3950 4454/12/3951 4458/12/3952 
f 4459/12/3953 4453/12/3950 4458/12/3952 
f 4452/12/3954 4453/12/3950 4459/12/3953 
f 4460/12/3954 4452/12/3954 4459/12/3953 
f 4457/12/3955 4445/12/3956 4444/12/3957 
f 4457/12/3955 4461/12/3958 4445/12/3956 
f 4461/12/3959 4448/12/3960 4445/12/3961 
f 4462/12/3962 4448/12/3960 4461/12/3959 
f 4462/12/3962 4451/12/3963 4448/12/3960 
f 4463/12/3964 4451/12/3963 4462/12/3962 
f 4463/12/3964 4454/12/3965 4451/12/3963 
f 4463/12/3964 4458/12/3966 4454/12/3965 
f 4441/12/3967 4455/12/3968 4442/12/3969 
f 4464/12/3970 4455/12/3968 4441/12/3967 
usemtl Material_16
f 4465/12/3971 4466/12/3972 4467/12/3973 
f 4467/12/3973 4466/12/3972 4468/12/3974 
f 4467/12/3973 4468/12/3974 4469/12/3975 
f 4470/12/3976 4467/12/3973 4469/12/3975 
f 4471/12/3977 4467/12/3973 4470/12/3976 
f 4471/12/3977 4465/12/3971 4467/12/3973 
f 4456/12/3978 4455/12/3978 4464/12/3978 
f 4456/12/3979 4464/12/3980 4472/12/3981 
f 4456/12/3979 4472/12/3981 4457/12/3982 
f 4457/12/3982 4472/12/3981 4461/12/3983 
f 4472/12/3981 4464/12/3980 4473/12/3984 
f 4472/12/3981 4473/12/3984 4474/12/3985 
f 4461/12/3983 4472/12/3981 4474/12/3985 
f 4461/12/3983 4474/12/3985 4462/12/3986 
f 4474/12/3985 4473/12/3984 4475/12/3987 
f 4474/12/3985 4475/12/3987 4476/12/3988 
f 4462/12/3986 4474/12/3985 4476/12/3988 
f 4462/12/3986 4476/12/3988 4463/12/3989 
f 4476/12/3988 4475/12/3987 4460/12/3990 
f 4476/12/3988 4460/12/3990 4459/12/3991 
f 4463/12/3989 4476/12/3988 4459/12/3991 
f 4463/12/3989 4459/12/3991 4458/12/3982 
usemtl Material_5
f 4477/12/3992 4404/12/3993 4431/12/3994 
f 4478/12/3993 4404/12/3993 4477/12/3992 
f 4479/12/3995 4477/12/3995 4480/12/3995 
f 4479/12/3996 4478/12/3996 4477/12/3996 
f 4479/12/3995 4480/12/3995 4481/12/3995 
f 4482/12/3995 4481/12/3995 4480/12/3995 
f 4483/12/3995 4484/12/3995 4485/12/3995 
f 4485/12/3995 4484/12/3995 4486/12/3995 
f 4485/12/3995 4486/12/3995 4487/12/3995 
f 4487/12/3995 4486/12/3995 4488/12/3995 
f 4487/12/3995 4488/12/3995 4489/12/3995 
f 4489/12/3995 4488/12/3995 4490/12/3995 
f 4489/12/3995 4490/12/3995 4491/12/3995 
f 4491/12/3995 4490/12/3995 4492/12/3995 
f 4491/12/3995 4492/12/3995 4493/12/3995 
f 4493/12/3995 4492/12/3995 4494/12/3995 
f 4493/12/3995 4494/12/3995 4495/12/3995 
f 4495/12/3995 4494/12/3995 4496/12/3995 
f 4495/12/3995 4497/12/3995 4498/12/3995 
f 4483/12/3995 4480/12/3995 4484/12/3995 
f 4482/12/3995 4480/12/3995 4483/12/3995 
f 4495/12/3995 4496/12/3995 4497/12/3995 
f 4499/12/3995 4496/12/3995 4500/12/3995 
f 4497/12/3995 4496/12/3995 4499/12/3995 
f 4501/12/3997 4502/12/3997 4503/12/3997 
f 4503/12/3998 4504/12/3998 4501/12/3998 
f 4501/12/3999 4504/12/4000 4505/12/4001 
f 4505/12/4001 4504/12/4000 4506/12/4002 
f 4507/12/4003 4505/12/4003 4506/12/4003 
f 4507/12/4003 4506/12/4003 4508/12/4003 
f 4506/12/4004 4504/12/4005 4503/12/4006 
f 4506/12/4004 4503/12/4006 4508/12/4007 
f 4502/12/4008 4507/12/4009 4508/12/4010 
f 4502/12/4008 4508/12/4010 4503/12/4011 
f 4501/12/4012 4505/12/4013 4502/12/4014 
f 4505/12/4013 4507/12/4015 4502/12/4014 
f 4403/12/3873 4400/12/3870 4509/12/4016 
f 4403/12/3873 4509/12/4016 4510/12/4017 
f 4407/12/3877 4403/12/3873 4510/12/4017 
f 4407/12/3877 4510/12/4017 4511/12/4018 
f 4407/12/3877 4511/12/4018 4512/12/4019 
f 4407/12/3877 4512/12/4019 4410/12/3880 
f 4410/12/3880 4512/12/4019 4513/12/4020 
f 4410/12/3880 4513/12/4020 4411/12/3881 
f 4411/12/3881 4513/12/4020 4514/12/4021 
f 4411/12/3881 4514/12/4021 4414/12/3884 
f 4414/12/3884 4514/12/4021 4515/12/4022 
f 4414/12/3884 4515/12/4022 4418/12/3888 
f 4418/12/3888 4515/12/4022 4516/12/4023 
f 4418/12/3888 4516/12/4023 4419/12/3889 
f 4516/12/4023 4517/12/4024 4419/12/3889 
f 4419/12/3889 4517/12/4024 4421/12/4025 
f 4517/12/4024 4518/12/4026 4421/12/4025 
f 4421/12/4025 4518/12/4026 4423/12/4027 
f 4518/12/4026 4519/12/4028 4423/12/4027 
f 4423/12/4027 4519/12/4028 4425/12/4029 
f 4519/12/4028 4520/12/4030 4425/12/4029 
f 4425/12/4029 4520/12/4030 4427/12/4031 
f 4520/12/4030 4521/12/4032 4427/12/4031 
f 4427/12/4031 4521/12/4032 4429/12/3899 
f 4522/12/4033 4429/12/3899 4521/12/4032 
f 4522/12/4033 4396/12/3866 4429/12/3899 
f 4400/12/3870 4396/12/3866 4522/12/4033 
f 4400/12/3870 4522/12/4033 4509/12/4016 
usemtl Material_13
f 4498/12/4034 4395/12/4034 4394/12/4034 
f 4392/12/4035 4498/12/4036 4394/12/4037 
f 4495/12/4038 4498/12/4036 4392/12/4035 
f 4391/12/4039 4495/12/4038 4392/12/4035 
f 4493/12/4040 4495/12/4038 4391/12/4039 
f 4390/12/4041 4493/12/4040 4391/12/4039 
f 4491/12/4042 4493/12/4040 4390/12/4041 
f 4388/12/4043 4491/12/4042 4390/12/4041 
f 4489/12/4044 4491/12/4042 4388/12/4043 
f 4386/12/4045 4489/12/4044 4388/12/4043 
f 4487/12/4046 4489/12/4044 4386/12/4045 
f 4384/12/4047 4487/12/4046 4386/12/4045 
f 4485/12/4048 4487/12/4046 4384/12/4047 
f 4483/12/4049 4485/12/4048 4384/12/4047 
f 4483/12/4049 4384/12/4047 4382/12/4050 
f 4482/12/4051 4483/12/4049 4382/12/4050 
f 4482/12/4051 4382/12/4050 4381/12/4052 
f 4481/12/4053 4482/12/4051 4381/12/4052 
f 4481/12/4053 4381/12/4052 4406/12/4054 
f 4479/12/4055 4481/12/4053 4406/12/4054 
f 4405/12/4056 4479/12/4055 4406/12/4054 
f 4478/12/4057 4479/12/4055 4405/12/4056 
f 4478/12/4057 4405/12/4056 4404/12/4058 
f 4498/12/4059 4370/12/4060 4395/12/4061 
f 4497/12/4062 4370/12/4060 4498/12/4059 
f 4497/12/4062 4367/12/4063 4370/12/4060 
f 4499/12/4064 4367/12/4063 4497/12/4062 
f 4499/12/4064 4368/12/4065 4367/12/4063 
f 4500/12/4066 4368/12/4065 4499/12/4064 
f 4366/12/4067 4368/12/4068 4500/12/4068 
f 4496/12/4069 4366/12/4067 4500/12/4068 
f 4364/12/4070 4366/12/4067 4496/12/4069 
f 4364/12/4070 4496/12/4069 4494/12/4071 
f 4362/12/4072 4364/12/4070 4494/12/4071 
f 4492/12/4073 4362/12/4072 4494/12/4071 
f 4360/12/4074 4362/12/4072 4492/12/4073 
f 4360/12/4074 4492/12/4073 4490/12/4075 
f 4358/12/4076 4360/12/4074 4490/12/4075 
f 4358/12/4076 4490/12/4075 4488/12/4077 
f 4355/12/4078 4358/12/4076 4488/12/4077 
f 4355/12/4078 4488/12/4077 4486/12/4079 
f 4356/12/4080 4355/12/4078 4486/12/4079 
f 4356/12/4080 4486/12/4079 4484/12/4081 
f 4480/12/4082 4356/12/4080 4484/12/4081 
f 4399/12/4083 4356/12/4080 4480/12/4082 
f 4523/12/4084 4399/12/4083 4480/12/4082 
f 4398/12/4085 4399/12/4083 4523/12/4084 
f 4477/12/4086 4398/12/4085 4523/12/4084 
f 4431/12/4087 4398/12/4085 4477/12/4086 
usemtl Material_27
f 4524/12/4088 4525/12/4089 4389/12/4090 
f 4390/12/4091 4524/12/4088 4389/12/4090 
f 4391/12/4092 4526/12/4093 4527/12/4094 
f 4391/12/4092 4393/12/4095 4526/12/4093 
f 4393/12/4095 4528/12/4096 4526/12/4093 
f 4393/12/4095 4378/12/4096 4528/12/4096 
f 4378/12/4096 4529/12/4097 4528/12/4096 
f 4378/12/4096 4365/12/4098 4529/12/4097 
f 4365/12/4098 4530/12/4099 4529/12/4097 
f 4365/12/4098 4364/12/4100 4530/12/4099 
f 4361/12/4101 4531/12/4102 4362/12/4103 
f 4532/12/4104 4531/12/4102 4361/12/4101 
f 4533/12/4105 4532/12/4104 4361/12/4101 
f 4533/12/4105 4361/12/4101 4377/12/4105 
f 4525/12/4089 4533/12/4105 4377/12/4105 
f 4389/12/4090 4525/12/4089 4377/12/4105 
f 4524/12/4106 4527/12/4106 4526/12/4107 
f 4524/12/4106 4526/12/4107 4525/12/4107 
f 4525/12/4107 4526/12/4107 4528/12/4108 
f 4525/12/4107 4528/12/4108 4533/12/4108 
f 4533/12/4108 4528/12/4108 4529/12/4109 
f 4533/12/4108 4529/12/4109 4532/12/4109 
f 4529/12/4109 4530/12/4110 4531/12/4110 
f 4529/12/4109 4531/12/4110 4532/12/4109 
f 4390/12/4111 4391/12/4112 4524/12/4113 
f 4524/12/4113 4391/12/4112 4527/12/4114 
f 4362/12/4115 4530/12/4115 4364/12/4115 
f 4530/12/4116 4362/12/4116 4531/12/4116 
usemtl Material_12
f 4515/12/4022 4534/12/4117 4516/12/4023 
f 4514/12/4021 4534/12/4117 4515/12/4022 
f 4513/12/4020 4534/12/4117 4514/12/4021 
f 4512/12/4019 4534/12/4117 4513/12/4020 
f 4511/12/4018 4534/12/4117 4512/12/4019 
f 4511/12/4018 4510/12/4017 4534/12/4117 
f 4510/12/4017 4509/12/4016 4534/12/4117 
f 4509/12/4016 4522/12/4033 4534/12/4117 
f 4534/12/4117 4522/12/4033 4521/12/4032 
f 4534/12/4117 4521/12/4032 4520/12/4030 
f 4534/12/4117 4520/12/4030 4519/12/4028 
f 4534/12/4117 4519/12/4028 4518/12/4026 
f 4534/12/4117 4518/12/4026 4517/12/4024 
f 4534/12/4117 4517/12/4024 4516/12/4023 
# 0 polygons - 386 triangles

#
# object in_001
#

v  0.8702 1.1205 0.4286
v  0.9265 0.9914 0.6336
v  0.9487 0.9584 0.5857
v  0.8934 1.0910 0.4145
v  0.7942 1.2567 0.1246
v  0.7659 1.2789 0.1307
v  0.6880 1.3830 -0.1415
v  0.6567 1.4078 -0.1298
v  0.9744 0.8736 0.6357
v  0.9744 0.8848 0.7095
v  0.6703 1.4059 -0.1996
v  0.6431 1.4313 -0.1927
v  0.6541 1.4145 -0.2592
v  0.6303 1.4418 -0.2552
v  0.6479 1.4181 -0.3047
v  0.6259 1.4473 -0.3023
v  0.6514 1.4188 -0.5871
v  0.6281 1.4498 -0.5857
v  0.6460 1.4140 -0.7925
v  0.6237 1.4492 -0.7508
v  0.6419 1.4140 -0.8318
v  0.6281 1.4449 -0.8166
v  -0.8702 1.1205 0.4286
v  -0.9487 0.9584 0.5857
v  -0.9265 0.9914 0.6336
v  -0.8934 1.0910 0.4145
v  -0.7942 1.2567 0.1246
v  -0.7659 1.2789 0.1307
v  -0.6567 1.4078 -0.1298
v  -0.6880 1.3830 -0.1415
v  -0.9744 0.8736 0.6357
v  -0.9744 0.8848 0.7095
v  -0.6703 1.4059 -0.1996
v  -0.6431 1.4313 -0.1927
v  -0.6541 1.4145 -0.2592
v  -0.6303 1.4418 -0.2552
v  -0.6479 1.4181 -0.3047
v  -0.6259 1.4473 -0.3023
v  -0.6514 1.4188 -0.5871
v  -0.6281 1.4498 -0.5857
v  -0.6460 1.4140 -0.7925
v  -0.6237 1.4492 -0.7508
v  -0.6419 1.4140 -0.8318
v  -0.6281 1.4449 -0.8166
v  0.4198 0.3864 0.6172
v  0.4206 0.5153 0.6389
v  0.4198 0.3856 0.6311
v  0.4206 0.5162 0.6250
v  0.3396 0.5146 0.6389
v  0.3396 0.5155 0.6249
v  0.3396 0.4417 0.6332
v  0.3396 0.4426 0.6193
v  0.3739 0.3856 0.6311
v  0.3739 0.3864 0.6172
v  0.3900 0.4517 0.6351
v  0.3900 0.4525 0.6211
v  0.4901 0.3864 0.5974
v  0.4901 0.3856 0.6114
v  0.4894 0.5153 0.6192
v  0.4894 0.5162 0.6052
v  0.5704 0.5146 0.6192
v  0.5704 0.5155 0.6052
v  0.5704 0.4417 0.6135
v  0.5704 0.4426 0.5995
v  0.5360 0.3856 0.6114
v  0.5360 0.3864 0.5974
v  0.5200 0.4517 0.6154
v  0.5200 0.4525 0.6014
v  0.2754 0.2493 0.6780
v  0.2275 0.2493 0.6780
v  0.2754 0.2493 0.6610
v  0.2393 0.4913 0.6481
v  0.2393 0.4913 0.6651
v  0.1914 0.4913 0.6481
v  0.1914 0.4913 0.6651
v  0.2275 0.2493 0.6610
v  0.5417 0.4822 0.6071
v  0.5167 0.4822 0.6190
v  0.5167 0.4822 0.6071
v  0.5417 0.4822 0.6190
v  0.4967 0.6192 0.6908
v  0.4967 0.6192 0.7027
v  0.4717 0.6192 0.6908
v  0.4717 0.6192 0.7027
v  0.3962 0.5048 0.6329
v  0.3712 0.5048 0.6447
v  0.3712 0.5048 0.6329
v  0.3962 0.5048 0.6447
v  0.3962 0.6217 0.6908
v  0.3962 0.6217 0.7027
v  0.3712 0.6217 0.6908
v  0.3712 0.6217 0.7027
v  0.2319 0.4362 0.6598
v  0.2108 0.5345 0.8367
v  0.2108 0.4362 0.6598
v  0.2319 0.5345 0.8367
v  0.2319 0.4573 0.6598
v  0.2319 0.5556 0.8367
v  0.2108 0.4573 0.6598
v  0.2108 0.5556 0.8367
v  0.8303 0.9918 -1.5813
v  0.4850 0.9918 -1.5813
v  0.7797 0.9918 -1.4593
v  0.6576 0.9918 -1.4087
v  0.5356 0.9918 -1.4593
v  0.7797 0.9918 -1.7034
v  0.6576 0.9918 -1.7540
v  0.5356 0.9918 -1.7034
v  -0.4850 0.9918 -1.5813
v  -0.8303 0.9918 -1.5813
v  -0.7797 0.9918 -1.4593
v  -0.6576 0.9918 -1.4087
v  -0.5356 0.9918 -1.4593
v  -0.7797 0.9918 -1.7034
v  -0.6576 0.9918 -1.7540
v  -0.5356 0.9918 -1.7034
v  0.7280 1.2377 -1.0098
v  0.8709 0.8983 -0.9765
v  0.7282 1.2377 -0.9440
v  0.8564 0.8983 -1.0438
v  0.8725 0.8125 -0.9525
v  0.8397 0.8125 -1.0152
v  0.8540 0.2044 -0.7033
v  0.8211 0.2044 -0.7660
v  0.1925 0.2956 -0.4137
v  0.1531 0.3133 -0.4873
v  0.1908 0.3172 -0.4866
v  0.1549 0.2917 -0.4144
v  0.1430 0.4235 -0.4545
v  0.1447 0.4020 -0.3815
v  0.1806 0.4274 -0.4538
v  0.1824 0.4059 -0.3808
v  0.1779 0.2502 -0.4875
v  0.1582 0.2508 -0.4669
v  0.1582 0.2502 -0.4875
v  0.1779 0.2508 -0.4669
v  0.1779 0.3139 -0.4602
v  0.1779 0.3083 -0.4405
v  0.1582 0.3139 -0.4602
v  0.1582 0.3083 -0.4405
v  -0.7280 1.2377 -1.0098
v  -0.7282 1.2377 -0.9440
v  -0.8709 0.8983 -0.9765
v  -0.8564 0.8983 -1.0438
v  -0.8725 0.8125 -0.9525
v  -0.8397 0.8125 -1.0152
v  -0.8540 0.2044 -0.7033
v  -0.8211 0.2044 -0.7660
v  -0.1531 0.3133 -0.4873
v  -0.1925 0.2956 -0.4137
v  -0.1908 0.3172 -0.4866
v  -0.1549 0.2917 -0.4144
v  -0.1430 0.4235 -0.4545
v  -0.1447 0.4020 -0.3815
v  -0.1824 0.4059 -0.3808
v  -0.1806 0.4274 -0.4538
v  -0.1582 0.2508 -0.4669
v  -0.1779 0.2502 -0.4875
v  -0.1582 0.2502 -0.4875
v  -0.1779 0.2508 -0.4669
v  -0.1779 0.3139 -0.4602
v  -0.1779 0.3083 -0.4405
v  -0.1582 0.3139 -0.4602
v  -0.1582 0.3083 -0.4405
v  0.8303 0.8089 -1.6215
v  0.7797 0.8232 -1.4568
v  0.6576 0.8232 -1.4063
v  0.5356 0.8232 -1.4568
v  0.5323 0.8089 -1.6215
v  0.5356 0.7769 -1.7009
v  0.6576 0.7496 -1.7433
v  0.7797 0.7769 -1.7009
v  -0.8303 0.8089 -1.6215
v  -0.7797 0.8232 -1.4568
v  -0.6576 0.8232 -1.4063
v  -0.5356 0.8232 -1.4568
v  -0.5323 0.8089 -1.6215
v  -0.5356 0.7769 -1.7009
v  -0.6576 0.7496 -1.7433
v  -0.7797 0.7769 -1.7009
v  0.7865 0.4960 -0.4706
v  0.6627 0.3887 -0.4682
v  0.7419 0.3886 -0.4725
v  0.6605 0.4912 -0.5051
v  0.7951 0.6731 -0.5165
v  0.6581 0.6615 -0.5720
v  0.7628 0.8360 -0.5893
v  0.6522 0.8174 -0.6404
v  0.6850 0.9918 -0.6925
v  0.6223 0.9409 -0.6783
v  0.6531 1.1571 -0.6883
v  0.5768 1.1249 -0.6900
v  0.5729 1.2392 -0.6982
v  0.6288 1.2497 -0.6977
v  0.6076 1.2725 -0.7288
v  0.5704 1.2818 -0.7283
v  0.5812 1.2689 -0.7872
v  0.5581 1.2754 -0.7869
v  0.5981 1.2435 -0.7888
v  0.7649 0.4050 -0.5859
v  0.7186 0.2643 -0.5331
v  0.7723 0.5644 -0.6217
v  0.7390 0.7417 -0.6858
v  0.6805 0.9075 -0.7661
v  0.6255 1.1598 -0.7915
v  0.7793 0.4483 -0.2470
v  0.6789 0.4132 -0.2339
v  0.7942 0.4497 -0.0029
v  0.6776 0.4231 -0.0569
v  0.6755 0.4222 0.0133
v  0.8121 0.4555 -0.0697
v  0.8021 0.4535 -0.1683
v  0.6813 0.4241 -0.1527
v  0.7889 0.2626 -0.2422
v  0.8143 0.2664 -0.1647
v  0.8329 0.2728 -0.0710
v  0.7542 0.4175 0.0726
v  0.6641 0.4170 0.0850
v  0.8133 0.2713 -0.0086
v  0.7448 0.2796 0.0844
v  0.6311 0.2807 0.0940
v  0.1947 0.4960 -0.4665
v  0.2392 0.3886 -0.4685
v  0.3004 0.3906 -0.4644
v  0.2919 0.4931 -0.5014
v  0.1861 0.6731 -0.5125
v  0.2943 0.6634 -0.5684
v  0.2184 0.8360 -0.5853
v  0.3002 0.8193 -0.6367
v  0.2961 0.9918 -0.6885
v  0.3589 0.9409 -0.6743
v  0.3370 1.1571 -0.6843
v  0.4133 1.1249 -0.6859
v  0.4173 1.2392 -0.6942
v  0.3613 1.2497 -0.6937
v  0.4197 1.2818 -0.7243
v  0.3825 1.2725 -0.7248
v  0.4321 1.2754 -0.7829
v  0.4089 1.2689 -0.7832
v  0.3920 1.2435 -0.7848
v  0.2163 0.4050 -0.5819
v  0.2625 0.2643 -0.5291
v  0.2089 0.5644 -0.6177
v  0.2422 0.7417 -0.6818
v  0.3007 0.9075 -0.7621
v  0.3647 1.1598 -0.7875
v  0.2907 0.4151 -0.2231
v  0.2019 0.4483 -0.2430
v  0.2816 0.4250 -0.0430
v  0.1870 0.4497 0.0011
v  0.2782 0.4242 0.0215
v  0.1691 0.4555 -0.0657
v  0.2885 0.4260 -0.1438
v  0.1791 0.4535 -0.1643
v  0.1923 0.2626 -0.2381
v  0.1669 0.2664 -0.1607
v  0.1483 0.2728 -0.0670
v  0.2270 0.4175 0.0766
v  0.2970 0.4189 0.0932
v  0.1678 0.2713 -0.0046
v  0.2364 0.2796 0.0884
v  0.3626 0.2807 0.1022
v  -0.1705 0.4960 -0.4298
v  -0.2943 0.3887 -0.4275
v  -0.2151 0.3886 -0.4317
v  -0.2966 0.4912 -0.4643
v  -0.1619 0.6731 -0.4758
v  -0.2989 0.6615 -0.5313
v  -0.1942 0.8360 -0.5486
v  -0.3048 0.8174 -0.5997
v  -0.2720 0.9918 -0.6517
v  -0.3348 0.9409 -0.6376
v  -0.3039 1.1571 -0.6476
v  -0.3802 1.1249 -0.6492
v  -0.3842 1.2392 -0.6575
v  -0.3282 1.2497 -0.6569
v  -0.3494 1.2725 -0.6880
v  -0.3867 1.2818 -0.6876
v  -0.3758 1.2689 -0.7465
v  -0.3990 1.2754 -0.7461
v  -0.3589 1.2435 -0.7480
v  -0.1921 0.4050 -0.5452
v  -0.2384 0.2643 -0.4924
v  -0.1847 0.5644 -0.5810
v  -0.2180 0.7417 -0.6450
v  -0.2765 0.9075 -0.7253
v  -0.3316 1.1598 -0.7507
v  -0.1777 0.4483 -0.2062
v  -0.2781 0.4132 -0.1932
v  -0.1629 0.4497 0.0378
v  -0.2794 0.4231 -0.0161
v  -0.2816 0.4222 0.0540
v  -0.1450 0.4555 -0.0290
v  -0.1550 0.4535 -0.1275
v  -0.2757 0.4241 -0.1120
v  -0.1682 0.2626 -0.2014
v  -0.1427 0.2664 -0.1240
v  -0.1242 0.2728 -0.0303
v  -0.2028 0.4175 0.1134
v  -0.2929 0.4170 0.1257
v  -0.1437 0.2713 0.0321
v  -0.2123 0.2796 0.1251
v  -0.3259 0.2807 0.1347
v  -0.7624 0.4960 -0.4258
v  -0.7178 0.3886 -0.4277
v  -0.6567 0.3906 -0.4237
v  -0.6651 0.4931 -0.4607
v  -0.7710 0.6731 -0.4718
v  -0.6628 0.6634 -0.5276
v  -0.7387 0.8360 -0.5445
v  -0.6568 0.8193 -0.5960
v  -0.6609 0.9918 -0.6477
v  -0.5981 0.9409 -0.6336
v  -0.6200 1.1571 -0.6436
v  -0.5437 1.1249 -0.6452
v  -0.5398 1.2392 -0.6535
v  -0.5957 1.2497 -0.6529
v  -0.5373 1.2818 -0.6836
v  -0.5745 1.2725 -0.6840
v  -0.5250 1.2754 -0.7421
v  -0.5481 1.2689 -0.7424
v  -0.5650 1.2435 -0.7440
v  -0.7408 0.4050 -0.5411
v  -0.6945 0.2643 -0.4884
v  -0.7482 0.5644 -0.5770
v  -0.7149 0.7417 -0.6410
v  -0.6564 0.9075 -0.7213
v  -0.5924 1.1598 -0.7467
v  -0.6663 0.4151 -0.1824
v  -0.7552 0.4483 -0.2022
v  -0.6755 0.4250 -0.0023
v  -0.7700 0.4497 0.0418
v  -0.6789 0.4242 0.0622
v  -0.7879 0.4555 -0.0250
v  -0.6686 0.4260 -0.1031
v  -0.7779 0.4535 -0.1235
v  -0.7648 0.2626 -0.1974
v  -0.7902 0.2664 -0.1200
v  -0.8087 0.2728 -0.0263
v  -0.7301 0.4175 0.1174
v  -0.6600 0.4189 0.1339
v  -0.7892 0.2713 0.0361
v  -0.7206 0.2796 0.1291
v  -0.5944 0.2807 0.1429
v  0.5399 0.8058 0.1156
v  0.5422 0.8226 0.3906
v  0.5467 0.6815 0.4829
v  0.5378 0.8498 0.1241
v  0.5256 0.8386 0.3937
v  0.5217 0.8674 0.1275
v  0.3862 0.8376 0.3935
v  0.3863 0.8660 0.1272
v  0.3645 0.8244 0.3909
v  0.3663 0.8516 0.1244
v  0.3542 0.6844 0.4835
v  0.3636 0.8069 0.1158
v  0.4186 0.6318 0.4734
v  0.4243 0.7637 0.1075
v  0.4840 0.6320 0.4734
v  0.4829 0.7644 0.1077
v  0.5106 1.0690 0.1563
v  0.4604 1.0716 0.1470
v  0.4604 1.0737 0.1572
v  0.5098 1.0671 0.1461
v  0.4604 1.0630 0.1412
v  0.5078 1.0586 0.1404
v  0.4604 1.0529 0.1434
v  0.5059 1.0487 0.1425
v  0.4604 1.0472 0.1521
v  0.5051 1.0430 0.1513
v  0.4604 1.0492 0.1623
v  0.5059 1.0450 0.1615
v  0.4604 1.0579 0.1680
v  0.5078 1.0535 0.1672
v  0.4604 1.0680 0.1659
v  0.5098 1.0634 0.1650
v  0.5589 1.0552 0.1536
v  0.5573 1.0535 0.1435
v  0.5535 1.0455 0.1379
v  0.5497 1.0361 0.1401
v  0.5481 1.0307 0.1489
v  0.5497 1.0325 0.1591
v  0.5535 1.0404 0.1647
v  0.5573 1.0498 0.1624
v  0.6034 1.0328 0.1493
v  0.6011 1.0314 0.1392
v  0.5956 1.0243 0.1338
v  0.5901 1.0158 0.1362
v  0.5878 1.0107 0.1451
v  0.5901 1.0121 0.1552
v  0.5956 1.0192 0.1606
v  0.6011 1.0277 0.1582
v  0.6424 1.0026 0.1435
v  0.6395 1.0016 0.1335
v  0.6325 0.9958 0.1283
v  0.6254 0.9884 0.1310
v  0.6225 0.9838 0.1399
v  0.6254 0.9847 0.1499
v  0.6325 0.9906 0.1551
v  0.6395 0.9980 0.1525
v  0.6744 0.9657 0.1364
v  0.6710 0.9654 0.1265
v  0.6627 0.9610 0.1216
v  0.6545 0.9550 0.1245
v  0.6511 0.9510 0.1336
v  0.6545 0.9513 0.1435
v  0.6627 0.9558 0.1484
v  0.6710 0.9618 0.1455
v  0.6982 0.9237 0.1283
v  0.6944 0.9241 0.1186
v  0.6852 0.9212 0.1140
v  0.6761 0.9169 0.1172
v  0.6722 0.9136 0.1264
v  0.6761 0.9133 0.1362
v  0.6852 0.9161 0.1408
v  0.6944 0.9204 0.1375
v  0.7129 0.8782 0.1196
v  0.7088 0.8792 0.1100
v  0.6991 0.8782 0.1057
v  0.6893 0.8756 0.1093
v  0.6853 0.8730 0.1186
v  0.6893 0.8719 0.1282
v  0.6991 0.8730 0.1325
v  0.7088 0.8756 0.1289
v  0.7178 0.8308 0.1105
v  0.7137 0.8326 0.1010
v  0.7038 0.8334 0.0971
v  0.6938 0.8326 0.1010
v  0.6897 0.8308 0.1105
v  0.6938 0.8290 0.1199
v  0.7038 0.8282 0.1239
v  0.7137 0.8290 0.1199
v  0.7129 0.7834 0.1014
v  0.7088 0.7860 0.0920
v  0.6991 0.7886 0.0885
v  0.6893 0.7896 0.0927
v  0.6853 0.7886 0.1024
v  0.6893 0.7860 0.1117
v  0.6991 0.7834 0.1153
v  0.7088 0.7823 0.1110
v  0.6982 0.7378 0.0926
v  0.6944 0.7411 0.0834
v  0.6852 0.7455 0.0802
v  0.6761 0.7483 0.0848
v  0.6722 0.7480 0.0945
v  0.6761 0.7447 0.1037
v  0.6852 0.7403 0.1070
v  0.6944 0.7375 0.1024
v  0.6744 0.6958 0.0845
v  0.6710 0.6998 0.0755
v  0.6627 0.7058 0.0725
v  0.6545 0.7102 0.0775
v  0.6511 0.7106 0.0873
v  0.6545 0.7066 0.0964
v  0.6627 0.7006 0.0993
v  0.6710 0.6962 0.0944
v  0.6424 0.6590 0.0774
v  0.6395 0.6636 0.0685
v  0.6325 0.6710 0.0658
v  0.6254 0.6768 0.0710
v  0.6225 0.6778 0.0810
v  0.6254 0.6732 0.0900
v  0.6325 0.6658 0.0926
v  0.6395 0.6599 0.0874
v  0.6034 0.6288 0.0716
v  0.6011 0.6339 0.0628
v  0.5956 0.6424 0.0603
v  0.5901 0.6495 0.0658
v  0.5878 0.6509 0.0759
v  0.5901 0.6458 0.0847
v  0.5956 0.6373 0.0871
v  0.6011 0.6302 0.0817
v  0.5589 0.6064 0.0673
v  0.5573 0.6118 0.0585
v  0.5535 0.6212 0.0563
v  0.5497 0.6291 0.0619
v  0.5481 0.6309 0.0720
v  0.5497 0.6255 0.0808
v  0.5535 0.6160 0.0831
v  0.5573 0.6081 0.0775
v  0.5106 0.5925 0.0646
v  0.5098 0.5982 0.0559
v  0.5078 0.6081 0.0538
v  0.5059 0.6166 0.0594
v  0.5051 0.6185 0.0697
v  0.5059 0.6129 0.0784
v  0.5078 0.6030 0.0806
v  0.5098 0.5945 0.0749
v  0.4604 0.5879 0.0638
v  0.4604 0.5936 0.0550
v  0.4604 0.6037 0.0529
v  0.4604 0.6123 0.0586
v  0.4604 0.6144 0.0689
v  0.4604 0.6087 0.0776
v  0.4604 0.5985 0.0797
v  0.4604 0.5899 0.0740
v  0.4101 0.5925 0.0646
v  0.4109 0.5982 0.0559
v  0.4129 0.6081 0.0538
v  0.4148 0.6166 0.0594
v  0.4156 0.6185 0.0697
v  0.4148 0.6129 0.0784
v  0.4129 0.6030 0.0806
v  0.4109 0.5945 0.0749
v  0.3618 0.6064 0.0673
v  0.3634 0.6118 0.0585
v  0.3672 0.6212 0.0563
v  0.3710 0.6291 0.0619
v  0.3726 0.6309 0.0720
v  0.3710 0.6255 0.0808
v  0.3672 0.6160 0.0831
v  0.3634 0.6081 0.0775
v  0.3173 0.6288 0.0716
v  0.3196 0.6339 0.0628
v  0.3251 0.6424 0.0603
v  0.3306 0.6495 0.0658
v  0.3329 0.6509 0.0759
v  0.3306 0.6458 0.0847
v  0.3251 0.6373 0.0871
v  0.3196 0.6302 0.0817
v  0.2783 0.6590 0.0774
v  0.2812 0.6636 0.0685
v  0.2882 0.6710 0.0658
v  0.2953 0.6768 0.0710
v  0.2982 0.6778 0.0810
v  0.2953 0.6732 0.0900
v  0.2882 0.6658 0.0926
v  0.2812 0.6599 0.0874
v  0.2463 0.6958 0.0845
v  0.2497 0.6998 0.0755
v  0.2580 0.7058 0.0725
v  0.2662 0.7102 0.0775
v  0.2697 0.7106 0.0873
v  0.2662 0.7066 0.0964
v  0.2580 0.7006 0.0993
v  0.2497 0.6962 0.0944
v  0.2225 0.7378 0.0926
v  0.2263 0.7411 0.0834
v  0.2355 0.7455 0.0802
v  0.2447 0.7483 0.0848
v  0.2485 0.7480 0.0945
v  0.2447 0.7447 0.1037
v  0.2355 0.7403 0.1070
v  0.2263 0.7375 0.1024
v  0.2078 0.7834 0.1014
v  0.2119 0.7860 0.0920
v  0.2216 0.7886 0.0885
v  0.2314 0.7896 0.0927
v  0.2354 0.7886 0.1024
v  0.2314 0.7860 0.1117
v  0.2216 0.7834 0.1153
v  0.2119 0.7823 0.1110
v  0.2029 0.8308 0.1105
v  0.2070 0.8326 0.1010
v  0.2169 0.8334 0.0971
v  0.2269 0.8326 0.1010
v  0.2310 0.8308 0.1105
v  0.2269 0.8290 0.1199
v  0.2169 0.8282 0.1239
v  0.2070 0.8290 0.1199
v  0.2078 0.8782 0.1196
v  0.2119 0.8792 0.1100
v  0.2216 0.8782 0.1057
v  0.2314 0.8756 0.1093
v  0.2354 0.8730 0.1186
v  0.2314 0.8719 0.1282
v  0.2216 0.8730 0.1325
v  0.2119 0.8756 0.1289
v  0.2225 0.9237 0.1283
v  0.2263 0.9241 0.1186
v  0.2355 0.9212 0.1140
v  0.2447 0.9169 0.1172
v  0.2485 0.9136 0.1264
v  0.2447 0.9133 0.1362
v  0.2355 0.9161 0.1408
v  0.2263 0.9204 0.1375
v  0.2463 0.9657 0.1364
v  0.2497 0.9654 0.1265
v  0.2580 0.9610 0.1216
v  0.2662 0.9550 0.1245
v  0.2697 0.9510 0.1336
v  0.2662 0.9513 0.1435
v  0.2580 0.9558 0.1484
v  0.2497 0.9618 0.1455
v  0.2783 1.0026 0.1435
v  0.2812 1.0016 0.1335
v  0.2882 0.9958 0.1283
v  0.2953 0.9884 0.1310
v  0.2982 0.9838 0.1399
v  0.2953 0.9847 0.1499
v  0.2882 0.9906 0.1551
v  0.2812 0.9980 0.1525
v  0.3173 1.0328 0.1493
v  0.3196 1.0314 0.1392
v  0.3251 1.0243 0.1338
v  0.3306 1.0158 0.1362
v  0.3329 1.0107 0.1451
v  0.3306 1.0121 0.1552
v  0.3251 1.0192 0.1606
v  0.3196 1.0277 0.1582
v  0.3618 1.0552 0.1536
v  0.3634 1.0535 0.1435
v  0.3672 1.0455 0.1379
v  0.3710 1.0361 0.1401
v  0.3726 1.0307 0.1489
v  0.3710 1.0325 0.1591
v  0.3672 1.0404 0.1647
v  0.3634 1.0498 0.1624
v  0.4101 1.0690 0.1563
v  0.4109 1.0671 0.1461
v  0.4129 1.0586 0.1404
v  0.4148 1.0487 0.1425
v  0.4156 1.0430 0.1513
v  0.4148 1.0450 0.1615
v  0.4129 1.0535 0.1672
v  0.4109 1.0634 0.1650
v  0.6790 0.8395 0.1116
v  0.6424 0.8287 0.1095
v  0.6702 0.7692 0.0980
v  0.6394 0.7808 0.1003
v  0.5706 0.8352 0.1175
v  0.5693 0.7826 0.1074
v  0.5558 0.8492 0.1202
v  0.5532 0.7820 0.1072
v  0.5416 0.8758 0.1253
v  0.5357 0.7725 0.1054
v  0.5241 0.8834 0.1267
v  0.5228 0.7629 0.1036
v  0.3855 0.8808 0.1262
v  0.3865 0.7632 0.1036
v  0.3696 0.8744 0.1250
v  0.3703 0.7759 0.1061
v  0.4903 0.7421 0.0996
v  0.4213 0.7410 0.0994
v  0.3558 0.7822 0.1073
v  0.3574 0.8518 0.1207
v  0.3389 0.7814 0.1071
v  0.3413 0.8344 0.1173
v  0.2729 0.8246 0.1087
v  0.2802 0.7764 0.0994
v  0.2409 0.8351 0.1107
v  0.2510 0.7673 0.0977
v  0.4864 0.7241 0.0961
v  0.4339 0.7231 0.0959
v  0.4817 0.6466 0.0745
v  0.4363 0.6466 0.0745
v  0.5411 0.8137 0.0961
v  0.5457 0.8587 0.1256
v  0.5502 0.7934 0.1130
v  0.5390 0.8578 0.1046
v  0.5291 0.8747 0.1286
v  0.5229 0.8754 0.1079
v  0.3898 0.8736 0.1285
v  0.3874 0.8740 0.1077
v  0.3680 0.8604 0.1259
v  0.3675 0.8596 0.1049
v  0.3577 0.7963 0.1136
v  0.3648 0.8148 0.0963
v  0.4221 0.7438 0.1035
v  0.4254 0.7716 0.0880
v  0.4876 0.7439 0.1035
v  0.4840 0.7724 0.0881
v  -0.5419 0.4887 0.9724
v  -0.8999 0.4887 0.9264
v  -0.8999 0.5305 0.6700
v  -0.5419 0.5305 0.7161
v  -0.1793 0.4887 0.9853
v  -0.1793 0.5305 0.7289
v  0.1917 0.4887 0.9685
v  0.1917 0.5305 0.7122
v  0.5555 0.4887 0.9504
v  0.5555 0.5305 0.6940
v  0.9182 0.4887 0.9169
v  0.9182 0.5305 0.6605
v  -0.1793 0.6796 0.4182
v  0.1917 0.6796 0.4014
v  0.5555 0.6796 0.3833
v  0.8085 0.6796 0.3540
v  -0.8198 0.8327 0.2947
v  -0.5419 0.6796 0.4053
v  -0.8198 0.6796 0.3661
v  -0.5419 0.8327 0.3339
v  -0.1793 0.8327 0.3467
v  0.1917 0.8327 0.3300
v  0.5555 0.8327 0.3118
v  0.8085 0.8327 0.2825
v  -0.8198 0.9483 0.3270
v  -0.5419 0.9483 0.3662
v  -0.1793 0.9483 0.3791
v  0.1917 0.9483 0.3623
v  0.5555 0.9483 0.3442
v  0.8085 0.9483 0.3149
v  -0.8657 0.9483 0.4697
v  -0.5419 0.9483 0.5778
v  -0.1793 0.9483 0.6239
v  0.1789 0.9483 0.6200
v  0.5460 0.9483 0.5653
v  0.8602 0.9483 0.4627
v  -0.5419 0.9926 0.5983
v  -0.8657 0.9926 0.4902
v  -0.8891 0.9926 0.6321
v  -0.5278 0.9926 0.7858
v  -0.1793 0.9926 0.6444
v  -0.1691 0.9926 0.8218
v  0.1789 0.9926 0.6405
v  0.1856 0.9926 0.8265
v  0.5460 0.9926 0.5858
v  0.5503 0.9926 0.7851
v  0.8602 0.9926 0.4832
v  0.8915 0.9926 0.6317
v  -0.1452 0.9400 0.3443
v  0.1492 0.9376 0.3443
v  0.1662 0.9201 0.3394
v  -0.1604 0.9201 0.3394
v  0.1662 0.8364 0.3155
v  -0.1604 0.8364 0.3155
v  0.1662 0.5004 0.2927
v  -0.1604 0.5004 0.2927
v  0.1662 0.4758 0.2450
v  -0.1604 0.4758 0.2450
v  0.1008 0.4864 -0.0462
v  -0.1086 0.4864 -0.0462
v  0.0891 0.4797 -0.0683
v  -0.0985 0.4797 -0.0683
v  0.1008 0.3885 -0.0765
v  -0.0963 0.3885 -0.0765
v  0.1576 0.9404 0.5851
v  0.1719 0.9223 0.5803
v  0.1699 0.8434 0.5769
v  0.1688 0.3776 1.0671
v  0.1654 0.3876 0.2375
v  0.1198 0.3887 -0.0539
v  -0.1485 0.9409 0.5875
v  -0.1594 0.9241 0.5813
v  -0.1623 0.8405 0.5814
v  -0.1609 0.3792 1.0676
v  -0.1609 0.3879 0.2375
v  -0.1284 0.3895 -0.0513
v  0.0161 0.5616 0.0809
v  0.0220 0.4683 0.1677
v  0.0851 0.4683 0.0809
v  0.0010 0.5616 0.1017
v  -0.0801 0.4683 0.1346
v  -0.0235 0.5616 0.0937
v  -0.0801 0.4683 0.0272
v  -0.0235 0.5616 0.0680
v  0.0220 0.4683 -0.0060
v  0.0010 0.5616 0.0601
v  0.0161 0.6009 0.0855
v  0.0010 0.6009 0.1063
v  -0.0235 0.6009 0.0983
v  -0.0235 0.6009 0.0726
v  0.0010 0.6009 0.0647
v  0.0230 0.6426 0.0851
v  0.0017 0.6439 0.1252
v  -0.0327 0.6439 0.1140
v  -0.0327 0.6426 0.0724
v  0.0017 0.6426 0.0612
v  0.0143 0.6556 0.0833
v  -0.0003 0.6565 0.1109
v  -0.0241 0.6565 0.1032
v  -0.0241 0.6556 0.0745
v  -0.0003 0.6556 0.0668
v  -0.0063 0.4683 0.0809
v  -0.0069 0.6556 0.0833
v  0.6619 1.0278 0.2780
v  0.5327 0.9775 0.6493
v  0.6590 0.9466 0.6534
v  0.5444 1.0596 0.2786
v  0.3786 0.9784 0.6529
v  0.4021 1.0612 0.2819
v  0.2465 0.9566 0.6974
v  0.2583 1.0388 0.2815
v  0.2240 0.9402 0.6934
v  0.2357 1.0219 0.2812
v  0.2079 0.7270 0.6383
v  0.2079 0.7765 0.2748
v  0.7052 0.6901 0.5634
v  0.7081 0.7748 0.2714
v  0.6827 0.9235 0.6478
v  0.6857 1.0039 0.2775
v  0.6618 0.8581 0.2366
v  0.6208 0.8679 0.3139
v  0.6626 0.9873 0.2366
v  0.6202 0.9584 0.3190
v  0.6094 0.9798 0.3190
v  0.6455 1.0131 0.2366
v  0.5321 1.0017 0.3190
v  0.5342 1.0430 0.2366
v  0.4023 1.0029 0.3190
v  0.3985 1.0431 0.2366
v  0.2816 0.9780 0.3190
v  0.2732 1.0172 0.2366
v  0.2558 0.9980 0.2366
v  0.2761 0.9572 0.3190
v  0.2513 0.8534 0.2366
v  0.2871 0.8613 0.3139
v  0.7081 0.7761 0.2292
v  0.2079 0.7778 0.2326
v  0.6857 1.0052 0.2353
v  0.6619 1.0290 0.2357
v  0.5339 1.0608 0.2364
v  0.3968 1.0612 0.2400
v  0.2683 1.0364 0.2401
v  0.2382 1.0195 0.2398
v  0.7398 0.8225 0.2604
v  0.6842 0.8357 0.2902
v  0.6842 0.8179 0.2657
v  0.7398 0.8403 0.2848
v  0.6842 0.8645 0.2809
v  0.7398 0.8691 0.2755
v  0.6842 0.8645 0.2506
v  0.7398 0.8691 0.2452
v  0.6842 0.8357 0.2413
v  0.7398 0.8403 0.2359
v  0.6842 0.8437 0.2657
v  0.7398 0.8482 0.2604
v  0.7106 0.9343 0.2649
v  0.6703 0.9440 0.2828
v  0.6703 0.9343 0.2694
v  0.7106 0.9440 0.2783
v  0.6703 0.9598 0.2776
v  0.7106 0.9598 0.2732
v  0.6703 0.9598 0.2611
v  0.7106 0.9598 0.2566
v  0.6703 0.9440 0.2559
v  0.7106 0.9440 0.2515
v  0.6703 0.9484 0.2694
v  0.7106 0.9484 0.2649
v  0.7106 0.8945 0.2633
v  0.6703 0.9042 0.2812
v  0.6703 0.8945 0.2678
v  0.7106 0.9042 0.2768
v  0.6703 0.9200 0.2761
v  0.7106 0.9200 0.2716
v  0.6703 0.9200 0.2595
v  0.7106 0.9200 0.2551
v  0.6703 0.9042 0.2544
v  0.7106 0.9042 0.2499
v  0.6703 0.9086 0.2678
v  0.7106 0.9086 0.2633
v  0.2374 0.8328 0.2902
v  0.1973 0.8184 0.2604
v  0.2374 0.8150 0.2657
v  0.1973 0.8362 0.2848
v  0.2374 0.8615 0.2809
v  0.1973 0.8649 0.2755
v  0.2374 0.8615 0.2506
v  0.1973 0.8649 0.2452
v  0.2374 0.8328 0.2413
v  0.1973 0.8362 0.2359
v  0.2374 0.8407 0.2657
v  0.1973 0.8441 0.2604
v  0.2467 0.9411 0.2828
v  0.2160 0.9301 0.2649
v  0.2467 0.9313 0.2694
v  0.2160 0.9399 0.2783
v  0.2467 0.9568 0.2776
v  0.2160 0.9556 0.2732
v  0.2467 0.9568 0.2611
v  0.2160 0.9556 0.2566
v  0.2467 0.9411 0.2559
v  0.2160 0.9399 0.2515
v  0.2467 0.9454 0.2694
v  0.2160 0.9442 0.2649
v  0.2467 0.9013 0.2812
v  0.2160 0.8904 0.2633
v  0.2467 0.8916 0.2678
v  0.2160 0.9001 0.2768
v  0.2467 0.9171 0.2761
v  0.2160 0.9159 0.2716
v  0.2467 0.9171 0.2595
v  0.2160 0.9159 0.2551
v  0.2467 0.9013 0.2544
v  0.2160 0.9001 0.2499
v  0.2467 0.9057 0.2678
v  0.2160 0.9045 0.2633
v  0.8983 0.9929 0.6347
v  -0.8514 0.9970 0.7079
v  -0.8983 0.9929 0.6347
v  -0.6689 1.0064 0.7697
v  -0.4936 1.0113 0.8016
v  -0.2760 1.0168 0.8277
v  0.0000 1.0194 0.8395
v  0.2760 1.0168 0.8277
v  0.4936 1.0113 0.8016
v  0.6689 1.0064 0.7697
v  0.8514 0.9970 0.7079
v  0.0070 0.3900 -0.2607
v  -0.0880 0.3900 -0.0433
v  -0.0902 0.3900 -0.2621
v  0.0091 0.3900 -0.0419
v  0.0070 0.4530 -0.2624
v  0.0091 0.4530 -0.0436
v  -0.0902 0.4530 -0.2638
v  -0.0880 0.4530 -0.0449
v  0.0858 0.3911 -0.5560
v  -0.1029 0.3895 -0.2108
v  -0.1008 0.3911 -0.5534
v  0.0837 0.3895 -0.2134
v  0.0858 0.4892 -0.5577
v  -0.1008 0.4892 -0.5551
v  0.0837 0.4892 -0.2550
v  -0.1029 0.4892 -0.2524
v  0.2047 0.2380 0.2379
v  0.2135 0.2268 1.0636
v  0.1550 0.2380 -0.0532
v  0.1408 0.2380 -0.0755
v  0.1259 0.2380 -0.2155
v  0.1285 0.2380 -0.5891
v  -0.2200 0.2267 1.0637
v  -0.2113 0.2383 0.2384
v  -0.1718 0.2379 -0.0501
v  -0.1430 0.2379 -0.0738
v  -0.1415 0.2368 -0.2095
v  -0.1442 0.2389 -0.5877
v  0.0646 0.5063 -0.0808
v  0.0526 0.5380 -0.0194
v  0.0646 0.5263 -0.0165
v  0.0526 0.5175 -0.0852
v  0.0406 0.5263 -0.0165
v  0.0406 0.5063 -0.0808
v  0.0526 0.5146 -0.0137
v  0.0526 0.4951 -0.0765
v  0.0714 0.4747 -0.1399
v  0.0526 0.4881 -0.1627
v  0.0338 0.4747 -0.1399
v  0.0526 0.4620 -0.1187
v  0.0772 0.3871 -0.1703
v  0.0526 0.3855 -0.2051
v  0.0303 0.3871 -0.1703
v  0.0526 0.3860 -0.1321
v  0.0521 0.5263 -0.0073
v  0.3411 0.8245 0.2228
v  0.2548 0.8256 0.2407
v  0.2548 0.8256 0.2251
v  0.3411 0.8245 0.2384
v  0.3411 0.8401 0.2228
v  0.3411 0.8401 0.2384
v  0.2548 0.8379 0.2251
v  0.2548 0.8379 0.2407
v  0.6552 0.8256 0.2407
v  0.5690 0.8245 0.2228
v  0.6552 0.8256 0.2251
v  0.5690 0.8245 0.2384
v  0.5690 0.8401 0.2228
v  0.5690 0.8401 0.2384
v  0.6552 0.8379 0.2251
v  0.6552 0.8379 0.2407
v  0.1131 0.2528 -0.8560
v  -0.1323 0.2512 -0.5411
v  -0.1323 0.2528 -0.8562
v  0.1131 0.2512 -0.5409
v  0.0585 0.3851 -0.8583
v  0.0585 0.3834 -0.5431
v  -0.0839 0.3851 -0.8543
v  -0.0839 0.3834 -0.5392
v  0.8503 1.0587 -1.6150
v  0.7933 0.8216 -1.4903
v  0.8517 1.0587 -1.4901
v  0.7891 0.8084 -1.6209
v  0.8431 1.0587 -1.7268
v  0.7858 0.7425 -1.7509
v  0.8360 1.0618 -1.8074
v  0.7842 0.6567 -1.8226
v  0.8102 1.0599 -1.9760
v  0.7594 0.6567 -1.9830
v  0.7815 1.0589 -2.1088
v  0.7288 0.6567 -2.1133
v  0.7351 1.0663 -2.2436
v  0.6938 0.6567 -2.2347
v  0.7079 1.0663 -2.2608
v  0.6793 0.6567 -2.2454
v  0.6764 1.0663 -2.2751
v  0.6637 0.6567 -2.2512
v  0.2188 1.0663 -2.2937
v  0.2183 0.6567 -2.2588
v  0.1233 1.0663 -2.2914
v  0.1254 0.6567 -2.2611
v  0.0000 1.0663 -2.2891
v  -0.0000 0.6567 -2.2658
v  0.8598 1.0063 -1.3969
v  0.8248 1.0923 -1.3935
v  0.9048 0.9493 -1.3938
v  0.9048 0.8906 -1.3958
v  0.9048 0.8511 -1.3944
v  0.9048 0.8091 -1.3892
v  0.8192 1.0782 -0.9654
v  0.8676 0.9989 -0.9670
v  0.8919 0.9498 -0.9676
v  0.8919 0.8956 -0.9603
v  0.8919 0.8594 -0.9616
v  0.8919 0.8157 -0.9515
v  0.9048 0.7619 -1.2388
v  0.8919 0.7698 -0.9419
v  0.9048 0.7147 -1.1689
v  0.8919 0.7135 -0.9293
v  0.9048 0.6430 -1.1216
v  0.8919 0.6446 -0.9143
v  0.9048 0.5909 -1.0950
v  0.8919 0.5976 -0.8988
v  0.9048 0.5112 -1.0524
v  0.8919 0.5211 -0.8727
v  0.9048 0.3981 -1.0134
v  0.8919 0.4018 -0.8304
v  0.9048 0.2986 -1.0065
v  0.8919 0.3060 -0.7812
v  0.9048 0.2555 -1.0065
v  0.9048 0.2570 -0.7892
v  0.8919 0.2966 -0.6561
v  0.9048 0.2555 -0.6566
v  0.9048 0.2414 0.5421
v  0.8919 0.2861 0.5384
v  0.9048 0.2426 0.8474
v  0.8919 0.2843 0.6206
v  0.9048 0.3899 0.8939
v  0.8919 0.4008 0.6492
v  0.9048 0.5093 0.9032
v  0.8919 0.5066 0.6634
v  0.9048 0.5869 0.9032
v  0.8919 0.5832 0.6662
v  0.9048 0.6443 0.9047
v  0.8919 0.6398 0.6668
v  0.9048 0.7148 0.9016
v  0.8919 0.7090 0.6655
v  0.9048 0.7707 0.8993
v  0.8919 0.7642 0.6650
v  0.9048 0.8172 0.8939
v  0.8919 0.8115 0.6661
v  0.9048 0.8622 0.8869
v  0.8919 0.8542 0.6586
v  0.9048 0.9242 0.8745
v  0.8919 0.9824 0.6320
v  0.7714 1.1574 -0.9417
v  0.7875 1.1621 -1.3124
v  0.6991 1.3102 -1.1604
v  0.6918 1.3136 -0.8774
v  0.6170 1.4433 -1.0415
v  0.6343 1.4088 -0.8231
v  0.6084 1.4416 -0.7984
v  0.5825 1.4494 -0.7972
v  0.5382 0.6573 -1.8198
v  0.5197 0.5118 -1.0507
v  0.5362 0.7431 -1.7485
v  0.5336 0.8075 -1.6212
v  0.5197 0.5911 -1.0911
v  0.5197 0.6426 -1.1199
v  0.5197 0.7149 -1.1664
v  0.5239 0.7635 -1.2438
v  0.5256 0.8093 -1.3869
v  0.5330 0.8223 -1.4874
v  -0.8503 1.0587 -1.6150
v  -0.8517 1.0587 -1.4901
v  -0.7933 0.8216 -1.4903
v  -0.7891 0.8084 -1.6209
v  -0.8431 1.0587 -1.7268
v  -0.7858 0.7425 -1.7509
v  -0.8360 1.0618 -1.8074
v  -0.7842 0.6567 -1.8226
v  -0.8102 1.0599 -1.9760
v  -0.7594 0.6567 -1.9830
v  -0.7815 1.0589 -2.1088
v  -0.7288 0.6567 -2.1133
v  -0.7351 1.0663 -2.2436
v  -0.6938 0.6567 -2.2347
v  -0.7079 1.0663 -2.2608
v  -0.6793 0.6567 -2.2454
v  -0.6764 1.0663 -2.2751
v  -0.6637 0.6567 -2.2512
v  -0.2188 1.0663 -2.2937
v  -0.2183 0.6567 -2.2588
v  -0.1233 1.0663 -2.2914
v  -0.1254 0.6567 -2.2611
v  -0.8248 1.0923 -1.3935
v  -0.8598 1.0063 -1.3969
v  -0.9048 0.9493 -1.3938
v  -0.9048 0.8906 -1.3958
v  -0.9048 0.8511 -1.3944
v  -0.9048 0.8091 -1.3892
v  -0.8192 1.0782 -0.9654
v  -0.8676 0.9989 -0.9670
v  -0.8919 0.9498 -0.9676
v  -0.8919 0.8956 -0.9603
v  -0.8919 0.8594 -0.9616
v  -0.8919 0.8157 -0.9515
v  -0.9048 0.7619 -1.2388
v  -0.8919 0.7698 -0.9419
v  -0.9048 0.7147 -1.1689
v  -0.8919 0.7135 -0.9293
v  -0.9048 0.6430 -1.1216
v  -0.8919 0.6446 -0.9143
v  -0.9048 0.5909 -1.0950
v  -0.8919 0.5976 -0.8988
v  -0.9048 0.5112 -1.0524
v  -0.8919 0.5211 -0.8727
v  -0.9048 0.3981 -1.0134
v  -0.8919 0.4018 -0.8304
v  -0.9048 0.2986 -1.0065
v  -0.8919 0.3060 -0.7812
v  -0.9048 0.2555 -1.0065
v  -0.9048 0.2570 -0.7892
v  -0.8919 0.2966 -0.6561
v  -0.9048 0.2555 -0.6566
v  -0.8919 0.2861 0.5384
v  -0.9048 0.2414 0.5421
v  -0.9048 0.2426 0.8474
v  -0.8919 0.2843 0.6206
v  -0.9048 0.3899 0.8939
v  -0.8919 0.4008 0.6492
v  -0.9048 0.5093 0.9032
v  -0.8919 0.5066 0.6634
v  -0.9048 0.5869 0.9032
v  -0.8919 0.5832 0.6662
v  -0.9048 0.6443 0.9047
v  -0.8919 0.6398 0.6668
v  -0.9048 0.7148 0.9016
v  -0.8919 0.7090 0.6655
v  -0.9048 0.7707 0.8993
v  -0.8919 0.7642 0.6650
v  -0.9048 0.8172 0.8939
v  -0.8919 0.8115 0.6661
v  -0.9048 0.8622 0.8869
v  -0.8919 0.8542 0.6586
v  -0.9048 0.9242 0.8745
v  -0.8919 0.9824 0.6320
v  -0.7714 1.1574 -0.9417
v  -0.7875 1.1621 -1.3124
v  -0.6991 1.3102 -1.1604
v  -0.6918 1.3136 -0.8774
v  -0.6170 1.4433 -1.0415
v  -0.6343 1.4088 -0.8231
v  -0.6084 1.4416 -0.7984
v  -0.5825 1.4494 -0.7972
v  -0.5382 0.6573 -1.8198
v  -0.5362 0.7431 -1.7485
v  -0.5197 0.5118 -1.0507
v  -0.5336 0.8075 -1.6212
v  -0.5197 0.5911 -1.0911
v  -0.5197 0.6426 -1.1199
v  -0.5197 0.7149 -1.1664
v  -0.5239 0.7635 -1.2438
v  -0.5256 0.8093 -1.3869
v  -0.5330 0.8223 -1.4874
v  0.8646 1.0930 -1.3937
v  0.8247 1.1616 -1.3131
v  0.7261 1.3130 -1.1589
v  0.6609 1.4104 -1.0641
v  0.6363 1.4347 -1.0479
v  0.8938 1.0569 -1.4902
v  0.8898 1.0577 -1.6168
v  0.8845 1.0602 -1.7283
v  0.8752 1.0604 -1.8070
v  0.8460 1.0602 -1.9762
v  0.8167 1.0590 -2.1092
v  0.7595 1.0666 -2.2877
v  0.7222 1.0666 -2.3143
v  0.6848 1.0666 -2.3241
v  0.2181 1.0666 -2.3474
v  0.1193 1.0666 -2.3463
v  0.0000 1.0666 -2.3499
v  -0.8646 1.0930 -1.3937
v  -0.8247 1.1616 -1.3131
v  -0.7261 1.3130 -1.1589
v  -0.6609 1.4104 -1.0641
v  -0.6363 1.4347 -1.0479
v  -0.8938 1.0569 -1.4902
v  -0.8898 1.0577 -1.6168
v  -0.8845 1.0602 -1.7283
v  -0.8752 1.0604 -1.8070
v  -0.8460 1.0602 -1.9762
v  -0.8167 1.0590 -2.1092
v  -0.7595 1.0666 -2.2877
v  -0.7222 1.0666 -2.3143
v  -0.6848 1.0666 -2.3241
v  -0.2181 1.0666 -2.3474
v  -0.1193 1.0666 -2.3463
v  0.5715 0.6572 -2.1271
v  -0.5715 0.6572 -2.1271
v  -0.5197 0.3972 -1.0108
v  0.5197 0.3972 -1.0108
v  -0.5197 0.2998 -1.0042
v  0.5197 0.2998 -1.0042
v  -0.5197 0.2559 -1.0029
v  0.5197 0.2559 -1.0029
v  0.8361 0.2529 -0.0254
v  0.4976 0.2529 -0.0194
v  0.8361 0.2531 0.4030
v  0.4976 0.2531 0.4090
v  0.2006 0.2529 -0.0221
v  0.2227 0.2531 0.3996
v  0.8431 0.2503 0.6621
v  0.6607 0.2487 0.8343
v  0.2322 0.2487 0.8294
v  0.6292 0.4105 0.8800
v  0.2357 0.4105 0.8762
v  -0.4976 0.2529 -0.0194
v  -0.8361 0.2529 -0.0254
v  -0.8361 0.2531 0.4030
v  -0.4976 0.2531 0.4090
v  -0.2006 0.2529 -0.0221
v  -0.2227 0.2531 0.3996
v  -0.8431 0.2503 0.6621
v  -0.6607 0.2487 0.8343
v  -0.2322 0.2487 0.8294
v  -0.6292 0.4105 0.8800
v  -0.2357 0.4105 0.8762
v  0.7423 0.2665 -0.5539
v  0.7232 0.2649 -0.8336
v  0.2116 0.2665 -0.5314
v  0.2084 0.2649 -0.8311
v  -0.2116 0.2665 -0.5314
v  -0.7232 0.2649 -0.8336
v  -0.7423 0.2665 -0.5539
v  -0.2084 0.2649 -0.8311
v  0.1040 0.9415 0.5196
v  -0.1008 0.9419 0.5921
v  -0.1008 0.9415 0.5213
v  0.1040 0.9419 0.5904
v  0.1040 0.9790 0.5343
v  0.1040 0.9584 0.5904
v  -0.1008 0.9790 0.5359
v  -0.1008 0.9584 0.5921
v  -0.0036 0.5526 -1.3270
v  -0.5265 0.5696 -1.2471
v  -0.5265 0.5526 -1.3374
v  -0.0036 0.5696 -1.2367
v  -0.5265 1.0775 -1.3810
v  -0.0009 1.0642 -1.3707
v  -0.5265 1.0606 -1.4713
v  -0.0009 1.0472 -1.4610
v  0.5446 0.5526 -1.3367
v  0.5446 0.5696 -1.2465
v  0.5446 1.0775 -1.3804
v  0.5446 1.0606 -1.4707
v  0.5415 0.5691 -1.2292
v  0.5415 0.5214 -1.2345
v  0.0026 0.5489 -1.2510
v  0.0026 0.5012 -1.2562
v  0.5415 0.4040 -0.8036
v  0.0026 0.3838 -0.8254
v  0.5415 0.5667 -0.8110
v  0.0026 0.5465 -0.8327
v  -0.5296 0.5736 -1.2333
v  -0.5296 0.5259 -1.2385
v  -0.5296 0.4085 -0.8077
v  -0.5296 0.5712 -0.8150
v  0.8420 0.9413 -0.9685
v  0.8137 0.9505 -1.0315
v  0.8239 0.9461 -1.0338
v  0.8318 0.9456 -0.9661
v  0.8432 0.9699 -0.9608
v  0.8332 0.9722 -1.0407
v  0.8231 0.9765 -1.0383
v  0.8534 0.9656 -0.9631
v  0.8246 0.9573 -1.0208
v  0.8121 0.9245 -1.0154
v  0.8219 0.9222 -0.9910
v  0.8368 0.9540 -0.9841
v  -0.8137 0.9505 -1.0315
v  -0.8420 0.9413 -0.9685
v  -0.8239 0.9461 -1.0338
v  -0.8318 0.9456 -0.9661
v  -0.8231 0.9765 -1.0383
v  -0.8332 0.9722 -1.0407
v  -0.8432 0.9699 -0.9608
v  -0.8534 0.9656 -0.9631
v  -0.8246 0.9573 -1.0208
v  -0.8219 0.9222 -0.9910
v  -0.8121 0.9245 -1.0154
v  -0.8368 0.9540 -0.9841
v  -1.0078 0.3051 -0.8020
v  -1.0007 0.2842 -0.7671
v  -1.0323 0.3988 -0.8452
v  -1.0416 0.5137 -0.8866
v  -1.0459 0.5943 -0.9111
v  -1.0476 0.6426 -0.9273
v  -1.0485 0.7097 -0.9457
v  -1.0536 0.7653 -0.9578
v  -1.0537 0.8115 -0.9703
v  -1.0401 0.8563 -0.9777
v  -1.0198 0.8914 -0.9796
v  -0.9832 0.9515 -0.9857
v  -0.9533 0.9974 -0.9857
v  -0.9033 1.0778 -0.9789
v  -0.8586 1.1587 -0.9546
v  -0.7468 1.3162 -0.8819
v  -0.6769 1.4115 -0.8267
v  -0.6490 1.4423 -0.8011
v  -0.6259 1.4492 -0.8002
v  -1.0007 0.2846 -0.6569
v  -0.9820 0.2754 0.5375
v  -0.9826 0.2745 0.6244
v  -1.0137 0.3979 0.6565
v  -1.0225 0.5077 0.6708
v  -1.0270 0.5825 0.6754
v  -1.0290 0.6426 0.6766
v  -1.0301 0.7099 0.6757
v  -1.0348 0.7658 0.6748
v  -1.0348 0.8133 0.6729
v  -1.0216 0.8558 0.6664
v  -0.9423 0.9842 0.6375
v  -0.8919 0.9900 0.6290
v  1.0078 0.3051 -0.8020
v  1.0007 0.2842 -0.7671
v  1.0323 0.3988 -0.8452
v  1.0416 0.5137 -0.8866
v  1.0459 0.5943 -0.9111
v  1.0476 0.6426 -0.9273
v  1.0485 0.7097 -0.9457
v  1.0536 0.7653 -0.9578
v  1.0537 0.8115 -0.9703
v  1.0401 0.8563 -0.9777
v  1.0198 0.8914 -0.9796
v  0.9832 0.9515 -0.9857
v  0.9533 0.9974 -0.9857
v  0.9033 1.0778 -0.9789
v  0.8586 1.1587 -0.9546
v  0.7468 1.3162 -0.8819
v  0.6769 1.4115 -0.8267
v  0.6490 1.4423 -0.8011
v  0.6259 1.4492 -0.8002
v  1.0007 0.2846 -0.6569
v  0.9820 0.2754 0.5375
v  0.9826 0.2745 0.6244
v  1.0137 0.3979 0.6565
v  1.0225 0.5077 0.6708
v  1.0270 0.5825 0.6754
v  1.0290 0.6426 0.6766
v  1.0301 0.7099 0.6757
v  1.0348 0.7658 0.6748
v  1.0348 0.8133 0.6729
v  1.0216 0.8558 0.6664
v  0.9423 0.9842 0.6375
v  0.8919 0.9900 0.6290
# 1334 vertices

vn 0.8065 0.5814 0.1076
vn 0.9001 0.4292 0.0750
vn 0.8918 0.4360 0.1211
vn 0.8079 0.5753 0.1278
vn 0.6376 0.7552 0.1521
vn 0.6296 0.7640 0.1412
vn 0.6421 0.7595 0.1041
vn 0.6514 0.7512 0.1067
vn 0.9264 0.3766 0.0006
vn 0.9252 0.3751 -0.0568
vn 0.6769 0.7355 0.0288
vn 0.6988 0.7151 0.0168
vn 0.7367 0.6743 -0.0521
vn 0.7614 0.6472 -0.0366
vn 0.7892 0.6141 -0.0062
vn 0.7989 0.6015 0.0033
vn 0.7990 0.6012 -0.0124
vn 0.8012 0.5983 -0.0107
vn 0.8023 0.5930 -0.0683
vn 0.8396 0.5427 -0.0235
vn 0.8740 0.4858 -0.0140
vn 0.9187 0.3933 0.0364
vn -0.8065 0.5814 0.1076
vn -0.8918 0.4360 0.1211
vn -0.9001 0.4292 0.0750
vn -0.8079 0.5753 0.1278
vn -0.6376 0.7552 0.1521
vn -0.6296 0.7640 0.1412
vn -0.6514 0.7512 0.1067
vn -0.6421 0.7595 0.1041
vn -0.9264 0.3766 0.0006
vn -0.9252 0.3751 -0.0568
vn -0.6769 0.7355 0.0288
vn -0.6988 0.7151 0.0168
vn -0.7367 0.6742 -0.0521
vn -0.7614 0.6472 -0.0366
vn -0.7892 0.6141 -0.0062
vn -0.7989 0.6015 0.0033
vn -0.7990 0.6012 -0.0124
vn -0.8012 0.5983 -0.0107
vn -0.8023 0.5930 -0.0683
vn -0.8396 0.5427 -0.0235
vn -0.8740 0.4858 -0.0140
vn -0.9187 0.3933 0.0364
vn 1.0000 -0.0058 -0.0003
vn -0.0084 0.9982 0.0600
vn -1.0000 0.0000 -0.0000
vn -0.8528 -0.5212 -0.0313
vn -0.0012 -0.9982 -0.0600
vn -0.0000 -0.0600 0.9982
vn -0.0086 -0.0618 0.9981
vn -0.0093 -0.0674 0.9977
vn -0.0239 -0.0661 0.9975
vn -0.0098 -0.0576 0.9983
vn 0.0000 0.0600 -0.9982
vn 0.0086 0.0618 -0.9981
vn 0.0093 0.0674 -0.9977
vn 0.0239 0.0661 -0.9975
vn 0.0098 0.0576 -0.9983
vn -1.0000 -0.0058 -0.0003
vn 0.0084 0.9982 0.0600
vn 1.0000 0.0000 -0.0000
vn 0.8528 -0.5212 -0.0313
vn 0.0012 -0.9982 -0.0600
vn 0.0086 -0.0618 0.9981
vn 0.0093 -0.0674 0.9977
vn 0.0239 -0.0661 0.9975
vn 0.0098 -0.0576 0.9983
vn -0.0086 0.0618 -0.9981
vn -0.0093 0.0674 -0.9977
vn -0.0239 0.0661 -0.9975
vn -0.0098 0.0576 -0.9983
vn 0.0000 -1.0000 -0.0000
vn 0.9890 0.1476 -0.0000
vn 0.0000 1.0000 -0.0000
vn -0.9890 -0.1476 -0.0000
vn 0.0000 0.0532 0.9986
vn 0.0000 -0.0532 -0.9986
vn 0.9501 0.3120 0.0000
vn -0.9501 -0.3120 0.0000
vn 0.0000 0.5210 -0.8536
vn 0.0000 -0.5210 0.8536
vn 0.0000 0.4439 -0.8961
vn 0.0000 -0.4439 0.8961
vn 0.0000 -0.8740 0.4859
vn 0.0000 0.8740 -0.4859
vn 0.0000 0.0000 -1.0000
vn 0.0000 0.0000 1.0000
vn -0.9222 -0.3859 0.0250
vn -0.9134 -0.3675 0.1751
vn -0.9217 -0.3879 0.0033
vn -0.9104 -0.3641 0.1966
vn -0.9766 0.0413 0.2109
vn -0.8422 0.3109 0.4406
vn -0.8531 0.2704 0.4463
vn -0.8599 0.2415 0.4498
vn -0.8659 0.2120 0.4530
vn 0.1043 -0.9531 -0.2841
vn -0.9959 -0.0909 -0.0033
vn 0.9959 0.0909 0.0033
vn -0.0117 0.2846 -0.9586
vn 0.0117 -0.2846 0.9586
vn -0.1043 0.9531 0.2841
vn 0.0000 -0.9995 0.0304
vn 0.0000 0.9610 0.2764
vn -0.0000 0.3935 -0.9193
vn 0.0000 -0.4174 0.9087
vn 0.9222 -0.3859 0.0250
vn 0.9217 -0.3879 0.0033
vn 0.9134 -0.3675 0.1751
vn 0.9104 -0.3641 0.1966
vn 0.9766 0.0413 0.2109
vn 0.8422 0.3109 0.4406
vn 0.8599 0.2415 0.4498
vn 0.8531 0.2704 0.4463
vn 0.8659 0.2120 0.4530
vn -0.1043 -0.9531 -0.2841
vn 0.9959 -0.0909 -0.0033
vn -0.9959 0.0909 0.0033
vn 0.0117 0.2846 -0.9586
vn -0.0117 -0.2846 0.9586
vn 0.1043 0.9531 0.2841
vn 0.9523 -0.0655 0.2980
vn 0.9395 -0.0296 0.3414
vn 0.9424 -0.0370 0.3325
vn 0.9239 0.0056 0.3827
vn 0.3826 0.0135 0.9238
vn -0.3826 0.0135 0.9238
vn -0.9998 0.0003 0.0199
vn -0.9527 -0.2749 0.1296
vn -0.8791 -0.3074 0.3642
vn -0.8969 -0.3028 0.3224
vn -0.9624 -0.2635 0.0666
vn -0.9239 -0.0044 -0.3827
vn -0.3663 -0.0313 -0.9300
vn -0.3494 -0.0217 -0.9367
vn -0.3302 -0.0108 -0.9439
vn -0.3824 -0.0405 -0.9231
vn 0.3666 -0.0212 -0.9301
vn 0.3506 -0.0318 -0.9360
vn 0.3360 -0.0413 -0.9410
vn 0.3827 -0.0106 -0.9238
vn 0.9012 0.0568 -0.4297
vn 0.8728 0.0231 -0.4875
vn 0.8446 -0.0061 -0.5354
vn 0.9206 0.0839 -0.3813
vn -0.9523 -0.0655 0.2980
vn -0.9424 -0.0370 0.3325
vn -0.9395 -0.0296 0.3414
vn -0.9239 0.0056 0.3827
vn 0.9998 0.0003 0.0199
vn 0.9527 -0.2749 0.1296
vn 0.8969 -0.3028 0.3224
vn 0.8791 -0.3074 0.3642
vn 0.9624 -0.2635 0.0666
vn 0.9239 -0.0044 -0.3827
vn 0.3663 -0.0313 -0.9300
vn 0.3302 -0.0108 -0.9439
vn 0.3494 -0.0217 -0.9367
vn 0.3824 -0.0405 -0.9231
vn -0.3666 -0.0212 -0.9301
vn -0.3360 -0.0413 -0.9410
vn -0.3506 -0.0318 -0.9360
vn -0.3827 -0.0106 -0.9238
vn -0.9012 0.0568 -0.4297
vn -0.8446 -0.0061 -0.5354
vn -0.8728 0.0231 -0.4875
vn -0.9206 0.0839 -0.3813
vn 0.0535 -0.0399 0.9978
vn -0.2975 0.3121 0.9023
vn -0.1257 0.3479 0.9291
vn -0.0911 0.3355 0.9376
vn -0.3920 0.2883 0.8736
vn -0.1776 0.3619 0.9151
vn -0.4407 0.2553 0.8606
vn -0.4271 0.2388 0.8721
vn -0.1902 0.4743 0.8595
vn -0.4366 0.1654 0.8843
vn -0.0156 0.0624 0.9979
vn -0.0100 0.0637 0.9979
vn 0.0433 0.1540 0.9871
vn 0.2083 0.0157 0.9779
vn -0.0068 0.0784 0.9969
vn -0.0268 0.0934 0.9953
vn 0.2186 0.8515 0.4766
vn -0.0269 0.5755 0.8173
vn -0.0451 0.5747 0.8171
vn -0.1141 0.5688 0.8145
vn 0.2445 0.9562 -0.1611
vn 0.2653 0.9474 -0.1793
vn 0.1136 0.9840 -0.1376
vn 0.1314 0.9821 -0.1353
vn 0.7849 0.5414 -0.3013
vn 0.8068 0.4949 -0.3229
vn 0.8462 0.3863 -0.3671
vn 0.8757 0.2529 -0.4114
vn 0.9384 -0.3139 0.1445
vn 0.9726 -0.2319 0.0167
vn 0.9905 -0.1311 -0.0421
vn 0.9151 -0.3817 0.1300
vn 0.9825 -0.0247 -0.1846
vn 0.9887 -0.0777 -0.1281
vn 0.9892 -0.0744 -0.1266
vn 0.9719 0.0167 -0.2347
vn 0.9402 0.1153 -0.3204
vn 0.9256 0.1300 -0.3555
vn 0.9418 0.1923 -0.2757
vn 0.9365 0.1896 -0.2950
vn 0.9365 0.2513 -0.2445
vn 0.9383 0.2176 -0.2687
vn 0.9234 0.2630 -0.2796
vn 0.9222 0.2093 -0.3252
vn -0.3085 0.9452 -0.1065
vn -0.3458 0.9196 -0.1864
vn -0.3434 0.9278 -0.1458
vn -0.0032 0.9946 -0.1037
vn -0.0001 0.9947 -0.1033
vn 0.0012 0.9931 -0.1170
vn -0.2148 0.9705 0.1098
vn -0.1134 0.9935 0.0089
vn -0.0699 0.9948 0.0736
vn -0.2335 0.9723 0.0117
vn -0.2356 0.9718 0.0035
vn -0.1363 0.9896 -0.0463
vn 0.9682 0.0259 -0.2487
vn 0.9616 0.0484 -0.2703
vn 0.9791 0.0548 -0.1959
vn 0.9669 0.0765 -0.2436
vn 0.9882 0.0780 -0.1321
vn 0.9732 0.1122 -0.2005
vn 0.9516 0.0959 0.2919
vn 0.9579 0.1071 0.2664
vn 0.9229 0.0928 0.3736
vn -0.1116 0.9678 0.2255
vn 0.0057 0.9973 0.0734
vn 0.9032 0.0619 0.4247
vn 0.8476 0.0491 0.5283
vn 0.8047 -0.0046 0.5937
vn 0.1351 0.0747 0.9880
vn 0.0752 0.0615 0.9953
vn 0.1033 0.0561 0.9931
vn 0.0500 0.0562 0.9972
vn -0.0639 -0.0441 0.9970
vn 0.3605 0.3194 0.8763
vn 0.1121 0.3451 0.9318
vn 0.1755 0.3526 0.9192
vn 0.4745 0.2744 0.8364
vn 0.2326 0.3566 0.9048
vn 0.5495 0.1770 0.8165
vn 0.5306 0.1276 0.8380
vn 0.1902 0.4743 0.8595
vn 0.5329 0.0040 0.8462
vn 0.0158 0.0625 0.9979
vn -0.0201 0.1579 0.9872
vn 0.0343 0.0610 0.9975
vn -0.2009 0.0251 0.9793
vn 0.0312 0.0779 0.9965
vn 0.0268 0.0934 0.9953
vn -0.2186 0.8515 0.4766
vn 0.0542 0.5741 0.8170
vn 0.1141 0.5688 0.8145
vn 0.0673 0.5733 0.8166
vn -0.1150 0.9838 -0.1375
vn -0.2653 0.9474 -0.1793
vn -0.2445 0.9562 -0.1611
vn -0.1364 0.9813 -0.1361
vn -0.7849 0.5414 -0.3013
vn -0.8462 0.3863 -0.3671
vn -0.8068 0.4949 -0.3229
vn -0.8757 0.2529 -0.4114
vn -0.9384 -0.3139 0.1445
vn -0.9905 -0.1311 -0.0421
vn -0.9726 -0.2319 0.0167
vn -0.9151 -0.3817 0.1300
vn -0.9825 -0.0247 -0.1846
vn -0.9892 -0.0744 -0.1266
vn -0.9887 -0.0777 -0.1281
vn -0.9719 0.0167 -0.2347
vn -0.9402 0.1153 -0.3204
vn -0.9256 0.1300 -0.3555
vn -0.9369 0.2045 -0.2836
vn -0.9191 0.2189 -0.3276
vn -0.9328 0.2660 -0.2431
vn -0.9328 0.2362 -0.2723
vn -0.9234 0.2630 -0.2796
vn -0.9222 0.2093 -0.3252
vn 0.3739 0.9166 -0.1415
vn 0.3789 0.9082 -0.1779
vn 0.3354 0.9360 -0.1070
vn -0.0115 0.9948 -0.1014
vn -0.0273 0.9944 -0.1020
vn 0.1325 0.9911 0.0159
vn 0.2444 0.9647 0.0982
vn 0.0899 0.9919 0.0892
vn 0.2601 0.9655 0.0096
vn 0.1395 0.9895 -0.0374
vn 0.2469 0.9690 0.0109
vn -0.9682 0.0259 -0.2487
vn -0.9616 0.0484 -0.2703
vn -0.9669 0.0765 -0.2436
vn -0.9791 0.0548 -0.1959
vn -0.9732 0.1122 -0.2005
vn -0.9882 0.0780 -0.1321
vn -0.9516 0.0959 0.2919
vn -0.9229 0.0928 0.3736
vn -0.9579 0.1071 0.2664
vn 0.0880 0.9759 0.1996
vn -0.0108 0.9971 0.0755
vn -0.9032 0.0619 0.4247
vn -0.8476 0.0491 0.5283
vn -0.8047 -0.0046 0.5937
vn -0.1050 0.0545 0.9930
vn -0.2306 0.0667 0.9708
vn -0.1456 0.0291 0.9889
vn -0.0198 0.0555 0.9983
vn -0.0075 -0.2789 -0.9603
vn -0.0071 -0.3499 -0.9368
vn -0.0082 -0.3536 -0.9354
vn -0.0069 -0.2769 -0.9609
vn -0.0070 -0.3820 -0.9241
vn -0.0081 -0.3793 -0.9252
vn -0.0095 -0.4333 -0.9012
vn -0.0077 -0.4370 -0.8994
vn -0.0166 -0.0488 -0.9987
vn -0.0129 -0.1004 -0.9949
vn -0.0136 -0.0439 -0.9989
vn -0.0105 -0.0974 -0.9952
vn -0.0177 0.0491 -0.9986
vn -0.0169 0.0322 -0.9993
vn -0.0170 0.0435 -0.9989
vn 0.0041 0.0646 -0.9979
vn -0.0278 0.0942 -0.9952
vn -0.0041 0.0646 -0.9979
vn 0.0125 0.3560 0.9344
vn 0.0115 0.3541 0.9351
vn 0.9989 0.0449 -0.0109
vn 0.9996 0.0275 -0.0098
vn 0.9996 0.0257 -0.0097
vn 0.9987 0.0505 -0.0112
vn 0.6988 0.7127 0.0613
vn 0.7410 0.6687 0.0614
vn 0.7015 0.7101 0.0613
vn 0.7435 0.6660 0.0614
vn -0.0074 0.9942 0.1077
vn -0.0096 0.9943 0.1066
vn -0.0106 0.9943 0.1061
vn -0.5864 0.8062 0.0788
vn -0.5286 0.8441 0.0896
vn -0.5248 0.8464 0.0902
vn -0.5902 0.8035 0.0781
vn -0.9980 0.0632 -0.0041
vn -0.9975 0.0713 -0.0003
vn -0.9973 0.0736 0.0007
vn -0.9981 0.0606 -0.0054
vn -0.6283 -0.7325 -0.2620
vn -0.6348 -0.7280 -0.2588
vn -0.5893 -0.7577 -0.2803
vn -0.5818 -0.7622 -0.2837
vn 0.0031 -0.9407 -0.3391
vn 0.0021 -0.9408 -0.3390
vn 0.0117 -0.9402 -0.3403
vn 0.0128 -0.9402 -0.3405
vn 0.6184 -0.7386 -0.2684
vn 0.6219 -0.7357 -0.2684
vn 0.5938 -0.7584 -0.2686
vn 0.5898 -0.7616 -0.2687
vn 0.1741 0.9639 -0.2014
vn 0.0000 0.9802 -0.1978
vn -0.0000 0.5533 -0.8330
vn 0.0727 0.5460 -0.8346
vn 0.0000 -0.2048 -0.9788
vn -0.0727 -0.1975 -0.9776
vn -0.1741 -0.8204 -0.5446
vn 0.0000 -0.8369 -0.5473
vn -0.1734 -0.9640 0.2014
vn 0.0000 -0.9802 0.1978
vn 0.0000 -0.5532 0.8330
vn -0.0721 -0.5461 0.8346
vn 0.0000 0.2048 0.9788
vn 0.0721 0.1976 0.9776
vn 0.1734 0.8205 0.5446
vn 0.0000 0.8369 0.5473
vn 0.3426 0.9152 -0.2122
vn 0.3415 0.9156 -0.2121
vn 0.1426 0.5246 -0.8393
vn 0.1415 0.5251 -0.8392
vn -0.1426 -0.1759 -0.9740
vn -0.1415 -0.1763 -0.9741
vn -0.3426 -0.7712 -0.5365
vn -0.3415 -0.7716 -0.5366
vn -0.3415 -0.9156 0.2121
vn -0.3426 -0.9152 0.2122
vn -0.1415 -0.5251 0.8392
vn -0.1426 -0.5246 0.8393
vn 0.1415 0.1763 0.9741
vn 0.1426 0.1759 0.9740
vn 0.3415 0.7716 0.5366
vn 0.3426 0.7712 0.5366
vn 0.4999 0.8351 -0.2298
vn 0.4985 0.8359 -0.2296
vn 0.2071 0.4898 -0.8469
vn 0.2058 0.4906 -0.8467
vn -0.2071 -0.1407 -0.9681
vn -0.2058 -0.1416 -0.9683
vn -0.4999 -0.6903 -0.5231
vn -0.4985 -0.6911 -0.5232
vn -0.4985 -0.8359 0.2296
vn -0.4999 -0.8351 0.2297
vn -0.2058 -0.4907 0.8467
vn -0.2071 -0.4898 0.8469
vn 0.2058 0.1416 0.9683
vn 0.2071 0.1407 0.9682
vn 0.4985 0.6911 0.5233
vn 0.4999 0.6903 0.5231
vn 0.6401 0.7253 -0.2534
vn 0.6388 0.7265 -0.2531
vn 0.2637 0.4429 -0.8570
vn 0.2624 0.4441 -0.8567
vn -0.2636 -0.0934 -0.9601
vn -0.2624 -0.0946 -0.9603
vn -0.6401 -0.5796 -0.5044
vn -0.6388 -0.5808 -0.5046
vn -0.6388 -0.7265 0.2531
vn -0.6401 -0.7253 0.2534
vn -0.2624 -0.4441 0.8567
vn -0.2636 -0.4428 0.8570
vn 0.2624 0.0946 0.9603
vn 0.2637 0.0934 0.9601
vn 0.6388 0.5808 0.5046
vn 0.6401 0.5796 0.5043
vn 0.7572 0.5891 -0.2821
vn 0.7563 0.5904 -0.2819
vn 0.3101 0.3856 -0.8690
vn 0.3092 0.3870 -0.8687
vn -0.3101 -0.0358 -0.9500
vn -0.3092 -0.0371 -0.9503
vn -0.7572 -0.4424 -0.4806
vn -0.7563 -0.4438 -0.4808
vn -0.7563 -0.5904 0.2819
vn -0.7572 -0.5891 0.2822
vn -0.3092 -0.3870 0.8687
vn -0.3101 -0.3856 0.8690
vn 0.3092 0.0371 0.9503
vn 0.3101 0.0358 0.9500
vn 0.7563 0.4438 0.4808
vn 0.7572 0.4424 0.4805
vn 0.8457 0.4309 -0.3148
vn 0.8452 0.4320 -0.3146
vn 0.3446 0.3202 -0.8825
vn 0.3441 0.3214 -0.8822
vn -0.3446 0.0299 -0.9383
vn -0.3441 0.0288 -0.9385
vn -0.8457 -0.2833 -0.4522
vn -0.8452 -0.2845 -0.4524
vn -0.8452 -0.4320 0.3146
vn -0.8457 -0.4309 0.3148
vn -0.3441 -0.3214 0.8822
vn -0.3446 -0.3202 0.8825
vn 0.3441 -0.0288 0.9385
vn 0.3446 -0.0299 0.9383
vn 0.8452 0.2845 0.4524
vn 0.8457 0.2833 0.4522
vn 0.9010 0.2567 -0.3498
vn 0.3658 0.2492 -0.8967
vn -0.3658 0.1012 -0.9252
vn -0.9010 -0.1087 -0.4201
vn -0.9008 -0.2574 0.3497
vn -0.3657 -0.2499 0.8966
vn 0.3657 -0.1005 0.9253
vn 0.9008 0.1093 0.4202
vn 0.9197 0.0741 -0.3855
vn 0.3730 0.1752 -0.9111
vn -0.3730 0.1752 -0.9111
vn -0.9197 0.0741 -0.3855
vn -0.9197 -0.0741 0.3855
vn -0.3730 -0.1752 0.9111
vn 0.3730 -0.1752 0.9111
vn 0.9197 -0.0741 0.3855
vn 0.9010 -0.1086 -0.4201
vn 0.3658 0.1012 -0.9252
vn -0.3658 0.2492 -0.8967
vn -0.9010 0.2567 -0.3498
vn -0.9008 0.1093 0.4202
vn -0.3657 -0.1005 0.9253
vn 0.3657 -0.2498 0.8966
vn 0.9008 -0.2574 0.3497
vn 0.8457 -0.2833 -0.4522
vn 0.8452 -0.2845 -0.4524
vn 0.3446 0.0299 -0.9383
vn 0.3441 0.0288 -0.9385
vn -0.3446 0.3202 -0.8825
vn -0.3441 0.3214 -0.8822
vn -0.8457 0.4309 -0.3148
vn -0.8452 0.4320 -0.3146
vn -0.8452 0.2845 0.4524
vn -0.8457 0.2833 0.4522
vn -0.3441 -0.0288 0.9385
vn -0.3445 -0.0300 0.9383
vn 0.3441 -0.3214 0.8822
vn 0.3446 -0.3202 0.8825
vn 0.8452 -0.4320 0.3146
vn 0.8457 -0.4309 0.3148
vn 0.7572 -0.4424 -0.4805
vn 0.7563 -0.4438 -0.4808
vn 0.3100 -0.0358 -0.9500
vn 0.3092 -0.0371 -0.9503
vn -0.3101 0.3856 -0.8690
vn -0.3092 0.3870 -0.8687
vn -0.7572 0.5891 -0.2822
vn -0.7562 0.5904 -0.2819
vn -0.7563 0.4438 0.4808
vn -0.7572 0.4424 0.4806
vn -0.3092 0.0371 0.9503
vn -0.3101 0.0358 0.9500
vn 0.3092 -0.3870 0.8687
vn 0.3101 -0.3856 0.8690
vn 0.7563 -0.5904 0.2819
vn 0.7572 -0.5891 0.2822
vn 0.6401 -0.5796 -0.5043
vn 0.6388 -0.5808 -0.5045
vn 0.2637 -0.0934 -0.9601
vn 0.2624 -0.0947 -0.9603
vn -0.2636 0.4428 -0.8570
vn -0.2624 0.4441 -0.8567
vn -0.6400 0.7253 -0.2534
vn -0.6388 0.7265 -0.2532
vn -0.6388 0.5808 0.5046
vn -0.6401 0.5796 0.5044
vn -0.2624 0.0946 0.9603
vn -0.2636 0.0934 0.9601
vn 0.2624 -0.4441 0.8567
vn 0.2637 -0.4429 0.8569
vn 0.6388 -0.7265 0.2531
vn 0.6401 -0.7253 0.2534
vn 0.4999 -0.6903 -0.5231
vn 0.4985 -0.6911 -0.5232
vn 0.2071 -0.1407 -0.9681
vn 0.2058 -0.1416 -0.9683
vn -0.2071 0.4898 -0.8469
vn -0.2058 0.4907 -0.8467
vn -0.4999 0.8351 -0.2298
vn -0.4985 0.8359 -0.2296
vn -0.4985 0.6911 0.5232
vn -0.4999 0.6903 0.5231
vn -0.2058 0.1416 0.9683
vn -0.2071 0.1407 0.9681
vn 0.2058 -0.4907 0.8467
vn 0.2071 -0.4898 0.8469
vn 0.4985 -0.8359 0.2295
vn 0.4999 -0.8351 0.2297
vn 0.3426 -0.7712 -0.5365
vn 0.3415 -0.7716 -0.5366
vn 0.1426 -0.1758 -0.9740
vn 0.1415 -0.1763 -0.9741
vn -0.1426 0.5246 -0.8393
vn -0.1415 0.5251 -0.8392
vn -0.3426 0.9152 -0.2122
vn -0.3415 0.9156 -0.2121
vn -0.3415 0.7716 0.5366
vn -0.3426 0.7712 0.5365
vn -0.1415 0.1763 0.9741
vn -0.1426 0.1759 0.9740
vn 0.1415 -0.5251 0.8392
vn 0.1426 -0.5246 0.8393
vn 0.3415 -0.9156 0.2121
vn 0.3426 -0.9152 0.2122
vn 0.1741 -0.8204 -0.5446
vn 0.0727 -0.1975 -0.9776
vn -0.0727 0.5460 -0.8346
vn -0.1741 0.9639 -0.2014
vn -0.1734 0.8205 0.5446
vn -0.0721 0.1976 0.9776
vn 0.0721 -0.5462 0.8346
vn 0.1734 -0.9640 0.2014
vn 0.0588 0.1945 -0.9791
vn 0.0252 0.1779 -0.9837
vn 0.0362 0.1674 -0.9852
vn -0.0356 0.1870 -0.9817
vn 0.0177 0.1914 -0.9813
vn 0.0404 0.1870 -0.9815
vn -0.0369 0.1945 -0.9802
vn 0.0650 0.1683 -0.9836
vn -0.0359 0.1896 -0.9812
vn -0.0457 0.1904 -0.9806
vn -0.0000 0.1889 -0.9820
vn 0.0552 0.1906 -0.9801
vn 0.0348 0.1872 -0.9817
vn 0.0375 0.1872 -0.9816
vn 0.0474 0.1994 -0.9788
vn -0.0407 0.1485 -0.9881
vn -0.0332 0.1761 -0.9838
vn -0.0608 0.1946 -0.9790
vn -0.0178 0.1904 -0.9815
vn -0.0402 0.1865 -0.9816
vn -0.0664 0.1678 -0.9836
vn -0.0005 0.2258 -0.9742
vn -0.0007 0.2232 -0.9748
vn 0.0006 0.2123 -0.9772
vn -0.0008 0.2126 -0.9771
vn 0.0018 0.1704 -0.9854
vn 0.0000 0.1708 -0.9853
vn -0.0018 0.1702 -0.9854
vn 0.9332 0.1259 -0.3367
vn 0.9414 0.1127 -0.3179
vn 0.9300 0.1306 -0.3435
vn 0.9461 0.1048 -0.3066
vn 0.6512 0.7208 -0.2373
vn 0.6789 0.7026 -0.2132
vn 0.6818 0.7006 -0.2106
vn 0.7079 0.6812 -0.1864
vn -0.0073 0.9992 0.0383
vn -0.0076 0.9993 0.0366
vn -0.0102 0.9998 0.0194
vn -0.0105 0.9998 0.0175
vn -0.5240 0.8486 0.0722
vn -0.5506 0.8341 0.0331
vn -0.5579 0.8296 0.0219
vn -0.5831 0.8122 -0.0180
vn -0.9884 0.1472 -0.0362
vn -0.9765 0.1264 -0.1744
vn -0.9878 0.1546 0.0182
vn -0.9557 0.1096 -0.2733
vn -0.4816 -0.4634 -0.7438
vn -0.4287 -0.4261 -0.7966
vn -0.5035 -0.4787 -0.7193
vn -0.4025 -0.4073 -0.8198
vn 0.0033 -0.4824 -0.8759
vn 0.0060 -0.4779 -0.8784
vn 0.0014 -0.4858 -0.8741
vn 0.0082 -0.4741 -0.8805
vn 0.4348 -0.4361 -0.7879
vn 0.4298 -0.3872 -0.8157
vn 0.4312 -0.4002 -0.8086
vn 0.4362 -0.4518 -0.7783
vn 0.0128 -0.9869 -0.1610
vn 0.0207 -0.9867 -0.1610
vn 0.0383 -0.9538 -0.2979
vn 0.0245 -0.9551 -0.2953
vn -0.0008 -0.9870 -0.1610
vn -0.0014 -0.9550 -0.2965
vn -0.0076 -0.9869 -0.1610
vn -0.0142 -0.9540 -0.2996
vn -0.0113 -0.9869 -0.1610
vn -0.0211 -0.9543 -0.2980
vn -0.0149 -0.9868 -0.1610
vn -0.0288 -0.9563 -0.2910
vn -0.0022 -0.9016 -0.4325
vn -0.0206 -0.9014 -0.4324
vn -0.0335 -0.9023 -0.4298
vn -0.0489 -0.9050 -0.4226
vn 0.1268 -0.4195 -0.8988
vn 0.0784 -0.4216 -0.9034
vn 0.0807 -0.4215 -0.9032
vn -0.0044 -0.4229 -0.9062
vn -0.0430 -0.4225 -0.9053
vn -0.0741 -0.4218 -0.9037
vn -0.0754 -0.4217 -0.9036
vn -0.1043 -0.4206 -0.9012
vn 0.1347 0.2671 -0.9542
vn 0.0852 0.2686 -0.9595
vn 0.0837 0.2687 -0.9596
vn -0.0047 0.2696 -0.9630
vn -0.0457 0.2693 -0.9620
vn -0.0799 0.2687 -0.9599
vn -0.1108 0.2679 -0.9570
vn 0.0036 0.9991 -0.0420
vn 0.0123 0.9995 -0.0289
vn -0.0019 1.0000 -0.0043
vn -0.0103 0.9997 -0.0229
vn -0.9742 -0.0136 -0.2255
vn -0.9887 0.0214 -0.1481
vn -0.9840 0.0748 -0.1620
vn -0.9730 -0.0357 -0.2278
vn -0.9717 -0.0075 -0.2361
vn -0.9794 0.0092 -0.2016
vn -0.9356 -0.1493 -0.3198
vn 0.9818 0.0533 -0.1823
vn 0.9775 0.0435 -0.2063
vn 0.9589 -0.0182 -0.2831
vn 0.9718 0.0239 -0.2346
vn 0.9605 0.0227 -0.2775
vn 0.9628 0.0118 -0.2700
vn 0.8905 -0.1924 -0.4123
vn 0.0001 0.2422 -0.9702
vn 0.0023 0.2746 -0.9616
vn 0.0007 0.2731 -0.9620
vn 0.0000 0.2617 -0.9651
vn 0.0000 0.1718 -0.9851
vn 0.0000 0.0679 -0.9977
vn 0.0000 0.8888 -0.4584
vn -0.0000 0.9993 0.0365
vn 0.0000 0.9960 -0.0898
vn -0.0000 0.9954 -0.0960
vn 0.0000 0.9562 -0.2926
vn -0.0000 0.0896 -0.9960
vn 0.7171 0.6962 -0.0326
vn 0.7121 0.7013 -0.0331
vn 0.7768 0.6293 -0.0249
vn 0.7815 0.6235 -0.0243
vn 0.9999 -0.0008 -0.0159
vn 0.9994 -0.0238 -0.0233
vn 0.9997 -0.0174 -0.0169
vn 0.9999 -0.0015 -0.0101
vn 0.9818 0.1899 -0.0060
vn 1.0000 -0.0040 -0.0024
vn 0.9887 0.1251 -0.0826
vn 0.9977 0.0131 -0.0666
vn 0.8891 0.1931 -0.4149
vn 0.9140 0.2046 -0.3504
vn 0.8251 0.1946 -0.5305
vn 0.7539 0.1738 -0.6336
vn -0.7957 0.6056 -0.0124
vn -0.8331 0.5531 -0.0062
vn -0.7930 0.6091 -0.0128
vn -0.8364 0.5482 -0.0056
vn -1.0000 0.0034 -0.0033
vn -0.9996 0.0270 -0.0051
vn -1.0000 -0.0012 0.0042
vn -0.9999 0.0120 -0.0049
vn -1.0000 -0.0005 -0.0016
vn -1.0000 -0.0027 -0.0010
vn -0.9973 0.0105 -0.0731
vn -0.9812 0.1794 -0.0710
vn -0.9779 0.1702 -0.1212
vn -0.9625 0.2455 -0.1154
vn -0.8661 0.2011 -0.4576
vn -0.6156 0.0562 -0.7860
vn -0.6132 0.1105 -0.7821
vn -0.6106 0.1217 -0.7825
vn 0.0053 1.0000 -0.0084
vn 0.0083 0.9999 -0.0121
vn 0.0044 1.0000 -0.0072
vn 0.0015 1.0000 -0.0036
vn 0.6942 0.5135 0.5044
vn -0.2645 0.5169 0.8141
vn -0.8548 0.5190 0.0000
vn -0.2645 0.5169 -0.8141
vn 0.6942 0.5135 -0.5044
vn 0.8071 -0.0684 0.5864
vn 0.8050 -0.0991 0.5849
vn 0.8232 -0.1287 0.5529
vn -0.2987 -0.2558 0.9194
vn -0.3071 -0.1102 0.9453
vn -0.2992 -0.2504 0.9208
vn -0.9928 -0.1198 -0.0000
vn -0.9946 -0.1034 0.0016
vn -0.3090 0.0119 -0.9510
vn -0.3071 0.1102 -0.9453
vn -0.3090 0.0184 -0.9509
vn 0.8071 0.0684 -0.5864
vn 0.8090 0.0029 -0.5878
vn 0.7961 -0.0161 -0.6049
vn 0.8416 -0.1895 0.5057
vn 0.8583 -0.2196 0.4637
vn -0.2856 -0.3816 0.8791
vn -0.9768 -0.2139 0.0046
vn -0.9763 -0.2162 0.0070
vn -0.3082 -0.0732 -0.9485
vn 0.7655 -0.1064 -0.6346
vn 0.7409 -0.1291 -0.6591
vn 0.7452 0.5495 0.3778
vn -0.2156 0.7164 0.6635
vn -0.8314 0.5554 -0.0179
vn -0.2906 0.3396 -0.8945
vn 0.6927 0.3750 -0.6161
vn -0.0000 0.9998 -0.0188
vn 0.0053 0.9998 -0.0194
vn 0.0069 0.9994 -0.0351
vn 0.0136 0.9993 -0.0348
vn 0.0096 0.9998 -0.0188
vn 0.2569 0.9585 0.1237
vn 0.1221 0.9691 0.2142
vn 0.2262 0.9517 0.2075
vn 0.1431 0.9837 0.1086
vn -0.0459 0.9757 0.2143
vn -0.0637 0.9919 0.1098
vn -0.1064 0.9729 0.2052
vn -0.1669 0.9836 0.0682
vn -0.5979 0.8007 -0.0390
vn -0.5977 0.7895 0.1392
vn -0.5762 0.8173 0.0046
vn -0.9937 0.1072 -0.0321
vn -0.9960 0.0894 -0.0036
vn -0.9969 0.0783 -0.0128
vn -0.9931 0.1173 0.0060
vn -0.0401 -0.9741 -0.2226
vn -0.0935 -0.9865 -0.1344
vn -0.0335 -0.9936 -0.1083
vn -0.0043 -0.9879 -0.1548
vn 0.9954 0.0944 0.0179
vn 0.9955 0.0888 0.0320
vn 0.9959 0.0833 0.0342
vn 0.9952 0.0970 0.0151
vn 0.7059 0.7024 0.0916
vn 0.7073 0.6896 0.1554
vn 0.7060 0.7030 0.0857
vn -0.8827 0.0053 -0.4698
vn -0.8864 0.0111 -0.4629
vn -0.8873 0.0126 -0.4610
vn -0.8917 0.0199 -0.4522
vn -0.7247 -0.4637 -0.5097
vn -0.7606 -0.3813 -0.5255
vn -0.7532 -0.3998 -0.5224
vn -0.7174 -0.4785 -0.5064
vn -0.2373 -0.8632 -0.4457
vn -0.2423 -0.8586 -0.4518
vn -0.1267 -0.8840 -0.4499
vn -0.1174 -0.8876 -0.4454
vn 0.0895 -0.8928 -0.4414
vn 0.0909 -0.8938 -0.4392
vn 0.1818 -0.8809 -0.4369
vn 0.6892 -0.6249 -0.3669
vn 0.9609 -0.0657 -0.2690
vn 0.9087 -0.2391 -0.3422
vn 0.9418 -0.0759 -0.3275
vn 0.9354 0.0539 -0.3494
vn 0.8952 0.1256 -0.4275
vn -0.0122 0.9916 -0.1286
vn -0.0182 0.9948 -0.1003
vn -0.0198 0.9955 -0.0931
vn -0.0113 0.9911 -0.1326
vn -0.0731 0.0462 -0.9963
vn -0.0396 0.0638 -0.9972
vn 0.0207 0.0389 -0.9990
vn 0.0093 0.0475 -0.9988
vn -0.0552 -0.0104 -0.9984
vn -0.0483 -0.0079 -0.9988
vn -0.0268 -0.0266 -0.9993
vn -0.0209 -0.0281 -0.9994
vn -0.0164 -0.0118 -0.9998
vn -0.0126 -0.0025 -0.9999
vn -0.0193 0.1771 -0.9840
vn -0.0181 0.1851 -0.9825
vn -0.0623 0.1466 -0.9872
vn -0.0561 0.1683 -0.9841
vn -0.0961 0.0752 -0.9925
vn -0.1408 0.0324 -0.9895
vn 0.2572 0.9662 0.0161
vn 0.1095 0.9940 -0.0006
vn -0.0848 0.9964 -0.0014
vn -0.1889 0.9766 -0.1032
vn -0.5261 0.8415 -0.1224
vn -0.4862 0.8701 -0.0805
vn -0.9916 0.1149 -0.0597
vn -0.9923 0.1242 0.0037
vn -0.0035 -0.9995 -0.0300
vn 0.9952 0.0973 0.0029
vn 0.7078 0.7061 0.0212
vn -0.0001 0.0332 -0.9994
vn -0.0003 0.0561 -0.9984
vn -0.0005 0.0284 -0.9996
vn -0.0011 0.0533 -0.9986
vn 0.1228 -0.8029 0.5833
vn 0.0663 0.3083 0.9490
vn -0.0824 0.9966 -0.0000
vn -0.1168 0.3069 -0.9445
vn 0.0100 -0.8090 -0.5878
vn 0.0652 -0.8073 0.5865
vn 0.1051 0.3073 0.9458
vn -0.1051 0.3073 -0.9458
vn -0.0652 -0.8073 -0.5865
vn -0.1459 -0.8004 0.5815
vn -0.1007 0.3074 0.9462
vn 0.0846 0.9964 0.0000
vn 0.1519 0.3054 -0.9400
vn -0.0545 -0.8078 0.5869
vn -0.1491 0.3056 0.9404
vn -0.0386 0.9993 0.0000
vn 0.1259 0.3065 -0.9435
vn 0.1163 -0.8035 -0.5838
vn -0.0251 0.9981 -0.0565
vn 0.2901 0.4011 -0.8689
vn 0.2082 0.4100 -0.8880
vn 0.1978 0.4109 -0.8900
vn 0.0534 0.4186 -0.9066
vn 0.0515 0.4186 -0.9067
vn -0.0734 0.4180 -0.9055
vn -0.0708 0.4181 -0.9056
vn -0.2143 0.4094 -0.8868
vn -0.2051 0.4103 -0.8886
vn -0.2843 0.4019 -0.8705
vn -0.0364 0.9986 -0.0395
vn 0.0090 0.9980 -0.0621
vn 0.1136 0.9541 -0.2773
vn 0.0957 0.5348 -0.8395
vn 0.1342 0.4856 -0.8638
vn 0.1450 0.4706 -0.8704
vn 0.0790 0.5504 -0.8311
vn 0.0386 0.4060 -0.9131
vn 0.0104 0.4823 -0.8759
vn -0.0430 0.2353 -0.9710
vn -0.0933 0.3938 -0.9144
vn -0.1053 0.4563 -0.8836
vn -0.1528 0.3505 -0.9240
vn -0.1595 0.3344 -0.9288
vn -0.1695 0.7682 -0.6174
vn -0.0345 0.9963 -0.0783
vn 1.0000 -0.0003 -0.0097
vn -1.0000 0.0003 0.0097
vn -0.0001 -1.0000 -0.0049
vn 0.0129 0.3852 0.9227
vn 0.9636 0.2548 -0.0809
vn 0.9586 0.2846 -0.0064
vn 0.9604 0.2322 -0.1539
vn 0.8201 0.1915 -0.5392
vn 0.8280 0.1909 -0.5272
vn 0.9628 0.2654 -0.0514
vn 0.9587 0.2621 -0.1106
vn 0.9617 0.2545 -0.1018
vn 0.9615 0.2690 -0.0554
vn 0.9635 0.2678 0.0071
vn -0.9343 0.3565 0.0027
vn -0.9324 0.3615 0.0038
vn -0.9485 0.3116 -0.0581
vn -0.9533 0.2722 -0.1307
vn -0.6212 0.1777 -0.7633
vn -0.6244 0.1799 -0.7601
vn -0.9658 0.2591 0.0081
vn -0.9632 0.2682 0.0153
vn -0.9539 0.2962 0.0490
vn -0.9686 0.2487 -0.0068
vn -0.9641 0.2657 0.0051
vn -0.9622 0.2722 0.0082
vn -0.0074 0.2145 -0.9767
vn -0.0044 0.2102 -0.9776
vn -0.0094 0.2174 -0.9760
vn -0.0136 0.2235 -0.9746
vn 0.0001 1.0000 0.0074
vn 0.7070 0.6649 -0.2409
vn 0.7064 0.6759 -0.2102
vn 0.7113 0.6619 -0.2364
vn -0.7069 0.6686 -0.2308
vn -0.7064 0.6759 -0.2102
vn -0.7111 0.6642 -0.2307
vn -0.7060 -0.6381 0.3072
vn -0.7064 -0.6759 0.2102
vn -0.7167 -0.6248 0.3099
vn 0.7044 -0.6251 0.3362
vn 0.7064 -0.6759 0.2101
vn 0.7165 -0.6199 0.3201
vn 0.7363 0.6319 -0.2420
vn 0.7402 0.6288 -0.2382
vn -0.7375 0.6283 -0.2477
vn -0.7446 0.6202 -0.2469
vn -0.7580 -0.5208 0.3928
vn -0.7743 -0.4981 0.3903
vn 0.7568 -0.5312 0.3810
vn 0.7677 -0.5239 0.3690
vn 0.7936 0.2352 -0.5611
vn 0.8078 0.2371 -0.5397
vn 0.8144 0.2379 -0.5293
vn 0.7892 0.2346 -0.5675
vn -0.8166 0.2190 -0.5341
vn -0.8143 0.2214 -0.5366
vn -0.8176 0.2180 -0.5330
vn -0.8436 -0.1108 0.5253
vn -0.8074 -0.1524 0.5700
vn -0.7859 -0.1747 0.5932
vn -0.8614 -0.0883 0.5002
vn 0.7969 -0.1170 0.5927
vn 0.7751 -0.1098 0.6222
vn 0.8243 -0.1264 0.5519
vn 0.8354 -0.1303 0.5340
vn 0.4611 0.6281 0.6268
vn -0.4781 0.6395 0.6021
vn -0.5674 -0.4092 0.7146
vn 0.5477 -0.3817 0.7446
vn 0.0579 -0.9011 -0.4298
vn 0.0392 -0.9009 -0.4322
vn 1.0000 0.0006 0.0064
vn 1.0000 0.0023 0.0068
vn -1.0000 -0.0001 -0.0070
vn -1.0000 -0.0022 -0.0063
vn -0.0140 -0.0170 -0.9998
vn -0.0125 -0.9999 -0.0000
vn -0.0251 0.9997 -0.0000
vn -0.0265 -0.0000 -0.9996
vn 0.0265 0.0000 0.9996
vn 0.0125 -0.9999 -0.0000
vn 0.0251 0.9997 -0.0000
vn 0.0265 0.0000 -0.9996
vn -0.0265 0.0000 0.9996
vn 0.9241 0.3820 0.0020
vn 0.0001 1.0000 0.0051
vn -0.9392 0.3434 0.0018
vn -0.9708 0.2374 0.0354
vn -0.9699 0.2379 0.0519
vn -0.9665 0.2384 0.0950
vn -0.9770 0.2119 -0.0217
vn -0.9786 0.1973 0.0583
vn -0.9839 0.1490 -0.0987
vn -0.9840 0.1436 0.1053
vn -0.9898 0.1247 0.0689
vn -0.9767 0.1195 0.1783
vn -0.9745 0.1221 0.1884
vn -0.9554 0.1196 0.2701
vn -0.9594 0.1148 0.2575
vn -0.9409 0.1158 0.3184
vn -0.9559 0.1024 0.2753
vn -0.4764 0.0678 0.8766
vn -0.5872 0.0716 0.8063
vn -0.5326 0.0720 0.8433
vn -0.4728 0.0689 0.8784
vn -0.2321 0.0625 0.9707
vn -0.1906 0.0693 0.9792
vn -0.0022 0.0788 0.9969
vn -0.0174 0.0800 0.9966
vn 0.0176 0.0785 0.9968
vn -0.0258 0.0668 0.9974
vn 0.0000 0.0706 0.9975
vn 0.0000 0.0569 0.9984
vn -0.9205 -0.3692 -0.1280
vn -0.8795 -0.4741 -0.0407
vn -0.9182 -0.3913 -0.0617
vn -0.9486 0.2338 0.2135
vn -0.4210 -0.2840 0.8614
vn -0.6369 -0.0266 0.7705
vn -0.6529 0.0316 0.7568
vn -0.6440 -0.0076 0.7650
vn -0.6596 0.0564 0.7495
vn -0.6633 0.0928 0.7426
vn -0.8621 -0.5065 -0.0139
vn -0.8707 -0.4918 -0.0086
vn -0.7956 -0.6058 0.0012
vn -0.8966 -0.4421 -0.0266
vn -0.9996 -0.0002 -0.0299
vn -0.9996 -0.0015 -0.0297
vn -0.9996 -0.0036 -0.0296
vn -0.9995 0.0010 -0.0302
vn -0.9994 -0.0176 -0.0294
vn -0.9993 -0.0124 -0.0363
vn -0.9963 -0.0805 -0.0312
vn -0.9987 -0.0140 -0.0483
vn -0.9976 -0.0510 -0.0459
vn -0.9982 -0.0154 -0.0575
vn -0.9978 -0.0318 -0.0574
vn -0.9978 -0.0190 -0.0633
vn -0.9975 -0.0318 -0.0629
vn -0.9974 -0.0245 -0.0671
vn -0.9973 -0.0290 -0.0675
vn -0.9972 -0.0243 -0.0700
vn -0.9974 -0.0157 -0.0701
vn -0.9977 -0.0235 -0.0635
vn -0.9981 -0.0062 -0.0615
vn -0.9830 -0.1817 -0.0250
vn -0.9981 -0.0359 -0.0491
vn -0.9661 -0.2581 -0.0060
vn -0.9560 -0.2934 -0.0049
vn -0.9543 -0.2987 -0.0031
vn -0.9609 -0.2768 -0.0010
vn -0.9602 -0.2792 -0.0015
vn -0.9978 -0.0451 0.0482
vn -0.9738 -0.2272 0.0130
vn -0.9986 -0.0093 0.0527
vn -0.9986 -0.0024 0.0532
vn -0.9985 -0.0046 0.0540
vn -0.9985 -0.0009 0.0541
vn -0.9985 0.0005 0.0542
vn -0.9985 0.0022 0.0543
vn -0.9985 0.0041 0.0546
vn -0.9985 0.0001 0.0556
vn -0.9984 0.0070 0.0556
vn -0.9984 0.0043 0.0563
vn -0.9984 0.0099 0.0561
vn -0.9984 0.0113 0.0560
vn -0.8793 -0.4754 -0.0282
vn -0.8956 -0.4427 -0.0446
vn -0.8754 -0.4825 -0.0306
vn -0.8719 -0.4894 -0.0151
vn -0.8529 -0.5218 -0.0163
vn -0.8226 -0.5681 -0.0244
vn -0.7963 -0.6041 -0.0322
vn -0.2863 -0.9580 -0.0166
vn -0.9997 -0.0022 -0.0244
vn -0.9995 -0.0112 -0.0300
vn -0.9997 -0.0006 -0.0239
vn -0.9996 0.0100 -0.0246
vn -0.9993 -0.0173 -0.0332
vn -0.9992 -0.0198 -0.0342
vn -0.9994 -0.0120 -0.0329
vn -0.9986 0.0485 -0.0199
vn -0.9981 -0.0520 -0.0336
vn -0.9605 0.2762 -0.0349
vn 0.9708 0.2374 0.0354
vn 0.9665 0.2384 0.0950
vn 0.9699 0.2379 0.0519
vn 0.9770 0.2119 -0.0217
vn 0.9786 0.1973 0.0583
vn 0.9839 0.1490 -0.0987
vn 0.9840 0.1436 0.1053
vn 0.9898 0.1247 0.0689
vn 0.9767 0.1195 0.1783
vn 0.9745 0.1221 0.1884
vn 0.9554 0.1196 0.2701
vn 0.9594 0.1148 0.2575
vn 0.9409 0.1158 0.3184
vn 0.9559 0.1024 0.2753
vn 0.4764 0.0678 0.8766
vn 0.5326 0.0720 0.8433
vn 0.5872 0.0716 0.8063
vn 0.4728 0.0689 0.8784
vn 0.2321 0.0625 0.9707
vn 0.1906 0.0693 0.9792
vn 0.0022 0.0788 0.9969
vn 0.0174 0.0800 0.9966
vn -0.0176 0.0785 0.9968
vn 0.0258 0.0668 0.9974
vn 0.9205 -0.3692 -0.1280
vn 0.9182 -0.3913 -0.0617
vn 0.8795 -0.4741 -0.0407
vn 0.9486 0.2338 0.2135
vn 0.4210 -0.2840 0.8614
vn 0.6369 -0.0266 0.7705
vn 0.6440 -0.0076 0.7650
vn 0.6529 0.0316 0.7568
vn 0.6596 0.0564 0.7495
vn 0.6633 0.0928 0.7426
vn 0.8621 -0.5065 -0.0139
vn 0.8707 -0.4918 -0.0086
vn 0.7956 -0.6058 0.0012
vn 0.8966 -0.4421 -0.0266
vn 0.9996 -0.0002 -0.0299
vn 0.9996 -0.0036 -0.0296
vn 0.9996 -0.0015 -0.0297
vn 0.9995 0.0010 -0.0302
vn 0.9994 -0.0176 -0.0294
vn 0.9993 -0.0124 -0.0363
vn 0.9963 -0.0805 -0.0312
vn 0.9987 -0.0140 -0.0483
vn 0.9976 -0.0510 -0.0459
vn 0.9982 -0.0154 -0.0575
vn 0.9978 -0.0318 -0.0574
vn 0.9978 -0.0190 -0.0633
vn 0.9975 -0.0318 -0.0629
vn 0.9974 -0.0245 -0.0671
vn 0.9973 -0.0290 -0.0675
vn 0.9972 -0.0243 -0.0700
vn 0.9974 -0.0157 -0.0701
vn 0.9977 -0.0235 -0.0635
vn 0.9981 -0.0062 -0.0615
vn 0.9830 -0.1817 -0.0250
vn 0.9981 -0.0359 -0.0491
vn 0.9661 -0.2581 -0.0060
vn 0.9560 -0.2934 -0.0049
vn 0.9543 -0.2987 -0.0031
vn 0.9602 -0.2792 -0.0015
vn 0.9609 -0.2768 -0.0010
vn 0.9978 -0.0451 0.0482
vn 0.9738 -0.2272 0.0130
vn 0.9986 -0.0093 0.0527
vn 0.9986 -0.0024 0.0532
vn 0.9985 -0.0046 0.0540
vn 0.9985 -0.0009 0.0541
vn 0.9985 0.0005 0.0542
vn 0.9985 0.0022 0.0543
vn 0.9985 0.0041 0.0546
vn 0.9985 0.0001 0.0556
vn 0.9984 0.0070 0.0556
vn 0.9984 0.0043 0.0563
vn 0.9984 0.0099 0.0561
vn 0.9984 0.0113 0.0560
vn 0.8793 -0.4754 -0.0282
vn 0.8956 -0.4427 -0.0446
vn 0.8754 -0.4825 -0.0306
vn 0.8719 -0.4894 -0.0151
vn 0.8529 -0.5218 -0.0163
vn 0.8226 -0.5681 -0.0244
vn 0.7963 -0.6041 -0.0322
vn 0.2863 -0.9580 -0.0166
vn 0.9997 -0.0022 -0.0244
vn 0.9997 -0.0006 -0.0239
vn 0.9995 -0.0112 -0.0300
vn 0.9996 0.0100 -0.0246
vn 0.9993 -0.0173 -0.0332
vn 0.9992 -0.0198 -0.0342
vn 0.9994 -0.0120 -0.0329
vn 0.9986 0.0485 -0.0199
vn 0.9981 -0.0520 -0.0336
vn 0.9605 0.2762 -0.0349
vn -0.0125 0.7559 -0.6545
vn -0.0156 0.7544 -0.6562
vn -0.0036 0.7326 -0.6807
vn -0.0029 0.7446 -0.6675
vn -0.0194 0.6954 -0.7184
vn -0.0331 0.6958 -0.7175
vn 0.2744 0.7185 -0.6391
vn 0.0945 0.6931 -0.7146
vn 0.0644 0.6866 -0.7242
vn -0.0052 0.9422 -0.3350
vn 0.0347 0.9820 -0.1854
vn -0.0174 0.9426 -0.3335
vn 0.0394 0.9870 -0.1560
vn 0.0265 0.9996 0.0014
vn 0.0178 0.9998 0.0049
vn -0.0294 0.9991 0.0308
vn -0.0260 0.9993 0.0269
vn 0.0252 0.9997 -0.0035
vn 0.0324 0.9994 -0.0072
vn -0.0075 1.0000 -0.0036
vn -0.0100 0.9999 -0.0021
vn -0.0025 0.9996 0.0287
vn 0.0013 0.9999 0.0160
vn 0.0210 0.9996 0.0214
vn 0.0109 0.9999 0.0131
vn -0.0023 1.0000 0.0053
vn -0.0011 1.0000 0.0060
vn 0.0036 0.7326 -0.6807
vn 0.0156 0.7544 -0.6562
vn 0.0125 0.7559 -0.6545
vn 0.0029 0.7446 -0.6675
vn 0.0194 0.6954 -0.7184
vn 0.0331 0.6958 -0.7175
vn -0.2744 0.7185 -0.6391
vn -0.0945 0.6931 -0.7146
vn -0.0644 0.6866 -0.7242
vn 0.0174 0.9426 -0.3335
vn -0.0347 0.9820 -0.1854
vn 0.0052 0.9422 -0.3350
vn -0.0394 0.9870 -0.1560
vn -0.0265 0.9996 0.0014
vn -0.0178 0.9998 0.0049
vn 0.0294 0.9991 0.0308
vn 0.0260 0.9993 0.0269
vn -0.0252 0.9997 -0.0035
vn -0.0324 0.9994 -0.0072
vn 0.0075 1.0000 -0.0036
vn 0.0100 0.9999 -0.0021
vn 0.0025 0.9996 0.0287
vn -0.0013 0.9999 0.0160
vn -0.0210 0.9996 0.0214
vn -0.0109 0.9999 0.0131
vn 0.0023 1.0000 0.0053
vn 0.0027 1.0000 -0.0002
vn 0.0012 1.0000 -0.0018
vn 0.0008 0.9981 0.0615
vn 0.0025 1.0000 -0.0018
vn 0.0001 1.0000 -0.0040
vn -0.0008 0.9981 0.0615
vn -0.0012 1.0000 -0.0018
vn -0.0027 1.0000 -0.0002
vn -0.0025 1.0000 -0.0018
vn 0.0000 0.9826 0.1859
vn -0.0033 0.3711 0.9286
vn -0.0030 0.2002 0.9798
vn 0.0030 0.2002 0.9798
vn 0.0033 0.3711 0.9286
vn -0.0038 0.0476 0.9989
vn 0.0038 0.0476 0.9989
vn -0.0046 0.0284 0.9996
vn 0.0046 0.0284 0.9996
vn -0.0002 1.0000 -0.0055
vn -0.0011 1.0000 -0.0071
vn -0.0004 1.0000 0.0026
vn 0.0011 1.0000 -0.0071
vn 0.0000 0.9999 0.0117
vn 0.0000 1.0000 0.0039
vn 0.0000 0.1906 -0.9817
vn 0.0000 0.3011 -0.9536
vn 0.0000 0.0389 -0.9992
vn 0.0000 0.0135 -0.9999
vn 0.0000 -0.0084 -1.0000
vn -0.0000 -0.0428 -0.9991
vn -0.0000 -0.0788 -0.9969
vn -0.0000 -0.1346 -0.9909
vn -0.0000 -0.1748 -0.9846
vn -0.0000 -0.1961 -0.9806
vn 0.0015 0.9995 0.0314
vn -0.0033 0.9949 -0.1009
vn -0.0002 0.9942 -0.1071
vn -0.0024 0.8921 -0.4518
vn -0.0060 0.6393 -0.7690
vn -0.0069 0.6408 -0.7677
vn 0.0013 0.9698 0.2440
vn 0.0018 0.9755 0.2202
vn 0.0023 0.9056 0.4242
vn -0.0020 0.9003 0.4352
vn -0.0027 0.8316 0.5554
vn 0.0039 0.8469 0.5318
vn 0.0036 0.5422 0.8402
vn 0.0045 0.5029 0.8643
vn 0.0057 0.5500 0.8352
vn 0.0059 0.5131 0.8583
vn 0.0066 0.4651 0.8852
vn 0.0071 0.4721 0.8815
vn 0.0065 0.3985 0.9171
vn 0.0057 0.2000 0.9798
vn 0.0063 0.0347 0.9994
vn 0.0062 0.0021 1.0000
vn 0.0014 0.9999 0.0121
vn 0.0033 0.9949 -0.1009
vn -0.0015 0.9995 0.0314
vn 0.0025 0.8923 -0.4515
vn 0.0060 0.6393 -0.7690
vn 0.0069 0.6408 -0.7677
vn -0.0023 0.9056 0.4242
vn -0.0018 0.9755 0.2202
vn -0.0013 0.9698 0.2440
vn 0.0020 0.9003 0.4352
vn 0.0027 0.8316 0.5554
vn -0.0039 0.8469 0.5318
vn -0.0036 0.5422 0.8402
vn -0.0057 0.5500 0.8352
vn -0.0045 0.5029 0.8643
vn -0.0059 0.5131 0.8583
vn -0.0066 0.4651 0.8852
vn -0.0071 0.4721 0.8815
vn -0.0065 0.3985 0.9171
vn -0.0057 0.2000 0.9798
vn -0.0063 0.0347 0.9994
vn -0.0062 0.0021 1.0000
vn -0.0014 0.9999 0.0121
vn 0.0005 0.9999 0.0103
vn 0.0106 0.2749 -0.9614
vn 0.0098 0.2766 -0.9609
vn -0.0106 0.2749 -0.9614
vn -0.0098 0.2766 -0.9609
vn 0.0000 -1.0000 0.0063
vn 0.0027 0.9390 0.3439
vn 0.0079 0.0000 1.0000
vn -0.0073 0.3647 -0.9311
vn -0.0002 -0.9829 0.1843
vn -0.0037 -0.9829 0.1843
vn -0.0158 0.2581 0.9660
vn -0.0192 0.2549 0.9668
vn 0.0006 0.2597 0.9657
vn 0.0006 0.9829 -0.1843
vn 0.0286 0.9825 -0.1843
vn 0.0126 -0.2549 -0.9669
vn 0.0025 -0.2598 -0.9657
vn 0.0158 -0.2581 -0.9660
vn 0.0033 -0.9829 0.1843
vn 0.0139 0.2580 0.9661
vn 0.0110 0.2549 0.9669
vn -0.0274 0.9825 -0.1843
vn -0.0141 -0.2580 -0.9660
vn -0.0172 -0.2549 -0.9668
vn 0.0360 0.1091 -0.9934
vn 0.0039 0.1092 -0.9940
vn 0.0467 -0.9638 -0.2626
vn -0.0035 -0.9648 -0.2629
vn -0.0420 0.0449 0.9981
vn -0.0034 0.0449 0.9990
vn -0.0377 0.9993 0.0059
vn 0.0043 1.0000 0.0059
vn -0.0280 0.1091 -0.9936
vn -0.0534 -0.9634 -0.2625
vn 0.0353 0.0449 0.9984
vn 0.0465 0.9989 0.0059
vn -0.3847 -0.9223 0.0374
vn 0.3879 0.9214 -0.0221
vn 0.8841 -0.3864 -0.2628
vn 0.8903 -0.3661 -0.2709
vn 0.8858 -0.3810 -0.2649
vn 0.8924 -0.3587 -0.2739
vn -0.2846 -0.1487 -0.9470
vn 0.1113 -0.2637 0.9582
vn -0.8667 0.3600 0.3452
vn -0.8443 0.3833 0.3746
vn -0.8644 0.3626 0.3484
vn -0.8817 0.3431 0.3239
vn -0.8858 0.3810 0.2650
vn -0.8924 0.3586 0.2739
vn -0.8903 0.3661 0.2709
vn -0.8841 0.3864 0.2628
vn 0.3847 -0.9223 0.0374
vn -0.3880 0.9214 -0.0221
vn -0.8841 -0.3864 -0.2628
vn -0.8858 -0.3810 -0.2649
vn -0.8903 -0.3661 -0.2709
vn -0.8924 -0.3587 -0.2739
vn 0.2846 -0.1487 -0.9470
vn -0.1113 -0.2637 0.9582
vn 0.8667 0.3600 0.3452
vn 0.8644 0.3626 0.3484
vn 0.8443 0.3833 0.3746
vn 0.8817 0.3431 0.3239
vn 0.8858 0.3810 0.2650
vn 0.8903 0.3661 0.2710
vn 0.8924 0.3586 0.2739
vn 0.8841 0.3864 0.2628
vn -0.1009 0.8451 0.5250
vn -0.1193 0.3675 0.9224
vn -0.1666 0.3763 0.9114
vn -0.1285 0.4237 0.8966
vn -0.1039 0.3944 0.9130
vn -0.1036 0.3071 0.9460
vn -0.0960 0.3212 0.9421
vn -0.0891 0.3055 0.9480
vn -0.0825 0.3176 0.9446
vn -0.0829 0.2880 0.9540
vn -0.0918 0.2694 0.9586
vn -0.0988 0.2249 0.9694
vn -0.1049 0.2126 0.9715
vn -0.1107 0.2278 0.9674
vn -0.1016 0.2103 0.9724
vn -0.1115 0.2186 0.9694
vn -0.1153 0.2326 0.9657
vn -0.1129 0.0921 0.9893
vn -0.1216 0.1615 0.9794
vn -0.1336 0.0629 0.9890
vn -0.1589 0.1543 0.9752
vn -0.1790 0.1150 0.9771
vn -0.1930 0.1805 0.9645
vn -0.2092 0.1082 0.9719
vn -0.2057 0.1160 0.9717
vn -0.1654 -0.1146 0.9795
vn -0.1564 -0.0572 0.9860
vn -0.1457 -0.2772 0.9497
vn -0.1421 -0.2461 0.9588
vn -0.0981 -0.4146 0.9047
vn -0.0931 -0.3906 0.9158
vn -0.1031 -0.5105 0.8536
vn -0.0980 -0.4825 0.8704
vn -0.0826 -0.5758 0.8134
vn -0.0624 -0.6039 0.7946
vn -0.0663 0.0733 0.9951
vn -0.0676 0.0864 0.9940
vn -0.0643 0.0542 0.9965
vn -0.0697 0.1076 0.9917
vn -0.1534 0.9875 0.0356
vn -0.1965 0.9805 -0.0034
vn -0.1301 0.9912 0.0241
vn -0.1100 0.9931 0.0418
vn -0.1181 0.9930 0.0090
vn -0.1152 0.9933 0.0123
vn -0.1127 0.9935 0.0152
vn -0.1063 0.9941 0.0221
vn -0.0637 0.1752 -0.9825
vn -0.0650 0.2364 -0.9695
vn -0.0612 0.1832 -0.9812
vn -0.0575 0.0909 -0.9942
vn -0.0596 0.0885 -0.9943
vn -0.0642 0.0336 -0.9974
vn -0.0691 0.0245 -0.9973
vn -0.0702 0.0006 -0.9975
vn -0.0719 -0.0027 -0.9974
vn -0.0728 -0.0187 -0.9972
vn -0.0717 -0.0154 -0.9973
vn -0.0706 -0.0306 -0.9970
vn -0.0601 0.0004 -0.9982
vn -0.0615 -0.0796 -0.9949
vn -0.0477 -0.0741 -0.9961
vn -0.0556 -0.1842 -0.9813
vn -0.0648 -0.1534 -0.9860
vn -0.1009 -0.2740 -0.9564
vn -0.1157 -0.1747 -0.9778
vn -0.1162 -0.3551 -0.9276
vn -0.1364 -0.2308 -0.9634
vn -0.2524 0.9377 0.2387
vn 0.2524 0.9377 0.2387
vn 0.1009 0.8451 0.5250
vn 0.1193 0.3675 0.9224
vn 0.1285 0.4237 0.8966
vn 0.1666 0.3763 0.9114
vn 0.1039 0.3944 0.9130
vn 0.1036 0.3071 0.9460
vn 0.0960 0.3212 0.9421
vn 0.0891 0.3055 0.9480
vn 0.0825 0.3176 0.9446
vn 0.0829 0.2880 0.9540
vn 0.0918 0.2694 0.9586
vn 0.0988 0.2249 0.9694
vn 0.1049 0.2126 0.9715
vn 0.1107 0.2278 0.9674
vn 0.1016 0.2103 0.9724
vn 0.1115 0.2186 0.9694
vn 0.1153 0.2326 0.9657
vn 0.1129 0.0921 0.9893
vn 0.1216 0.1615 0.9794
vn 0.1336 0.0629 0.9890
vn 0.1589 0.1543 0.9752
vn 0.1790 0.1150 0.9771
vn 0.1930 0.1805 0.9645
vn 0.2092 0.1082 0.9719
vn 0.2057 0.1160 0.9717
vn 0.1654 -0.1146 0.9795
vn 0.1564 -0.0572 0.9860
vn 0.1457 -0.2772 0.9497
vn 0.1421 -0.2461 0.9588
vn 0.0981 -0.4146 0.9047
vn 0.0931 -0.3906 0.9158
vn 0.1031 -0.5105 0.8536
vn 0.0980 -0.4825 0.8704
vn 0.0826 -0.5758 0.8134
vn 0.0624 -0.6039 0.7946
vn 0.0663 0.0733 0.9951
vn 0.0643 0.0542 0.9965
vn 0.0676 0.0864 0.9940
vn 0.0697 0.1076 0.9917
vn 0.1965 0.9805 -0.0034
vn 0.1534 0.9875 0.0356
vn 0.1301 0.9912 0.0241
vn 0.1100 0.9931 0.0418
vn 0.1181 0.9930 0.0090
vn 0.1152 0.9933 0.0123
vn 0.1127 0.9935 0.0152
vn 0.1063 0.9941 0.0221
vn 0.0637 0.1752 -0.9825
vn 0.0660 0.2355 -0.9696
vn 0.0612 0.1832 -0.9812
vn 0.0575 0.0909 -0.9942
vn 0.0596 0.0885 -0.9943
vn 0.0642 0.0336 -0.9974
vn 0.0691 0.0245 -0.9973
vn 0.0702 0.0006 -0.9975
vn 0.0719 -0.0027 -0.9974
vn 0.0728 -0.0187 -0.9972
vn 0.0717 -0.0154 -0.9973
vn 0.0706 -0.0306 -0.9970
vn 0.0601 0.0004 -0.9982
vn 0.0615 -0.0796 -0.9949
vn 0.0477 -0.0741 -0.9961
vn 0.0556 -0.1842 -0.9813
vn 0.0648 -0.1534 -0.9860
vn 0.1009 -0.2740 -0.9564
vn 0.1157 -0.1747 -0.9778
vn 0.1162 -0.3551 -0.9276
vn 0.1364 -0.2308 -0.9634
# 1518 vertex normals

vt 0.0000 0.0000 0.0000
# 1 texture coords

g in_001
usemtl Material_16
s off
f 4535/13/4118 4536/13/4119 4537/13/4120 
f 4538/13/4121 4535/13/4118 4537/13/4120 
f 4539/13/4122 4535/13/4118 4538/13/4121 
f 4535/13/4118 4539/13/4122 4540/13/4123 
f 4539/13/4122 4541/13/4124 4542/13/4125 
f 4539/13/4122 4542/13/4125 4540/13/4123 
f 4537/13/4120 4536/13/4119 4543/13/4126 
f 4536/13/4119 4544/13/4127 4543/13/4126 
f 4541/13/4124 4545/13/4128 4542/13/4125 
f 4545/13/4128 4546/13/4129 4542/13/4125 
f 4545/13/4128 4547/13/4130 4546/13/4129 
f 4547/13/4130 4548/13/4131 4546/13/4129 
f 4549/13/4132 4548/13/4131 4547/13/4130 
f 4549/13/4132 4550/13/4133 4548/13/4131 
f 4551/13/4134 4550/13/4133 4549/13/4132 
f 4551/13/4134 4552/13/4135 4550/13/4133 
f 4553/13/4136 4552/13/4135 4551/13/4134 
f 4553/13/4136 4554/13/4137 4552/13/4135 
f 4555/13/4138 4554/13/4137 4553/13/4136 
f 4555/13/4138 4556/13/4139 4554/13/4137 
f 4557/13/4140 4558/13/4141 4559/13/4142 
f 4560/13/4143 4558/13/4141 4557/13/4140 
f 4561/13/4144 4560/13/4143 4557/13/4140 
f 4562/13/4145 4561/13/4144 4557/13/4140 
f 4563/13/4146 4564/13/4147 4561/13/4144 
f 4563/13/4146 4561/13/4144 4562/13/4145 
f 4558/13/4141 4565/13/4148 4559/13/4142 
f 4559/13/4142 4565/13/4148 4566/13/4149 
f 4563/13/4146 4567/13/4150 4564/13/4147 
f 4568/13/4151 4567/13/4150 4563/13/4146 
f 4568/13/4151 4569/13/4152 4567/13/4150 
f 4569/13/4152 4568/13/4151 4570/13/4153 
f 4571/13/4154 4569/13/4152 4570/13/4153 
f 4571/13/4154 4570/13/4153 4572/13/4155 
f 4573/13/4156 4571/13/4154 4572/13/4155 
f 4573/13/4156 4572/13/4155 4574/13/4157 
f 4575/13/4158 4573/13/4156 4574/13/4157 
f 4575/13/4158 4574/13/4157 4576/13/4159 
f 4577/13/4160 4575/13/4158 4576/13/4159 
f 4577/13/4160 4576/13/4159 4578/13/4161 
f 4579/13/4162 4580/13/4162 4581/13/4162 
f 4579/13/4162 4582/13/4162 4580/13/4162 
f 4582/13/4163 4583/13/4163 4580/13/4163 
f 4582/13/4163 4584/13/4163 4583/13/4163 
f 4584/13/4164 4585/13/4164 4583/13/4164 
f 4586/13/4164 4585/13/4164 4584/13/4164 
f 4586/13/4165 4587/13/4165 4585/13/4165 
f 4588/13/4165 4587/13/4165 4586/13/4165 
f 4581/13/4166 4587/13/4166 4588/13/4166 
f 4581/13/4166 4588/13/4166 4579/13/4166 
f 4580/13/4167 4589/13/4168 4581/13/4167 
f 4580/13/4167 4583/13/4169 4589/13/4168 
f 4583/13/4169 4585/13/4170 4589/13/4168 
f 4589/13/4168 4585/13/4170 4587/13/4171 
f 4589/13/4168 4587/13/4171 4581/13/4167 
f 4582/13/4172 4579/13/4172 4590/13/4173 
f 4582/13/4172 4590/13/4173 4584/13/4174 
f 4584/13/4174 4590/13/4173 4586/13/4175 
f 4590/13/4173 4588/13/4176 4586/13/4175 
f 4590/13/4173 4579/13/4172 4588/13/4176 
f 4591/13/4177 4592/13/4177 4593/13/4177 
f 4591/13/4177 4593/13/4177 4594/13/4177 
f 4595/13/4178 4594/13/4178 4593/13/4178 
f 4596/13/4178 4594/13/4178 4595/13/4178 
f 4596/13/4179 4595/13/4179 4597/13/4179 
f 4598/13/4179 4596/13/4179 4597/13/4179 
f 4598/13/4180 4597/13/4180 4599/13/4180 
f 4600/13/4180 4598/13/4180 4599/13/4180 
f 4599/13/4181 4592/13/4181 4600/13/4181 
f 4600/13/4181 4592/13/4181 4591/13/4181 
f 4593/13/4167 4592/13/4167 4601/13/4182 
f 4593/13/4167 4601/13/4182 4595/13/4183 
f 4595/13/4183 4601/13/4182 4597/13/4184 
f 4601/13/4182 4599/13/4185 4597/13/4184 
f 4601/13/4182 4592/13/4167 4599/13/4185 
f 4594/13/4172 4602/13/4186 4591/13/4172 
f 4594/13/4172 4596/13/4187 4602/13/4186 
f 4596/13/4187 4598/13/4188 4602/13/4186 
f 4602/13/4186 4598/13/4188 4600/13/4189 
f 4602/13/4186 4600/13/4189 4591/13/4172 
f 4603/13/4190 4604/13/4190 4605/13/4190 
f 4606/13/4191 4603/13/4191 4605/13/4191 
f 4606/13/4191 4607/13/4191 4603/13/4191 
f 4606/13/4192 4608/13/4192 4607/13/4192 
f 4607/13/4192 4608/13/4192 4609/13/4192 
f 4608/13/4193 4610/13/4193 4609/13/4193 
f 4610/13/4193 4604/13/4193 4609/13/4193 
f 4607/13/4194 4604/13/4194 4603/13/4194 
f 4609/13/4194 4604/13/4194 4607/13/4194 
f 4605/13/4190 4604/13/4190 4610/13/4190 
f 4606/13/4195 4605/13/4195 4610/13/4195 
f 4606/13/4195 4610/13/4195 4608/13/4195 
f 4611/13/4190 4612/13/4190 4613/13/4190 
f 4614/13/4190 4612/13/4190 4611/13/4190 
f 4611/13/4196 4615/13/4196 4614/13/4196 
f 4614/13/4196 4615/13/4196 4616/13/4196 
f 4615/13/4192 4617/13/4192 4616/13/4192 
f 4616/13/4192 4617/13/4192 4618/13/4192 
f 4613/13/4197 4618/13/4197 4617/13/4197 
f 4613/13/4197 4612/13/4197 4618/13/4197 
f 4615/13/4198 4611/13/4198 4613/13/4198 
f 4615/13/4198 4613/13/4198 4617/13/4198 
f 4616/13/4199 4612/13/4199 4614/13/4199 
f 4618/13/4199 4612/13/4199 4616/13/4199 
f 4619/13/4190 4620/13/4190 4621/13/4190 
f 4622/13/4190 4620/13/4190 4619/13/4190 
f 4619/13/4179 4623/13/4179 4622/13/4179 
f 4622/13/4179 4623/13/4179 4624/13/4179 
f 4623/13/4192 4625/13/4192 4624/13/4192 
f 4624/13/4192 4625/13/4192 4626/13/4192 
f 4621/13/4164 4626/13/4164 4625/13/4164 
f 4621/13/4164 4620/13/4164 4626/13/4164 
f 4623/13/4200 4619/13/4200 4621/13/4200 
f 4623/13/4200 4621/13/4200 4625/13/4200 
f 4624/13/4201 4620/13/4201 4622/13/4201 
f 4626/13/4201 4620/13/4201 4624/13/4201 
f 4627/13/4202 4628/13/4202 4629/13/4202 
f 4630/13/4202 4628/13/4202 4627/13/4202 
f 4631/13/4179 4630/13/4179 4627/13/4179 
f 4631/13/4179 4632/13/4179 4630/13/4179 
f 4631/13/4203 4633/13/4203 4632/13/4203 
f 4632/13/4203 4633/13/4203 4634/13/4203 
f 4629/13/4164 4634/13/4164 4633/13/4164 
f 4629/13/4164 4628/13/4164 4634/13/4164 
f 4631/13/4204 4627/13/4204 4629/13/4204 
f 4631/13/4204 4629/13/4204 4633/13/4204 
f 4632/13/4205 4628/13/4205 4630/13/4205 
f 4634/13/4205 4628/13/4205 4632/13/4205 
usemtl Material_28
f 4635/13/4192 4636/13/4192 4637/13/4192 
f 4637/13/4192 4636/13/4192 4638/13/4192 
f 4638/13/4192 4636/13/4192 4639/13/4192 
f 4635/13/4192 4640/13/4192 4636/13/4192 
f 4640/13/4192 4641/13/4192 4636/13/4192 
f 4641/13/4192 4642/13/4192 4636/13/4192 
f 4643/13/4192 4644/13/4192 4645/13/4192 
f 4643/13/4192 4645/13/4192 4646/13/4192 
f 4643/13/4192 4646/13/4192 4647/13/4192 
f 4643/13/4192 4648/13/4192 4644/13/4192 
f 4643/13/4192 4649/13/4192 4648/13/4192 
f 4643/13/4192 4650/13/4192 4649/13/4192 
f 4651/13/4206 4652/13/4207 4653/13/4208 
f 4654/13/4209 4652/13/4207 4651/13/4206 
f 4654/13/4210 4655/13/4210 4652/13/4210 
f 4654/13/4211 4656/13/4212 4655/13/4213 
f 4656/13/4212 4657/13/4214 4655/13/4213 
f 4656/13/4212 4658/13/4214 4657/13/4214 
f 4659/13/4215 4660/13/4215 4661/13/4215 
f 4659/13/4215 4662/13/4215 4660/13/4215 
f 4660/13/4216 4662/13/4216 4663/13/4216 
f 4663/13/4216 4662/13/4216 4664/13/4216 
f 4661/13/4217 4665/13/4217 4666/13/4217 
f 4661/13/4217 4666/13/4217 4659/13/4217 
f 4663/13/4218 4661/13/4218 4660/13/4218 
f 4665/13/4218 4661/13/4218 4663/13/4218 
f 4664/13/4219 4662/13/4219 4659/13/4219 
f 4666/13/4219 4664/13/4219 4659/13/4219 
f 4665/13/4220 4663/13/4220 4664/13/4220 
f 4666/13/4220 4665/13/4220 4664/13/4220 
f 4667/13/4221 4668/13/4221 4669/13/4221 
f 4670/13/4221 4668/13/4221 4667/13/4221 
f 4667/13/4179 4671/13/4179 4670/13/4179 
f 4670/13/4179 4671/13/4179 4672/13/4179 
f 4671/13/4222 4673/13/4222 4672/13/4222 
f 4672/13/4222 4673/13/4222 4674/13/4222 
f 4669/13/4164 4674/13/4164 4673/13/4164 
f 4669/13/4164 4668/13/4164 4674/13/4164 
f 4671/13/4223 4667/13/4223 4669/13/4223 
f 4671/13/4223 4669/13/4223 4673/13/4223 
f 4672/13/4224 4668/13/4224 4670/13/4224 
f 4674/13/4224 4668/13/4224 4672/13/4224 
f 4675/13/4225 4676/13/4226 4677/13/4227 
f 4678/13/4228 4675/13/4225 4677/13/4227 
f 4678/13/4229 4677/13/4229 4679/13/4229 
f 4678/13/4230 4679/13/4231 4680/13/4232 
f 4680/13/4232 4679/13/4231 4681/13/4233 
f 4680/13/4232 4681/13/4233 4682/13/4233 
f 4683/13/4234 4684/13/4234 4685/13/4234 
f 4683/13/4234 4686/13/4234 4684/13/4234 
f 4683/13/4235 4687/13/4235 4686/13/4235 
f 4687/13/4235 4688/13/4235 4686/13/4235 
f 4685/13/4236 4689/13/4236 4690/13/4236 
f 4685/13/4236 4684/13/4236 4689/13/4236 
f 4687/13/4237 4683/13/4237 4685/13/4237 
f 4690/13/4237 4687/13/4237 4685/13/4237 
f 4688/13/4238 4684/13/4238 4686/13/4238 
f 4689/13/4238 4684/13/4238 4688/13/4238 
f 4687/13/4239 4690/13/4239 4688/13/4239 
f 4688/13/4239 4690/13/4239 4689/13/4239 
f 4691/13/4221 4692/13/4221 4693/13/4221 
f 4691/13/4221 4694/13/4221 4692/13/4221 
f 4692/13/4164 4694/13/4164 4695/13/4164 
f 4694/13/4164 4696/13/4164 4695/13/4164 
f 4697/13/4222 4695/13/4222 4696/13/4222 
f 4697/13/4222 4696/13/4222 4698/13/4222 
f 4693/13/4179 4697/13/4179 4698/13/4179 
f 4693/13/4179 4698/13/4179 4691/13/4179 
f 4695/13/4223 4693/13/4223 4692/13/4223 
f 4697/13/4223 4693/13/4223 4695/13/4223 
f 4696/13/4224 4694/13/4224 4691/13/4224 
f 4696/13/4224 4691/13/4224 4698/13/4224 
usemtl Material_5
f 4699/13/4240 4635/13/4241 4700/13/4242 
f 4635/13/4241 4637/13/4243 4700/13/4242 
f 4637/13/4244 4701/13/4244 4700/13/4244 
f 4638/13/4244 4701/13/4244 4637/13/4244 
f 4638/13/4245 4702/13/4245 4701/13/4245 
f 4639/13/4245 4702/13/4245 4638/13/4245 
f 4703/13/4246 4702/13/4246 4639/13/4246 
f 4703/13/4247 4639/13/4248 4636/13/4249 
f 4704/13/4250 4703/13/4247 4636/13/4249 
f 4642/13/4251 4704/13/4251 4636/13/4251 
f 4642/13/4252 4705/13/4253 4704/13/4254 
f 4641/13/4255 4705/13/4253 4642/13/4252 
f 4641/13/4256 4706/13/4257 4705/13/4258 
f 4640/13/4259 4706/13/4257 4641/13/4256 
f 4640/13/4260 4699/13/4261 4706/13/4262 
f 4640/13/4260 4635/13/4263 4699/13/4261 
f 4707/13/4264 4708/13/4265 4644/13/4266 
f 4644/13/4266 4708/13/4265 4645/13/4267 
f 4645/13/4245 4708/13/4245 4709/13/4245 
f 4645/13/4245 4709/13/4245 4646/13/4245 
f 4646/13/4244 4709/13/4244 4710/13/4244 
f 4646/13/4244 4710/13/4244 4647/13/4244 
f 4711/13/4268 4647/13/4268 4710/13/4268 
f 4711/13/4269 4643/13/4270 4647/13/4271 
f 4712/13/4272 4643/13/4270 4711/13/4269 
f 4650/13/4273 4643/13/4273 4712/13/4273 
f 4650/13/4274 4712/13/4275 4713/13/4276 
f 4650/13/4274 4713/13/4276 4649/13/4277 
f 4649/13/4278 4713/13/4279 4714/13/4280 
f 4649/13/4278 4714/13/4280 4648/13/4281 
f 4648/13/4282 4714/13/4283 4707/13/4284 
f 4648/13/4282 4707/13/4284 4644/13/4285 
f 4715/13/4286 4716/13/4286 4717/13/4286 
f 4715/13/4287 4718/13/4288 4716/13/4289 
f 4719/13/4290 4720/13/4291 4715/13/4287 
f 4720/13/4291 4718/13/4288 4715/13/4287 
f 4721/13/4292 4722/13/4293 4719/13/4290 
f 4722/13/4293 4720/13/4291 4719/13/4290 
f 4723/13/4294 4724/13/4294 4721/13/4294 
f 4724/13/4295 4722/13/4293 4721/13/4292 
f 4725/13/4296 4726/13/4297 4724/13/4298 
f 4725/13/4296 4724/13/4298 4723/13/4299 
f 4727/13/4300 4726/13/4297 4725/13/4296 
f 4728/13/4301 4727/13/4300 4725/13/4296 
f 4728/13/4302 4729/13/4302 4730/13/4302 
f 4730/13/4303 4727/13/4304 4728/13/4305 
f 4729/13/4306 4731/13/4307 4732/13/4308 
f 4729/13/4306 4732/13/4308 4730/13/4309 
f 4733/13/4310 4731/13/4311 4728/13/4312 
f 4731/13/4311 4729/13/4313 4728/13/4312 
f 4734/13/4314 4717/13/4315 4735/13/4316 
f 4734/13/4314 4715/13/4317 4717/13/4315 
f 4736/13/4318 4715/13/4319 4734/13/4320 
f 4736/13/4318 4719/13/4321 4715/13/4319 
f 4737/13/4322 4719/13/4321 4736/13/4318 
f 4737/13/4322 4721/13/4323 4719/13/4321 
f 4738/13/4324 4723/13/4325 4737/13/4322 
f 4723/13/4325 4721/13/4323 4737/13/4322 
f 4739/13/4326 4725/13/4327 4738/13/4324 
f 4738/13/4324 4725/13/4327 4723/13/4325 
f 4739/13/4326 4733/13/4328 4725/13/4327 
f 4733/13/4328 4728/13/4329 4725/13/4327 
f 4740/13/4330 4717/13/4331 4741/13/4332 
f 4717/13/4333 4716/13/4334 4741/13/4335 
f 4742/13/4336 4743/13/4337 4744/13/4338 
f 4745/13/4339 4743/13/4337 4742/13/4336 
f 4746/13/4340 4747/13/4341 4743/13/4337 
f 4745/13/4339 4746/13/4340 4743/13/4337 
f 4740/13/4330 4741/13/4332 4747/13/4341 
f 4746/13/4340 4740/13/4330 4747/13/4341 
f 4735/13/4316 4717/13/4315 4740/13/4342 
f 4735/13/4316 4740/13/4342 4748/13/4343 
f 4748/13/4343 4746/13/4344 4749/13/4345 
f 4740/13/4342 4746/13/4344 4748/13/4343 
f 4749/13/4345 4745/13/4346 4750/13/4347 
f 4746/13/4344 4745/13/4346 4749/13/4345 
f 4750/13/4348 4745/13/4349 4742/13/4350 
f 4742/13/4336 4744/13/4338 4751/13/4351 
f 4751/13/4351 4744/13/4338 4752/13/4352 
f 4750/13/4348 4742/13/4350 4753/13/4353 
f 4753/13/4353 4742/13/4350 4751/13/4354 
f 4753/13/4353 4751/13/4354 4754/13/4355 
f 4751/13/4356 4752/13/4357 4754/13/4358 
f 4752/13/4357 4755/13/4359 4754/13/4358 
f 4756/13/4360 4757/13/4360 4758/13/4360 
f 4756/13/4361 4758/13/4362 4759/13/4363 
f 4760/13/4364 4756/13/4361 4761/13/4365 
f 4761/13/4365 4756/13/4361 4759/13/4363 
f 4762/13/4366 4760/13/4364 4763/13/4367 
f 4763/13/4367 4760/13/4364 4761/13/4365 
f 4764/13/4368 4762/13/4368 4765/13/4368 
f 4765/13/4369 4762/13/4366 4763/13/4367 
f 4766/13/4370 4765/13/4371 4767/13/4372 
f 4766/13/4370 4764/13/4373 4765/13/4371 
f 4768/13/4374 4766/13/4370 4767/13/4372 
f 4769/13/4375 4766/13/4370 4768/13/4374 
f 4770/13/4376 4771/13/4376 4769/13/4376 
f 4770/13/4377 4769/13/4378 4768/13/4379 
f 4772/13/4380 4773/13/4381 4771/13/4382 
f 4772/13/4380 4771/13/4382 4770/13/4383 
f 4774/13/4384 4769/13/4385 4773/13/4386 
f 4773/13/4386 4769/13/4385 4771/13/4387 
f 4775/13/4388 4776/13/4389 4757/13/4390 
f 4775/13/4388 4757/13/4390 4756/13/4391 
f 4777/13/4392 4775/13/4393 4756/13/4394 
f 4777/13/4392 4756/13/4394 4760/13/4395 
f 4778/13/4396 4777/13/4392 4760/13/4395 
f 4778/13/4396 4760/13/4395 4762/13/4397 
f 4779/13/4398 4778/13/4396 4764/13/4399 
f 4764/13/4399 4778/13/4396 4762/13/4397 
f 4780/13/4400 4779/13/4398 4766/13/4401 
f 4779/13/4398 4764/13/4399 4766/13/4401 
f 4780/13/4400 4766/13/4401 4774/13/4402 
f 4774/13/4402 4766/13/4401 4769/13/4403 
f 4781/13/4404 4757/13/4405 4782/13/4406 
f 4758/13/4407 4757/13/4408 4781/13/4335 
f 4783/13/4409 4784/13/4410 4785/13/4411 
f 4783/13/4409 4786/13/4412 4784/13/4410 
f 4787/13/4413 4788/13/4414 4783/13/4409 
f 4783/13/4409 4788/13/4414 4786/13/4412 
f 4781/13/4404 4782/13/4406 4787/13/4413 
f 4787/13/4413 4782/13/4406 4788/13/4414 
f 4776/13/4389 4782/13/4415 4757/13/4390 
f 4776/13/4389 4789/13/4416 4782/13/4415 
f 4789/13/4416 4790/13/4417 4788/13/4418 
f 4782/13/4415 4789/13/4416 4788/13/4418 
f 4790/13/4417 4791/13/4419 4786/13/4420 
f 4788/13/4418 4790/13/4417 4786/13/4420 
f 4791/13/4421 4784/13/4422 4786/13/4423 
f 4785/13/4411 4784/13/4410 4792/13/4424 
f 4793/13/4425 4785/13/4411 4792/13/4424 
f 4791/13/4421 4794/13/4426 4784/13/4422 
f 4794/13/4426 4792/13/4427 4784/13/4422 
f 4794/13/4426 4795/13/4428 4792/13/4427 
f 4793/13/4429 4792/13/4430 4795/13/4431 
f 4793/13/4429 4795/13/4431 4796/13/4432 
f 4793/13/4429 4755/13/4359 4752/13/4357 
f 4793/13/4429 4796/13/4432 4755/13/4359 
f 4726/13/4297 4767/13/4372 4765/13/4371 
f 4726/13/4297 4765/13/4371 4724/13/4298 
f 4768/13/4374 4726/13/4297 4727/13/4300 
f 4768/13/4374 4767/13/4372 4726/13/4297 
f 4770/13/4377 4768/13/4379 4730/13/4303 
f 4730/13/4303 4768/13/4379 4727/13/4304 
f 4730/13/4309 4732/13/4308 4770/13/4383 
f 4732/13/4308 4772/13/4380 4770/13/4383 
f 4775/13/4433 4735/13/4434 4776/13/4435 
f 4775/13/4433 4734/13/4436 4735/13/4434 
f 4736/13/4436 4734/13/4436 4777/13/4436 
f 4777/13/4436 4734/13/4436 4775/13/4433 
f 4737/13/4437 4777/13/4436 4778/13/4438 
f 4737/13/4437 4736/13/4436 4777/13/4436 
f 4779/13/4439 4738/13/4440 4778/13/4438 
f 4738/13/4440 4737/13/4437 4778/13/4438 
f 4739/13/4441 4738/13/4442 4780/13/4443 
f 4780/13/4443 4738/13/4442 4779/13/4444 
f 4774/13/4445 4739/13/4441 4780/13/4443 
f 4733/13/4446 4739/13/4441 4774/13/4445 
f 4732/13/4447 4731/13/4448 4733/13/4446 
f 4732/13/4447 4733/13/4446 4774/13/4445 
f 4732/13/4447 4774/13/4445 4772/13/4449 
f 4772/13/4449 4774/13/4445 4773/13/4450 
f 4744/13/4338 4785/13/4411 4752/13/4352 
f 4752/13/4352 4785/13/4411 4793/13/4425 
f 4743/13/4337 4783/13/4409 4744/13/4338 
f 4744/13/4338 4783/13/4409 4785/13/4411 
f 4747/13/4341 4787/13/4413 4743/13/4337 
f 4743/13/4337 4787/13/4413 4783/13/4409 
f 4747/13/4341 4741/13/4335 4781/13/4335 
f 4747/13/4341 4781/13/4335 4787/13/4413 
f 4720/13/4291 4759/13/4363 4718/13/4288 
f 4761/13/4365 4759/13/4363 4720/13/4291 
f 4763/13/4451 4761/13/4365 4722/13/4452 
f 4722/13/4452 4761/13/4365 4720/13/4291 
f 4765/13/4371 4763/13/4451 4724/13/4298 
f 4724/13/4298 4763/13/4451 4722/13/4452 
f 4718/13/4288 4758/13/4362 4716/13/4289 
f 4759/13/4363 4758/13/4362 4718/13/4288 
f 4741/13/4335 4716/13/4334 4781/13/4335 
f 4716/13/4334 4758/13/4407 4781/13/4335 
f 4797/13/4286 4798/13/4286 4799/13/4286 
f 4797/13/4287 4800/13/4288 4798/13/4289 
f 4801/13/4290 4802/13/4291 4797/13/4287 
f 4802/13/4291 4800/13/4288 4797/13/4287 
f 4803/13/4292 4804/13/4293 4801/13/4290 
f 4804/13/4293 4802/13/4291 4801/13/4290 
f 4805/13/4294 4806/13/4294 4803/13/4294 
f 4806/13/4295 4804/13/4293 4803/13/4292 
f 4807/13/4296 4808/13/4297 4806/13/4298 
f 4807/13/4296 4806/13/4298 4805/13/4299 
f 4809/13/4300 4808/13/4297 4807/13/4296 
f 4810/13/4301 4809/13/4300 4807/13/4296 
f 4810/13/4302 4811/13/4302 4812/13/4302 
f 4812/13/4303 4809/13/4304 4810/13/4305 
f 4811/13/4306 4813/13/4307 4814/13/4308 
f 4811/13/4306 4814/13/4308 4812/13/4309 
f 4815/13/4310 4813/13/4311 4810/13/4312 
f 4813/13/4311 4811/13/4313 4810/13/4312 
f 4816/13/4314 4799/13/4315 4817/13/4316 
f 4816/13/4314 4797/13/4317 4799/13/4315 
f 4818/13/4318 4797/13/4319 4816/13/4320 
f 4818/13/4318 4801/13/4321 4797/13/4319 
f 4819/13/4322 4801/13/4321 4818/13/4318 
f 4819/13/4322 4803/13/4323 4801/13/4321 
f 4820/13/4324 4805/13/4325 4819/13/4322 
f 4805/13/4325 4803/13/4323 4819/13/4322 
f 4821/13/4326 4807/13/4327 4820/13/4324 
f 4820/13/4324 4807/13/4327 4805/13/4325 
f 4821/13/4326 4815/13/4328 4807/13/4327 
f 4815/13/4328 4810/13/4329 4807/13/4327 
f 4822/13/4330 4799/13/4331 4823/13/4332 
f 4799/13/4333 4798/13/4334 4823/13/4335 
f 4824/13/4336 4825/13/4337 4826/13/4338 
f 4827/13/4339 4825/13/4337 4824/13/4336 
f 4828/13/4340 4829/13/4341 4825/13/4337 
f 4827/13/4339 4828/13/4340 4825/13/4337 
f 4822/13/4330 4823/13/4332 4829/13/4341 
f 4828/13/4340 4822/13/4330 4829/13/4341 
f 4817/13/4316 4799/13/4315 4822/13/4342 
f 4817/13/4316 4822/13/4342 4830/13/4343 
f 4830/13/4343 4828/13/4344 4831/13/4345 
f 4822/13/4342 4828/13/4344 4830/13/4343 
f 4831/13/4345 4827/13/4346 4832/13/4347 
f 4828/13/4344 4827/13/4346 4831/13/4345 
f 4832/13/4348 4827/13/4349 4824/13/4350 
f 4824/13/4336 4826/13/4338 4833/13/4351 
f 4833/13/4351 4826/13/4338 4834/13/4352 
f 4832/13/4348 4824/13/4350 4835/13/4353 
f 4835/13/4353 4824/13/4350 4833/13/4354 
f 4835/13/4353 4833/13/4354 4836/13/4355 
f 4833/13/4356 4834/13/4357 4836/13/4358 
f 4834/13/4357 4837/13/4359 4836/13/4358 
f 4838/13/4360 4839/13/4360 4840/13/4360 
f 4838/13/4361 4840/13/4362 4841/13/4363 
f 4842/13/4364 4838/13/4361 4843/13/4365 
f 4843/13/4365 4838/13/4361 4841/13/4363 
f 4844/13/4366 4842/13/4364 4845/13/4367 
f 4845/13/4367 4842/13/4364 4843/13/4365 
f 4846/13/4368 4844/13/4368 4847/13/4368 
f 4847/13/4369 4844/13/4366 4845/13/4367 
f 4848/13/4370 4847/13/4371 4849/13/4372 
f 4848/13/4370 4846/13/4373 4847/13/4371 
f 4850/13/4374 4848/13/4370 4849/13/4372 
f 4851/13/4375 4848/13/4370 4850/13/4374 
f 4852/13/4376 4853/13/4376 4851/13/4376 
f 4852/13/4377 4851/13/4378 4850/13/4379 
f 4854/13/4380 4855/13/4381 4853/13/4382 
f 4854/13/4380 4853/13/4382 4852/13/4383 
f 4856/13/4384 4851/13/4385 4855/13/4386 
f 4855/13/4386 4851/13/4385 4853/13/4387 
f 4857/13/4388 4858/13/4389 4839/13/4390 
f 4857/13/4388 4839/13/4390 4838/13/4391 
f 4859/13/4392 4857/13/4393 4838/13/4394 
f 4859/13/4392 4838/13/4394 4842/13/4395 
f 4860/13/4396 4859/13/4392 4842/13/4395 
f 4860/13/4396 4842/13/4395 4844/13/4397 
f 4861/13/4398 4860/13/4396 4846/13/4399 
f 4846/13/4399 4860/13/4396 4844/13/4397 
f 4862/13/4400 4861/13/4398 4848/13/4401 
f 4861/13/4398 4846/13/4399 4848/13/4401 
f 4862/13/4400 4848/13/4401 4856/13/4402 
f 4856/13/4402 4848/13/4401 4851/13/4403 
f 4863/13/4404 4839/13/4405 4864/13/4406 
f 4840/13/4407 4839/13/4408 4863/13/4335 
f 4865/13/4409 4866/13/4410 4867/13/4411 
f 4865/13/4409 4868/13/4412 4866/13/4410 
f 4869/13/4413 4870/13/4414 4865/13/4409 
f 4865/13/4409 4870/13/4414 4868/13/4412 
f 4863/13/4404 4864/13/4406 4869/13/4413 
f 4869/13/4413 4864/13/4406 4870/13/4414 
f 4858/13/4389 4864/13/4415 4839/13/4390 
f 4858/13/4389 4871/13/4416 4864/13/4415 
f 4871/13/4416 4872/13/4417 4870/13/4418 
f 4864/13/4415 4871/13/4416 4870/13/4418 
f 4872/13/4417 4873/13/4419 4868/13/4420 
f 4870/13/4418 4872/13/4417 4868/13/4420 
f 4873/13/4421 4866/13/4422 4868/13/4423 
f 4867/13/4411 4866/13/4410 4874/13/4424 
f 4875/13/4425 4867/13/4411 4874/13/4424 
f 4873/13/4421 4876/13/4426 4866/13/4422 
f 4876/13/4426 4874/13/4427 4866/13/4422 
f 4876/13/4426 4877/13/4428 4874/13/4427 
f 4875/13/4429 4874/13/4430 4877/13/4431 
f 4875/13/4429 4877/13/4431 4878/13/4432 
f 4875/13/4429 4837/13/4359 4834/13/4357 
f 4875/13/4429 4878/13/4432 4837/13/4359 
f 4808/13/4297 4849/13/4372 4847/13/4371 
f 4808/13/4297 4847/13/4371 4806/13/4298 
f 4850/13/4374 4808/13/4297 4809/13/4300 
f 4850/13/4374 4849/13/4372 4808/13/4297 
f 4852/13/4377 4850/13/4379 4812/13/4303 
f 4812/13/4303 4850/13/4379 4809/13/4304 
f 4812/13/4309 4814/13/4308 4852/13/4383 
f 4814/13/4308 4854/13/4380 4852/13/4383 
f 4857/13/4433 4817/13/4434 4858/13/4435 
f 4857/13/4433 4816/13/4436 4817/13/4434 
f 4818/13/4436 4816/13/4436 4859/13/4436 
f 4859/13/4436 4816/13/4436 4857/13/4433 
f 4819/13/4437 4859/13/4436 4860/13/4438 
f 4819/13/4437 4818/13/4436 4859/13/4436 
f 4861/13/4439 4820/13/4440 4860/13/4438 
f 4820/13/4440 4819/13/4437 4860/13/4438 
f 4821/13/4441 4820/13/4442 4862/13/4443 
f 4862/13/4443 4820/13/4442 4861/13/4444 
f 4856/13/4445 4821/13/4441 4862/13/4443 
f 4815/13/4446 4821/13/4441 4856/13/4445 
f 4814/13/4447 4813/13/4448 4815/13/4446 
f 4814/13/4447 4815/13/4446 4856/13/4445 
f 4814/13/4447 4856/13/4445 4854/13/4449 
f 4854/13/4449 4856/13/4445 4855/13/4450 
f 4826/13/4338 4867/13/4411 4834/13/4352 
f 4834/13/4352 4867/13/4411 4875/13/4425 
f 4825/13/4337 4865/13/4409 4826/13/4338 
f 4826/13/4338 4865/13/4409 4867/13/4411 
f 4829/13/4341 4869/13/4413 4825/13/4337 
f 4825/13/4337 4869/13/4413 4865/13/4409 
f 4829/13/4341 4823/13/4335 4863/13/4335 
f 4829/13/4341 4863/13/4335 4869/13/4413 
f 4802/13/4291 4841/13/4363 4800/13/4288 
f 4843/13/4365 4841/13/4363 4802/13/4291 
f 4845/13/4451 4843/13/4365 4804/13/4452 
f 4804/13/4452 4843/13/4365 4802/13/4291 
f 4847/13/4371 4845/13/4451 4806/13/4298 
f 4806/13/4298 4845/13/4451 4804/13/4452 
f 4800/13/4288 4840/13/4362 4798/13/4289 
f 4841/13/4363 4840/13/4362 4800/13/4288 
f 4823/13/4335 4798/13/4334 4863/13/4335 
f 4798/13/4334 4840/13/4407 4863/13/4335 
f 4879/13/4453 4880/13/4454 4881/13/4455 
f 4879/13/4453 4882/13/4456 4880/13/4454 
f 4880/13/4457 4882/13/4458 4883/13/4459 
f 4882/13/4458 4884/13/4460 4883/13/4459 
f 4883/13/4461 4884/13/4462 4885/13/4461 
f 4884/13/4462 4886/13/4463 4885/13/4461 
f 4886/13/4464 4887/13/4465 4885/13/4466 
f 4886/13/4464 4888/13/4467 4887/13/4465 
f 4888/13/4468 4889/13/4469 4887/13/4470 
f 4890/13/4471 4889/13/4469 4888/13/4468 
f 4891/13/4472 4889/13/4473 4890/13/4474 
f 4892/13/4475 4891/13/4472 4890/13/4474 
f 4893/13/4476 4891/13/4477 4892/13/4478 
f 4893/13/4476 4892/13/4478 4894/13/4479 
f 4881/13/4480 4893/13/4481 4894/13/4482 
f 4881/13/4480 4894/13/4482 4879/13/4483 
f 4895/13/4484 4896/13/4485 4897/13/4485 
f 4895/13/4484 4898/13/4484 4896/13/4485 
f 4896/13/4486 4898/13/4487 4899/13/4486 
f 4898/13/4487 4900/13/4487 4899/13/4486 
f 4899/13/4488 4900/13/4489 4901/13/4488 
f 4900/13/4489 4902/13/4489 4901/13/4488 
f 4902/13/4490 4903/13/4491 4901/13/4491 
f 4902/13/4490 4904/13/4490 4903/13/4491 
f 4904/13/4492 4905/13/4493 4903/13/4493 
f 4906/13/4492 4905/13/4493 4904/13/4492 
f 4907/13/4494 4905/13/4494 4906/13/4495 
f 4907/13/4494 4906/13/4495 4908/13/4495 
f 4909/13/4496 4907/13/4496 4908/13/4497 
f 4909/13/4496 4908/13/4497 4910/13/4497 
f 4910/13/4498 4897/13/4499 4909/13/4499 
f 4895/13/4498 4897/13/4499 4910/13/4498 
f 4911/13/4500 4898/13/4484 4895/13/4484 
f 4911/13/4500 4912/13/4501 4898/13/4484 
f 4898/13/4487 4912/13/4502 4900/13/4487 
f 4900/13/4487 4912/13/4502 4913/13/4503 
f 4900/13/4489 4913/13/4504 4902/13/4489 
f 4902/13/4489 4913/13/4504 4914/13/4505 
f 4914/13/4506 4904/13/4490 4902/13/4490 
f 4914/13/4506 4915/13/4507 4904/13/4490 
f 4915/13/4508 4906/13/4492 4904/13/4492 
f 4916/13/4509 4906/13/4492 4915/13/4508 
f 4908/13/4495 4906/13/4495 4916/13/4510 
f 4908/13/4495 4916/13/4510 4917/13/4511 
f 4910/13/4497 4908/13/4497 4917/13/4512 
f 4910/13/4497 4917/13/4512 4918/13/4513 
f 4918/13/4514 4895/13/4498 4910/13/4498 
f 4911/13/4515 4895/13/4498 4918/13/4514 
f 4919/13/4516 4912/13/4501 4911/13/4500 
f 4919/13/4516 4920/13/4517 4912/13/4501 
f 4912/13/4502 4920/13/4518 4913/13/4503 
f 4913/13/4503 4920/13/4518 4921/13/4519 
f 4913/13/4504 4921/13/4520 4914/13/4505 
f 4914/13/4505 4921/13/4520 4922/13/4521 
f 4922/13/4522 4915/13/4507 4914/13/4506 
f 4922/13/4522 4923/13/4523 4915/13/4507 
f 4923/13/4524 4916/13/4509 4915/13/4508 
f 4924/13/4525 4916/13/4509 4923/13/4524 
f 4917/13/4511 4916/13/4510 4924/13/4526 
f 4917/13/4511 4924/13/4526 4925/13/4527 
f 4918/13/4513 4917/13/4512 4925/13/4528 
f 4918/13/4513 4925/13/4528 4926/13/4529 
f 4926/13/4530 4911/13/4515 4918/13/4514 
f 4919/13/4531 4911/13/4515 4926/13/4530 
f 4927/13/4532 4920/13/4517 4919/13/4516 
f 4927/13/4532 4928/13/4533 4920/13/4517 
f 4920/13/4518 4928/13/4534 4921/13/4519 
f 4921/13/4519 4928/13/4534 4929/13/4535 
f 4921/13/4520 4929/13/4536 4922/13/4521 
f 4922/13/4521 4929/13/4536 4930/13/4537 
f 4930/13/4538 4923/13/4523 4922/13/4522 
f 4930/13/4538 4931/13/4539 4923/13/4523 
f 4931/13/4540 4924/13/4525 4923/13/4524 
f 4932/13/4541 4924/13/4525 4931/13/4540 
f 4925/13/4527 4924/13/4526 4932/13/4542 
f 4925/13/4527 4932/13/4542 4933/13/4543 
f 4926/13/4529 4925/13/4528 4933/13/4544 
f 4926/13/4529 4933/13/4544 4934/13/4545 
f 4934/13/4546 4919/13/4531 4926/13/4530 
f 4927/13/4547 4919/13/4531 4934/13/4546 
f 4928/13/4533 4927/13/4532 4935/13/4548 
f 4936/13/4549 4928/13/4533 4935/13/4548 
f 4928/13/4534 4936/13/4550 4929/13/4535 
f 4929/13/4535 4936/13/4550 4937/13/4551 
f 4929/13/4536 4937/13/4552 4930/13/4537 
f 4930/13/4537 4937/13/4552 4938/13/4553 
f 4938/13/4554 4931/13/4539 4930/13/4538 
f 4938/13/4554 4939/13/4555 4931/13/4539 
f 4939/13/4556 4932/13/4541 4931/13/4540 
f 4939/13/4556 4940/13/4557 4932/13/4541 
f 4933/13/4543 4932/13/4542 4940/13/4558 
f 4933/13/4543 4940/13/4558 4941/13/4559 
f 4934/13/4545 4933/13/4544 4941/13/4560 
f 4934/13/4545 4941/13/4560 4942/13/4561 
f 4927/13/4547 4934/13/4546 4942/13/4562 
f 4935/13/4563 4927/13/4547 4942/13/4562 
f 4936/13/4549 4935/13/4548 4943/13/4564 
f 4944/13/4565 4936/13/4549 4943/13/4564 
f 4936/13/4550 4944/13/4566 4937/13/4551 
f 4937/13/4551 4944/13/4566 4945/13/4567 
f 4937/13/4552 4945/13/4568 4938/13/4553 
f 4938/13/4553 4945/13/4568 4946/13/4569 
f 4946/13/4570 4939/13/4555 4938/13/4554 
f 4946/13/4570 4947/13/4571 4939/13/4555 
f 4947/13/4572 4940/13/4557 4939/13/4556 
f 4947/13/4572 4948/13/4573 4940/13/4557 
f 4941/13/4559 4940/13/4558 4948/13/4574 
f 4941/13/4559 4948/13/4574 4949/13/4575 
f 4942/13/4561 4941/13/4560 4949/13/4576 
f 4942/13/4561 4949/13/4576 4950/13/4577 
f 4935/13/4563 4942/13/4562 4950/13/4578 
f 4943/13/4579 4935/13/4563 4950/13/4578 
f 4944/13/4565 4943/13/4564 4951/13/4580 
f 4952/13/4580 4944/13/4565 4951/13/4580 
f 4944/13/4566 4952/13/4581 4945/13/4567 
f 4945/13/4567 4952/13/4581 4953/13/4581 
f 4945/13/4568 4953/13/4582 4946/13/4569 
f 4946/13/4569 4953/13/4582 4954/13/4582 
f 4954/13/4583 4947/13/4571 4946/13/4570 
f 4954/13/4583 4955/13/4583 4947/13/4571 
f 4955/13/4584 4948/13/4573 4947/13/4572 
f 4955/13/4584 4956/13/4584 4948/13/4573 
f 4949/13/4575 4948/13/4574 4956/13/4585 
f 4949/13/4575 4956/13/4585 4957/13/4585 
f 4950/13/4577 4949/13/4576 4957/13/4586 
f 4950/13/4577 4957/13/4586 4958/13/4586 
f 4943/13/4579 4950/13/4578 4958/13/4587 
f 4951/13/4587 4943/13/4579 4958/13/4587 
f 4952/13/4580 4951/13/4580 4959/13/4588 
f 4960/13/4588 4952/13/4580 4959/13/4588 
f 4952/13/4581 4960/13/4589 4953/13/4581 
f 4953/13/4581 4960/13/4589 4961/13/4589 
f 4953/13/4582 4961/13/4590 4954/13/4582 
f 4954/13/4582 4961/13/4590 4962/13/4590 
f 4962/13/4591 4955/13/4583 4954/13/4583 
f 4962/13/4591 4963/13/4591 4955/13/4583 
f 4963/13/4592 4956/13/4584 4955/13/4584 
f 4963/13/4592 4964/13/4592 4956/13/4584 
f 4957/13/4585 4956/13/4585 4964/13/4593 
f 4957/13/4585 4964/13/4593 4965/13/4593 
f 4958/13/4586 4957/13/4586 4965/13/4594 
f 4958/13/4586 4965/13/4594 4966/13/4594 
f 4951/13/4587 4958/13/4587 4966/13/4595 
f 4959/13/4595 4951/13/4587 4966/13/4595 
f 4960/13/4588 4959/13/4588 4967/13/4596 
f 4968/13/4596 4960/13/4588 4967/13/4596 
f 4961/13/4589 4960/13/4589 4968/13/4597 
f 4961/13/4589 4968/13/4597 4969/13/4597 
f 4961/13/4590 4969/13/4598 4962/13/4590 
f 4962/13/4590 4969/13/4598 4970/13/4598 
f 4970/13/4599 4963/13/4591 4962/13/4591 
f 4970/13/4599 4971/13/4599 4963/13/4591 
f 4971/13/4600 4964/13/4592 4963/13/4592 
f 4971/13/4600 4972/13/4600 4964/13/4592 
f 4964/13/4593 4972/13/4601 4965/13/4593 
f 4965/13/4593 4972/13/4601 4973/13/4601 
f 4966/13/4594 4965/13/4594 4973/13/4602 
f 4966/13/4594 4973/13/4602 4974/13/4602 
f 4959/13/4595 4966/13/4595 4974/13/4603 
f 4967/13/4603 4959/13/4595 4974/13/4603 
f 4968/13/4596 4967/13/4596 4975/13/4604 
f 4976/13/4605 4968/13/4596 4975/13/4604 
f 4969/13/4597 4968/13/4597 4976/13/4606 
f 4969/13/4597 4976/13/4606 4977/13/4607 
f 4970/13/4598 4969/13/4598 4977/13/4608 
f 4970/13/4598 4977/13/4608 4978/13/4609 
f 4978/13/4610 4971/13/4599 4970/13/4599 
f 4978/13/4610 4979/13/4611 4971/13/4599 
f 4979/13/4612 4972/13/4600 4971/13/4600 
f 4979/13/4612 4980/13/4613 4972/13/4600 
f 4972/13/4601 4980/13/4614 4973/13/4601 
f 4973/13/4601 4980/13/4614 4981/13/4615 
f 4973/13/4602 4981/13/4616 4974/13/4602 
f 4974/13/4602 4981/13/4616 4982/13/4617 
f 4967/13/4603 4974/13/4603 4982/13/4618 
f 4975/13/4619 4967/13/4603 4982/13/4618 
f 4976/13/4605 4975/13/4604 4983/13/4620 
f 4984/13/4621 4976/13/4605 4983/13/4620 
f 4977/13/4607 4976/13/4606 4984/13/4622 
f 4977/13/4607 4984/13/4622 4985/13/4623 
f 4978/13/4609 4977/13/4608 4985/13/4624 
f 4978/13/4609 4985/13/4624 4986/13/4625 
f 4986/13/4626 4979/13/4611 4978/13/4610 
f 4986/13/4626 4987/13/4627 4979/13/4611 
f 4987/13/4628 4980/13/4613 4979/13/4612 
f 4987/13/4628 4988/13/4629 4980/13/4613 
f 4980/13/4614 4988/13/4630 4981/13/4615 
f 4981/13/4615 4988/13/4630 4989/13/4631 
f 4981/13/4616 4989/13/4632 4982/13/4617 
f 4982/13/4617 4989/13/4632 4990/13/4633 
f 4975/13/4619 4982/13/4618 4990/13/4634 
f 4983/13/4635 4975/13/4619 4990/13/4634 
f 4984/13/4621 4983/13/4620 4991/13/4636 
f 4992/13/4637 4984/13/4621 4991/13/4636 
f 4985/13/4623 4984/13/4622 4992/13/4638 
f 4985/13/4623 4992/13/4638 4993/13/4639 
f 4986/13/4625 4985/13/4624 4993/13/4640 
f 4986/13/4625 4993/13/4640 4994/13/4641 
f 4994/13/4642 4987/13/4627 4986/13/4626 
f 4994/13/4642 4995/13/4643 4987/13/4627 
f 4995/13/4644 4988/13/4629 4987/13/4628 
f 4995/13/4644 4996/13/4645 4988/13/4629 
f 4988/13/4630 4996/13/4646 4989/13/4631 
f 4989/13/4631 4996/13/4646 4997/13/4647 
f 4989/13/4632 4997/13/4648 4990/13/4633 
f 4990/13/4633 4997/13/4648 4998/13/4649 
f 4983/13/4635 4990/13/4634 4998/13/4650 
f 4991/13/4651 4983/13/4635 4998/13/4650 
f 4991/13/4636 4999/13/4652 4992/13/4637 
f 4992/13/4637 4999/13/4652 5000/13/4653 
f 4993/13/4639 4992/13/4638 5000/13/4654 
f 4993/13/4639 5000/13/4654 5001/13/4655 
f 4994/13/4641 4993/13/4640 5001/13/4656 
f 4994/13/4641 5001/13/4656 5002/13/4657 
f 4994/13/4642 5002/13/4658 4995/13/4643 
f 4995/13/4643 5002/13/4658 5003/13/4659 
f 4996/13/4645 4995/13/4644 5003/13/4660 
f 4996/13/4645 5003/13/4660 5004/13/4661 
f 4996/13/4646 5004/13/4662 4997/13/4647 
f 4997/13/4647 5004/13/4662 5005/13/4663 
f 4997/13/4648 5005/13/4664 4998/13/4649 
f 4998/13/4649 5005/13/4664 5006/13/4665 
f 4991/13/4651 4998/13/4650 5006/13/4666 
f 4991/13/4651 5006/13/4666 4999/13/4667 
f 4999/13/4652 5007/13/4668 5000/13/4653 
f 5000/13/4653 5007/13/4668 5008/13/4669 
f 5001/13/4655 5000/13/4654 5008/13/4670 
f 5001/13/4655 5008/13/4670 5009/13/4671 
f 5002/13/4657 5001/13/4656 5009/13/4672 
f 5002/13/4657 5009/13/4672 5010/13/4673 
f 5002/13/4658 5010/13/4674 5003/13/4659 
f 5003/13/4659 5010/13/4674 5011/13/4675 
f 5004/13/4661 5003/13/4660 5011/13/4676 
f 5004/13/4661 5011/13/4676 5012/13/4677 
f 5004/13/4662 5012/13/4678 5005/13/4663 
f 5005/13/4663 5012/13/4678 5013/13/4679 
f 5005/13/4664 5013/13/4680 5006/13/4665 
f 5006/13/4665 5013/13/4680 5014/13/4681 
f 4999/13/4667 5006/13/4666 5014/13/4682 
f 4999/13/4667 5014/13/4682 5007/13/4683 
f 5007/13/4668 5015/13/4684 5008/13/4669 
f 5008/13/4669 5015/13/4684 5016/13/4684 
f 5009/13/4671 5008/13/4670 5016/13/4685 
f 5009/13/4671 5016/13/4685 5017/13/4685 
f 5010/13/4673 5009/13/4672 5017/13/4686 
f 5010/13/4673 5017/13/4686 5018/13/4686 
f 5010/13/4674 5018/13/4687 5011/13/4675 
f 5011/13/4675 5018/13/4687 5019/13/4687 
f 5012/13/4677 5011/13/4676 5019/13/4688 
f 5012/13/4677 5019/13/4688 5020/13/4688 
f 5012/13/4678 5020/13/4689 5013/13/4679 
f 5013/13/4679 5020/13/4689 5021/13/4689 
f 5013/13/4680 5021/13/4690 5014/13/4681 
f 5014/13/4681 5021/13/4690 5022/13/4690 
f 5007/13/4683 5014/13/4682 5022/13/4691 
f 5007/13/4683 5022/13/4691 5015/13/4691 
f 5015/13/4684 5023/13/4491 5016/13/4684 
f 5016/13/4684 5023/13/4491 5024/13/4491 
f 5017/13/4685 5016/13/4685 5024/13/4488 
f 5017/13/4685 5024/13/4488 5025/13/4488 
f 5018/13/4686 5017/13/4686 5025/13/4486 
f 5018/13/4686 5025/13/4486 5026/13/4486 
f 5018/13/4687 5026/13/4485 5019/13/4687 
f 5019/13/4687 5026/13/4485 5027/13/4485 
f 5020/13/4688 5019/13/4688 5027/13/4499 
f 5020/13/4688 5027/13/4499 5028/13/4499 
f 5020/13/4689 5028/13/4496 5021/13/4689 
f 5028/13/4496 5029/13/4496 5021/13/4689 
f 5021/13/4690 5029/13/4494 5022/13/4690 
f 5029/13/4494 5030/13/4494 5022/13/4690 
f 5015/13/4691 5022/13/4691 5030/13/4493 
f 5015/13/4691 5030/13/4493 5023/13/4493 
f 5023/13/4491 5031/13/4490 5024/13/4491 
f 5024/13/4491 5031/13/4490 5032/13/4490 
f 5025/13/4488 5024/13/4488 5032/13/4489 
f 5033/13/4489 5025/13/4488 5032/13/4489 
f 5026/13/4486 5025/13/4486 5033/13/4487 
f 5034/13/4487 5026/13/4486 5033/13/4487 
f 5026/13/4485 5034/13/4484 5027/13/4485 
f 5027/13/4485 5034/13/4484 5035/13/4484 
f 5027/13/4499 5035/13/4498 5028/13/4499 
f 5028/13/4499 5035/13/4498 5036/13/4498 
f 5036/13/4497 5029/13/4496 5028/13/4496 
f 5036/13/4497 5037/13/4497 5029/13/4496 
f 5037/13/4495 5030/13/4494 5029/13/4494 
f 5037/13/4495 5038/13/4495 5030/13/4494 
f 5030/13/4493 5038/13/4492 5023/13/4493 
f 5023/13/4493 5038/13/4492 5031/13/4492 
f 5032/13/4490 5031/13/4490 5039/13/4506 
f 5032/13/4490 5039/13/4506 5040/13/4507 
f 5040/13/4504 5033/13/4489 5032/13/4489 
f 5041/13/4505 5033/13/4489 5040/13/4504 
f 5041/13/4502 5034/13/4487 5033/13/4487 
f 5042/13/4503 5034/13/4487 5041/13/4502 
f 5035/13/4484 5034/13/4484 5042/13/4500 
f 5035/13/4484 5042/13/4500 5043/13/4501 
f 5035/13/4498 5043/13/4514 5036/13/4498 
f 5036/13/4498 5043/13/4514 5044/13/4515 
f 5044/13/4512 5037/13/4497 5036/13/4497 
f 5044/13/4512 5045/13/4513 5037/13/4497 
f 5045/13/4510 5038/13/4495 5037/13/4495 
f 5045/13/4510 5046/13/4511 5038/13/4495 
f 5038/13/4492 5046/13/4508 5031/13/4492 
f 5031/13/4492 5046/13/4508 5039/13/4509 
f 5040/13/4507 5039/13/4506 5047/13/4522 
f 5040/13/4507 5047/13/4522 5048/13/4523 
f 5048/13/4520 5041/13/4505 5040/13/4504 
f 5049/13/4521 5041/13/4505 5048/13/4520 
f 5049/13/4518 5042/13/4503 5041/13/4502 
f 5050/13/4519 5042/13/4503 5049/13/4518 
f 5043/13/4501 5042/13/4500 5050/13/4516 
f 5043/13/4501 5050/13/4516 5051/13/4517 
f 5043/13/4514 5051/13/4530 5044/13/4515 
f 5044/13/4515 5051/13/4530 5052/13/4531 
f 5052/13/4528 5045/13/4513 5044/13/4512 
f 5052/13/4528 5053/13/4529 5045/13/4513 
f 5053/13/4526 5046/13/4511 5045/13/4510 
f 5053/13/4526 5054/13/4527 5046/13/4511 
f 5046/13/4508 5054/13/4524 5039/13/4509 
f 5039/13/4509 5054/13/4524 5047/13/4525 
f 5048/13/4523 5047/13/4522 5055/13/4538 
f 5048/13/4523 5055/13/4538 5056/13/4539 
f 5056/13/4536 5049/13/4521 5048/13/4520 
f 5057/13/4537 5049/13/4521 5056/13/4536 
f 5057/13/4534 5050/13/4519 5049/13/4518 
f 5058/13/4535 5050/13/4519 5057/13/4534 
f 5051/13/4517 5050/13/4516 5058/13/4532 
f 5051/13/4517 5058/13/4532 5059/13/4533 
f 5051/13/4530 5059/13/4546 5052/13/4531 
f 5052/13/4531 5059/13/4546 5060/13/4547 
f 5060/13/4544 5053/13/4529 5052/13/4528 
f 5060/13/4544 5061/13/4545 5053/13/4529 
f 5061/13/4542 5054/13/4527 5053/13/4526 
f 5061/13/4542 5062/13/4543 5054/13/4527 
f 5054/13/4524 5062/13/4540 5047/13/4525 
f 5047/13/4525 5062/13/4540 5055/13/4541 
f 5056/13/4539 5055/13/4538 5063/13/4554 
f 5056/13/4539 5063/13/4554 5064/13/4555 
f 5064/13/4552 5057/13/4537 5056/13/4536 
f 5065/13/4553 5057/13/4537 5064/13/4552 
f 5065/13/4550 5058/13/4535 5057/13/4534 
f 5066/13/4551 5058/13/4535 5065/13/4550 
f 5058/13/4532 5066/13/4548 5059/13/4533 
f 5066/13/4548 5067/13/4549 5059/13/4533 
f 5059/13/4546 5067/13/4562 5060/13/4547 
f 5067/13/4562 5068/13/4563 5060/13/4547 
f 5068/13/4560 5061/13/4545 5060/13/4544 
f 5068/13/4560 5069/13/4561 5061/13/4545 
f 5069/13/4558 5062/13/4543 5061/13/4542 
f 5069/13/4558 5070/13/4559 5062/13/4543 
f 5055/13/4541 5062/13/4540 5070/13/4556 
f 5055/13/4541 5070/13/4556 5063/13/4557 
f 5064/13/4555 5063/13/4554 5071/13/4570 
f 5064/13/4555 5071/13/4570 5072/13/4571 
f 5072/13/4568 5065/13/4553 5064/13/4552 
f 5073/13/4569 5065/13/4553 5072/13/4568 
f 5073/13/4566 5066/13/4551 5065/13/4550 
f 5074/13/4567 5066/13/4551 5073/13/4566 
f 5066/13/4548 5074/13/4564 5067/13/4549 
f 5074/13/4564 5075/13/4565 5067/13/4549 
f 5067/13/4562 5075/13/4578 5068/13/4563 
f 5075/13/4578 5076/13/4579 5068/13/4563 
f 5076/13/4576 5069/13/4561 5068/13/4560 
f 5076/13/4576 5077/13/4577 5069/13/4561 
f 5077/13/4574 5070/13/4559 5069/13/4558 
f 5077/13/4574 5078/13/4575 5070/13/4559 
f 5063/13/4557 5070/13/4556 5078/13/4572 
f 5063/13/4557 5078/13/4572 5071/13/4573 
f 5072/13/4571 5071/13/4570 5079/13/4583 
f 5072/13/4571 5079/13/4583 5080/13/4583 
f 5080/13/4582 5073/13/4569 5072/13/4568 
f 5081/13/4582 5073/13/4569 5080/13/4582 
f 5081/13/4581 5074/13/4567 5073/13/4566 
f 5082/13/4581 5074/13/4567 5081/13/4581 
f 5074/13/4564 5082/13/4580 5075/13/4565 
f 5082/13/4580 5083/13/4580 5075/13/4565 
f 5075/13/4578 5083/13/4587 5076/13/4579 
f 5083/13/4587 5084/13/4587 5076/13/4579 
f 5084/13/4586 5077/13/4577 5076/13/4576 
f 5084/13/4586 5085/13/4586 5077/13/4577 
f 5085/13/4585 5078/13/4575 5077/13/4574 
f 5085/13/4585 5086/13/4585 5078/13/4575 
f 5071/13/4573 5078/13/4572 5086/13/4584 
f 5071/13/4573 5086/13/4584 5079/13/4584 
f 5080/13/4583 5079/13/4583 5087/13/4591 
f 5080/13/4583 5087/13/4591 5088/13/4591 
f 5088/13/4590 5081/13/4582 5080/13/4582 
f 5089/13/4590 5081/13/4582 5088/13/4590 
f 5089/13/4589 5082/13/4581 5081/13/4581 
f 5089/13/4589 5090/13/4589 5082/13/4581 
f 5082/13/4580 5090/13/4588 5083/13/4580 
f 5090/13/4588 5091/13/4588 5083/13/4580 
f 5083/13/4587 5091/13/4595 5084/13/4587 
f 5091/13/4595 5092/13/4595 5084/13/4587 
f 5092/13/4594 5085/13/4586 5084/13/4586 
f 5092/13/4594 5093/13/4594 5085/13/4586 
f 5093/13/4593 5086/13/4585 5085/13/4585 
f 5094/13/4593 5086/13/4585 5093/13/4593 
f 5079/13/4584 5086/13/4584 5094/13/4592 
f 5079/13/4584 5094/13/4592 5087/13/4592 
f 5088/13/4591 5087/13/4591 5095/13/4599 
f 5088/13/4591 5095/13/4599 5096/13/4599 
f 5096/13/4598 5089/13/4590 5088/13/4590 
f 5096/13/4598 5097/13/4598 5089/13/4590 
f 5097/13/4597 5090/13/4589 5089/13/4589 
f 5097/13/4597 5098/13/4597 5090/13/4589 
f 5090/13/4588 5098/13/4596 5091/13/4588 
f 5098/13/4596 5099/13/4596 5091/13/4588 
f 5091/13/4595 5099/13/4603 5092/13/4595 
f 5099/13/4603 5100/13/4603 5092/13/4595 
f 5100/13/4602 5093/13/4594 5092/13/4594 
f 5101/13/4602 5093/13/4594 5100/13/4602 
f 5101/13/4601 5094/13/4593 5093/13/4593 
f 5102/13/4601 5094/13/4593 5101/13/4601 
f 5087/13/4592 5094/13/4592 5102/13/4600 
f 5087/13/4592 5102/13/4600 5095/13/4600 
f 5096/13/4599 5095/13/4599 5103/13/4610 
f 5096/13/4599 5103/13/4610 5104/13/4611 
f 5104/13/4608 5097/13/4598 5096/13/4598 
f 5104/13/4608 5105/13/4609 5097/13/4598 
f 5105/13/4606 5098/13/4597 5097/13/4597 
f 5105/13/4606 5106/13/4607 5098/13/4597 
f 5098/13/4596 5106/13/4604 5099/13/4596 
f 5106/13/4604 5107/13/4605 5099/13/4596 
f 5099/13/4603 5107/13/4618 5100/13/4603 
f 5107/13/4618 5108/13/4619 5100/13/4603 
f 5108/13/4616 5101/13/4602 5100/13/4602 
f 5109/13/4617 5101/13/4602 5108/13/4616 
f 5109/13/4614 5102/13/4601 5101/13/4601 
f 5110/13/4615 5102/13/4601 5109/13/4614 
f 5095/13/4600 5102/13/4600 5110/13/4612 
f 5095/13/4600 5110/13/4612 5103/13/4613 
f 5104/13/4611 5103/13/4610 5111/13/4626 
f 5104/13/4611 5111/13/4626 5112/13/4627 
f 5112/13/4624 5105/13/4609 5104/13/4608 
f 5112/13/4624 5113/13/4625 5105/13/4609 
f 5113/13/4622 5106/13/4607 5105/13/4606 
f 5113/13/4622 5114/13/4623 5106/13/4607 
f 5106/13/4604 5114/13/4620 5107/13/4605 
f 5114/13/4620 5115/13/4621 5107/13/4605 
f 5107/13/4618 5115/13/4634 5108/13/4619 
f 5115/13/4634 5116/13/4635 5108/13/4619 
f 5116/13/4632 5109/13/4617 5108/13/4616 
f 5117/13/4633 5109/13/4617 5116/13/4632 
f 5117/13/4630 5110/13/4615 5109/13/4614 
f 5118/13/4631 5110/13/4615 5117/13/4630 
f 5103/13/4613 5110/13/4612 5118/13/4628 
f 5103/13/4613 5118/13/4628 5111/13/4629 
f 5112/13/4627 5111/13/4626 5119/13/4642 
f 5112/13/4627 5119/13/4642 5120/13/4643 
f 5120/13/4640 5113/13/4625 5112/13/4624 
f 5120/13/4640 5121/13/4641 5113/13/4625 
f 5121/13/4638 5114/13/4623 5113/13/4622 
f 5121/13/4638 5122/13/4639 5114/13/4623 
f 5114/13/4620 5122/13/4636 5115/13/4621 
f 5122/13/4636 5123/13/4637 5115/13/4621 
f 5115/13/4634 5123/13/4650 5116/13/4635 
f 5123/13/4650 5124/13/4651 5116/13/4635 
f 5124/13/4648 5117/13/4633 5116/13/4632 
f 5125/13/4649 5117/13/4633 5124/13/4648 
f 5125/13/4646 5118/13/4631 5117/13/4630 
f 5126/13/4647 5118/13/4631 5125/13/4646 
f 5111/13/4629 5118/13/4628 5126/13/4644 
f 5111/13/4629 5126/13/4644 5119/13/4645 
f 5127/13/4658 5120/13/4643 5119/13/4642 
f 5128/13/4659 5120/13/4643 5127/13/4658 
f 5128/13/4656 5121/13/4641 5120/13/4640 
f 5128/13/4656 5129/13/4657 5121/13/4641 
f 5129/13/4654 5122/13/4639 5121/13/4638 
f 5129/13/4654 5130/13/4655 5122/13/4639 
f 5130/13/4652 5123/13/4637 5122/13/4636 
f 5131/13/4653 5123/13/4637 5130/13/4652 
f 5131/13/4666 5124/13/4651 5123/13/4650 
f 5131/13/4666 5132/13/4667 5124/13/4651 
f 5132/13/4664 5125/13/4649 5124/13/4648 
f 5133/13/4665 5125/13/4649 5132/13/4664 
f 5133/13/4662 5126/13/4647 5125/13/4646 
f 5134/13/4663 5126/13/4647 5133/13/4662 
f 5134/13/4660 5119/13/4645 5126/13/4644 
f 5134/13/4660 5127/13/4661 5119/13/4645 
f 5135/13/4674 5128/13/4659 5127/13/4658 
f 5136/13/4675 5128/13/4659 5135/13/4674 
f 5136/13/4672 5129/13/4657 5128/13/4656 
f 5136/13/4672 5137/13/4673 5129/13/4657 
f 5137/13/4670 5130/13/4655 5129/13/4654 
f 5137/13/4670 5138/13/4671 5130/13/4655 
f 5138/13/4668 5131/13/4653 5130/13/4652 
f 5139/13/4669 5131/13/4653 5138/13/4668 
f 5139/13/4682 5132/13/4667 5131/13/4666 
f 5139/13/4682 5140/13/4683 5132/13/4667 
f 5140/13/4680 5133/13/4665 5132/13/4664 
f 5141/13/4681 5133/13/4665 5140/13/4680 
f 5141/13/4678 5134/13/4663 5133/13/4662 
f 5142/13/4679 5134/13/4663 5141/13/4678 
f 5142/13/4676 5127/13/4661 5134/13/4660 
f 5142/13/4676 5135/13/4677 5127/13/4661 
f 5143/13/4687 5136/13/4675 5135/13/4674 
f 5144/13/4687 5136/13/4675 5143/13/4687 
f 5144/13/4686 5137/13/4673 5136/13/4672 
f 5144/13/4686 5145/13/4686 5137/13/4673 
f 5145/13/4685 5138/13/4671 5137/13/4670 
f 5145/13/4685 5146/13/4685 5138/13/4671 
f 5146/13/4684 5139/13/4669 5138/13/4668 
f 5147/13/4684 5139/13/4669 5146/13/4684 
f 5147/13/4691 5140/13/4683 5139/13/4682 
f 5147/13/4691 5148/13/4691 5140/13/4683 
f 5148/13/4690 5141/13/4681 5140/13/4680 
f 5149/13/4690 5141/13/4681 5148/13/4690 
f 5149/13/4689 5142/13/4679 5141/13/4678 
f 5150/13/4689 5142/13/4679 5149/13/4689 
f 5150/13/4688 5135/13/4677 5142/13/4676 
f 5150/13/4688 5143/13/4688 5135/13/4677 
f 4897/13/4485 5144/13/4687 5143/13/4687 
f 4896/13/4485 5144/13/4687 4897/13/4485 
f 4896/13/4486 5145/13/4686 5144/13/4686 
f 4896/13/4486 4899/13/4486 5145/13/4686 
f 4899/13/4488 5146/13/4685 5145/13/4685 
f 4899/13/4488 4901/13/4488 5146/13/4685 
f 4901/13/4491 5147/13/4684 5146/13/4684 
f 4903/13/4491 5147/13/4684 4901/13/4491 
f 4903/13/4493 5148/13/4691 5147/13/4691 
f 4905/13/4493 5148/13/4691 4903/13/4493 
f 5149/13/4690 5148/13/4690 4905/13/4494 
f 4907/13/4494 5149/13/4690 4905/13/4494 
f 5150/13/4689 5149/13/4689 4907/13/4496 
f 4909/13/4496 5150/13/4689 4907/13/4496 
f 4909/13/4499 5143/13/4688 5150/13/4688 
f 4897/13/4499 5143/13/4688 4909/13/4499 
f 4955/13/4692 4963/13/4693 5151/13/4694 
f 5151/13/4694 4963/13/4693 5152/13/4695 
f 4963/13/4693 4971/13/4696 5152/13/4695 
f 4971/13/4696 5153/13/4697 5154/13/4698 
f 4971/13/4696 4979/13/4699 5153/13/4697 
f 5152/13/4695 4971/13/4696 5154/13/4698 
f 5155/13/4700 5152/13/4695 5156/13/4701 
f 5152/13/4695 5154/13/4698 5156/13/4701 
f 5157/13/4702 5155/13/4700 5158/13/4702 
f 5155/13/4700 5156/13/4701 5158/13/4702 
f 5159/13/4702 5157/13/4702 5160/13/4702 
f 5157/13/4702 5158/13/4702 5160/13/4702 
f 5161/13/4702 5159/13/4702 5162/13/4702 
f 5159/13/4702 5160/13/4702 5162/13/4702 
f 5163/13/4702 5162/13/4702 5164/13/4702 
f 5161/13/4702 5162/13/4702 5163/13/4702 
f 5165/13/4702 5164/13/4702 5166/13/4702 
f 5163/13/4702 5164/13/4702 5165/13/4702 
f 5162/13/4702 5167/13/4702 5168/13/4702 
f 5164/13/4702 5162/13/4702 5168/13/4702 
f 5165/13/4702 5169/13/4702 5170/13/4702 
f 5165/13/4702 5166/13/4702 5169/13/4702 
f 5170/13/4702 5171/13/4703 5172/13/4704 
f 5170/13/4702 5169/13/4702 5171/13/4703 
f 5173/13/4705 5171/13/4703 5174/13/4706 
f 5172/13/4704 5171/13/4703 5173/13/4705 
f 5175/13/4707 5173/13/4705 5091/13/4708 
f 5099/13/4709 5175/13/4707 5091/13/4708 
f 5091/13/4708 5173/13/4705 5083/13/4710 
f 5173/13/4705 5174/13/4706 5083/13/4710 
f 5083/13/4710 5174/13/4706 5176/13/4711 
f 5083/13/4710 5176/13/4711 5075/13/4712 
f 5167/13/4702 5177/13/4713 5178/13/4714 
f 5167/13/4702 5178/13/4714 5168/13/4702 
f 5177/13/4713 5179/13/4715 5180/13/4716 
f 5177/13/4713 5180/13/4716 5178/13/4714 
f 5179/13/4715 5019/13/4717 5027/13/4718 
f 5179/13/4715 5027/13/4718 5180/13/4716 
f 5180/13/4716 5027/13/4718 5035/13/4719 
f 5181/13/4720 5182/13/4721 5183/13/4722 
f 5181/13/4720 5184/13/4723 5182/13/4721 
f 5182/13/4724 5184/13/4725 5185/13/4726 
f 5184/13/4725 5186/13/4727 5185/13/4726 
f 5185/13/4728 5186/13/4729 5187/13/4730 
f 5186/13/4729 5188/13/4731 5187/13/4730 
f 5187/13/4732 5188/13/4733 5189/13/4734 
f 5188/13/4733 5190/13/4735 5189/13/4734 
f 5190/13/4736 5191/13/4737 5189/13/4738 
f 5192/13/4739 5191/13/4737 5190/13/4736 
f 5192/13/4740 5193/13/4741 5191/13/4742 
f 5192/13/4740 5194/13/4743 5193/13/4741 
f 5194/13/4744 5195/13/4745 5193/13/4746 
f 5196/13/4747 5195/13/4745 5194/13/4744 
f 5183/13/4748 5195/13/4749 5196/13/4750 
f 5181/13/4751 5183/13/4748 5196/13/4750 
f 5192/13/4702 5181/13/4702 5196/13/4702 
f 5192/13/4702 5196/13/4702 5194/13/4702 
f 5190/13/4702 5184/13/4702 5192/13/4702 
f 5184/13/4702 5181/13/4702 5192/13/4702 
f 5186/13/4702 5184/13/4702 5190/13/4702 
f 5186/13/4702 5190/13/4702 5188/13/4702 
f 5197/13/4752 5198/13/4753 5199/13/4754 
f 5197/13/4752 5199/13/4754 5200/13/4755 
f 5201/13/4756 5197/13/4752 5200/13/4755 
f 5201/13/4756 5200/13/4755 5202/13/4757 
f 5203/13/4758 5201/13/4756 5202/13/4757 
f 5203/13/4758 5202/13/4757 5204/13/4759 
f 5205/13/4760 5203/13/4758 5204/13/4759 
f 5205/13/4760 5204/13/4759 5206/13/4761 
f 5207/13/4762 5205/13/4760 5206/13/4761 
f 5207/13/4762 5206/13/4761 5208/13/4763 
f 5204/13/4759 5202/13/4757 5209/13/4764 
f 5204/13/4759 5209/13/4764 5210/13/4765 
f 5206/13/4761 5204/13/4759 5210/13/4765 
f 5206/13/4761 5210/13/4765 5211/13/4766 
f 5208/13/4763 5206/13/4761 5211/13/4766 
f 5208/13/4763 5211/13/4766 5212/13/4767 
f 5213/13/4768 5214/13/4769 5215/13/4768 
f 5216/13/4770 5214/13/4769 5213/13/4768 
f 5216/13/4770 5209/13/4771 5214/13/4769 
f 5217/13/4771 5209/13/4771 5216/13/4770 
f 5217/13/4771 5210/13/4772 5209/13/4771 
f 5218/13/4772 5210/13/4772 5217/13/4771 
f 5218/13/4772 5211/13/4773 5210/13/4772 
f 5219/13/4774 5211/13/4773 5218/13/4772 
f 5219/13/4774 5212/13/4775 5211/13/4773 
f 5220/13/4775 5212/13/4775 5219/13/4774 
f 5221/13/4776 5216/13/4777 5213/13/4776 
f 5222/13/4778 5216/13/4777 5221/13/4776 
f 5222/13/4778 5217/13/4779 5216/13/4777 
f 5223/13/4779 5217/13/4779 5222/13/4778 
f 5223/13/4779 5218/13/4780 5217/13/4779 
f 5224/13/4780 5218/13/4780 5223/13/4779 
f 5224/13/4780 5219/13/4781 5218/13/4780 
f 5225/13/4781 5219/13/4781 5224/13/4780 
f 5225/13/4781 5220/13/4782 5219/13/4781 
f 5226/13/4782 5220/13/4782 5225/13/4781 
f 5222/13/4192 5221/13/4192 5227/13/4192 
f 5222/13/4192 5227/13/4192 5228/13/4192 
f 5223/13/4192 5222/13/4192 5228/13/4192 
f 5223/13/4192 5228/13/4192 5229/13/4192 
f 5224/13/4192 5223/13/4192 5229/13/4192 
f 5224/13/4192 5229/13/4192 5230/13/4192 
f 5225/13/4192 5224/13/4192 5230/13/4192 
f 5225/13/4192 5230/13/4192 5231/13/4192 
f 5226/13/4192 5225/13/4192 5231/13/4192 
f 5232/13/4192 5226/13/4192 5231/13/4192 
f 5233/13/4192 5234/13/4192 5235/13/4783 
f 5236/13/4784 5233/13/4192 5235/13/4783 
f 5237/13/4192 5233/13/4192 5236/13/4784 
f 5238/13/4192 5237/13/4192 5236/13/4784 
f 5239/13/4192 5237/13/4192 5238/13/4192 
f 5240/13/4192 5239/13/4192 5238/13/4192 
f 5241/13/4192 5239/13/4192 5240/13/4192 
f 5242/13/4785 5241/13/4192 5240/13/4192 
f 5243/13/4192 5241/13/4192 5242/13/4785 
f 5244/13/4786 5243/13/4192 5242/13/4785 
f 5227/13/4787 5235/13/4788 5234/13/4789 
f 5227/13/4787 5199/13/4790 5235/13/4788 
f 5221/13/4791 5199/13/4790 5227/13/4787 
f 5213/13/4792 5199/13/4790 5221/13/4791 
f 5213/13/4792 5215/13/4793 5199/13/4790 
f 5243/13/4794 5244/13/4795 5208/13/4796 
f 5232/13/4797 5243/13/4794 5208/13/4796 
f 5226/13/4798 5232/13/4797 5208/13/4796 
f 5220/13/4799 5226/13/4798 5208/13/4796 
f 5220/13/4799 5208/13/4796 5212/13/4800 
f 5245/13/4801 5246/13/4802 5247/13/4803 
f 5245/13/4801 5247/13/4803 5248/13/4804 
f 5247/13/4803 5249/13/4805 5248/13/4804 
f 5248/13/4804 5249/13/4805 5250/13/4805 
f 5249/13/4805 5251/13/4806 5250/13/4805 
f 5250/13/4805 5251/13/4806 5252/13/4806 
f 5253/13/4807 5252/13/4807 5251/13/4807 
f 5253/13/4807 5254/13/4807 5252/13/4807 
f 5253/13/4808 5255/13/4809 5254/13/4808 
f 5255/13/4809 5256/13/4810 5254/13/4808 
f 5255/13/4809 5257/13/4811 5256/13/4810 
f 5257/13/4811 5258/13/4811 5256/13/4810 
f 5257/13/4812 5259/13/4812 5258/13/4812 
f 5258/13/4812 5259/13/4812 5260/13/4812 
f 5247/13/4813 5246/13/4814 5261/13/4815 
f 5247/13/4813 5261/13/4815 5262/13/4816 
f 5247/13/4817 5262/13/4818 5263/13/4819 
f 5249/13/4820 5247/13/4817 5263/13/4819 
f 5249/13/4820 5263/13/4819 5264/13/4821 
f 5251/13/4822 5249/13/4820 5264/13/4821 
f 5265/13/4823 5251/13/4822 5264/13/4821 
f 5265/13/4823 5253/13/4824 5251/13/4822 
f 5266/13/4825 5253/13/4824 5265/13/4823 
f 5266/13/4825 5255/13/4826 5253/13/4824 
f 5257/13/4827 5255/13/4826 5266/13/4825 
f 5259/13/4828 5257/13/4827 5266/13/4825 
f 5248/13/4829 5267/13/4830 5245/13/4831 
f 5248/13/4829 5268/13/4832 5267/13/4830 
f 5250/13/4833 5268/13/4834 5248/13/4835 
f 5250/13/4833 5269/13/4836 5268/13/4834 
f 5252/13/4837 5269/13/4836 5250/13/4833 
f 5252/13/4837 5270/13/4838 5269/13/4836 
f 5254/13/4839 5270/13/4838 5252/13/4837 
f 5271/13/4840 5270/13/4838 5254/13/4839 
f 5256/13/4841 5271/13/4840 5254/13/4839 
f 5272/13/4842 5271/13/4840 5256/13/4841 
f 5258/13/4843 5272/13/4843 5256/13/4843 
f 5258/13/4844 5260/13/4845 5272/13/4846 
f 5261/13/4847 5246/13/4848 5245/13/4849 
f 5261/13/4847 5245/13/4849 5267/13/4850 
f 5273/13/4851 5274/13/4851 5275/13/4851 
f 5273/13/4851 5276/13/4851 5274/13/4851 
f 5276/13/4852 5277/13/4852 5274/13/4852 
f 5278/13/4852 5277/13/4852 5276/13/4852 
f 5279/13/4853 5277/13/4853 5278/13/4853 
f 5279/13/4853 5278/13/4853 5280/13/4853 
f 5280/13/4854 5281/13/4854 5279/13/4854 
f 5282/13/4854 5281/13/4854 5280/13/4854 
f 5281/13/4855 5282/13/4855 5275/13/4855 
f 5282/13/4855 5273/13/4855 5275/13/4855 
f 5273/13/4856 5283/13/4857 5276/13/4856 
f 5283/13/4857 5284/13/4858 5276/13/4856 
f 5284/13/4859 5278/13/4860 5276/13/4860 
f 5285/13/4861 5278/13/4860 5284/13/4859 
f 5280/13/4164 5278/13/4164 5285/13/4862 
f 5280/13/4164 5285/13/4862 5286/13/4863 
f 5286/13/4864 5282/13/4865 5280/13/4865 
f 5287/13/4866 5282/13/4865 5286/13/4864 
f 5282/13/4867 5287/13/4868 5273/13/4867 
f 5287/13/4868 5283/13/4869 5273/13/4867 
f 5288/13/4870 5284/13/4858 5283/13/4857 
f 5288/13/4870 5289/13/4871 5284/13/4858 
f 5289/13/4872 5285/13/4861 5284/13/4859 
f 5290/13/4872 5285/13/4861 5289/13/4872 
f 5286/13/4863 5285/13/4862 5290/13/4873 
f 5291/13/4874 5286/13/4863 5290/13/4873 
f 5291/13/4875 5287/13/4866 5286/13/4864 
f 5292/13/4875 5287/13/4866 5291/13/4875 
f 5292/13/4876 5283/13/4869 5287/13/4868 
f 5292/13/4876 5288/13/4877 5283/13/4869 
f 5293/13/4878 5289/13/4878 5288/13/4878 
f 5293/13/4878 5294/13/4878 5289/13/4878 
f 5289/13/4879 5294/13/4879 5290/13/4879 
f 5294/13/4879 5295/13/4879 5290/13/4879 
f 5291/13/4880 5290/13/4880 5295/13/4880 
f 5291/13/4880 5295/13/4880 5296/13/4880 
f 5296/13/4881 5292/13/4881 5291/13/4881 
f 5297/13/4881 5292/13/4881 5296/13/4881 
f 5292/13/4882 5297/13/4882 5288/13/4882 
f 5297/13/4882 5293/13/4882 5288/13/4882 
f 5275/13/4190 5274/13/4190 5298/13/4190 
f 5293/13/4883 5299/13/4884 5294/13/4885 
f 5274/13/4190 5277/13/4190 5298/13/4190 
f 5294/13/4885 5299/13/4884 5295/13/4886 
f 5298/13/4190 5277/13/4190 5279/13/4190 
f 5299/13/4884 5296/13/4887 5295/13/4886 
f 5281/13/4190 5298/13/4190 5279/13/4190 
f 5297/13/4192 5296/13/4887 5299/13/4884 
f 5275/13/4190 5298/13/4190 5281/13/4190 
f 5293/13/4883 5297/13/4192 5299/13/4884 
f 5300/13/4888 5301/13/4889 5302/13/4890 
f 5300/13/4888 5303/13/4891 5301/13/4889 
f 5303/13/4891 5304/13/4892 5301/13/4889 
f 5303/13/4891 5305/13/4893 5304/13/4892 
f 5305/13/4893 5306/13/4894 5304/13/4892 
f 5305/13/4893 5307/13/4895 5306/13/4894 
f 5307/13/4896 5308/13/4897 5306/13/4897 
f 5307/13/4896 5309/13/4898 5308/13/4897 
f 5309/13/4899 5310/13/4900 5308/13/4901 
f 5311/13/4902 5310/13/4900 5309/13/4899 
f 5312/13/4903 5310/13/4904 5311/13/4905 
f 5313/13/4906 5312/13/4903 5311/13/4905 
f 5313/13/4907 5314/13/4908 5312/13/4909 
f 5313/13/4907 5315/13/4910 5314/13/4908 
f 5315/13/4911 5302/13/4912 5314/13/4912 
f 5315/13/4911 5300/13/4913 5302/13/4912 
f 5316/13/4914 5317/13/4915 5318/13/4916 
f 5318/13/4916 5317/13/4915 5319/13/4917 
f 5318/13/4918 5319/13/4919 5320/13/4920 
f 5318/13/4918 5320/13/4920 5321/13/4921 
f 5321/13/4922 5320/13/4923 5322/13/4924 
f 5321/13/4922 5322/13/4924 5323/13/4925 
f 5323/13/4925 5322/13/4924 5324/13/4926 
f 5323/13/4925 5324/13/4926 5325/13/4927 
f 5324/13/4926 5326/13/4928 5325/13/4927 
f 5325/13/4927 5326/13/4928 5327/13/4928 
f 5327/13/4929 5326/13/4929 5328/13/4929 
f 5328/13/4930 5326/13/4931 5329/13/4932 
f 5328/13/4930 5329/13/4932 5330/13/4933 
f 5330/13/4933 5329/13/4932 5331/13/4934 
f 5317/13/4935 5330/13/4936 5331/13/4937 
f 5316/13/4938 5330/13/4936 5317/13/4935 
f 5316/13/4939 5332/13/4940 5330/13/4941 
f 5330/13/4941 5332/13/4940 5333/13/4942 
f 5334/13/4943 5316/13/4939 5318/13/4944 
f 5334/13/4943 5332/13/4940 5316/13/4939 
f 5335/13/4945 5318/13/4944 5321/13/4946 
f 5335/13/4945 5334/13/4943 5318/13/4944 
f 5336/13/4947 5321/13/4946 5323/13/4948 
f 5336/13/4947 5335/13/4945 5321/13/4946 
f 5337/13/4949 5323/13/4948 5325/13/4950 
f 5337/13/4949 5336/13/4947 5323/13/4948 
f 5325/13/4950 5327/13/4951 5338/13/4952 
f 5337/13/4949 5325/13/4950 5338/13/4952 
f 5339/13/4953 5327/13/4951 5328/13/4954 
f 5338/13/4952 5327/13/4951 5339/13/4953 
f 5339/13/4953 5328/13/4954 5330/13/4941 
f 5339/13/4953 5330/13/4941 5333/13/4942 
f 5335/13/4955 5303/13/4891 5300/13/4888 
f 5335/13/4955 5336/13/4956 5303/13/4891 
f 5303/13/4891 5336/13/4956 5305/13/4893 
f 5336/13/4956 5337/13/4957 5305/13/4893 
f 5305/13/4893 5337/13/4957 5307/13/4895 
f 5337/13/4957 5338/13/4958 5307/13/4895 
f 5338/13/4959 5309/13/4898 5307/13/4896 
f 5338/13/4959 5339/13/4960 5309/13/4898 
f 5339/13/4961 5311/13/4902 5309/13/4899 
f 5333/13/4962 5311/13/4902 5339/13/4961 
f 5313/13/4906 5311/13/4905 5333/13/4963 
f 5313/13/4906 5333/13/4963 5332/13/4963 
f 5332/13/4964 5315/13/4910 5313/13/4907 
f 5332/13/4964 5334/13/4964 5315/13/4910 
f 5334/13/4965 5300/13/4913 5315/13/4911 
f 5334/13/4965 5335/13/4965 5300/13/4913 
f 5319/13/4966 5317/13/4967 5329/13/4968 
f 5329/13/4968 5317/13/4967 5331/13/4969 
f 5320/13/4204 5319/13/4966 5329/13/4968 
f 5320/13/4204 5329/13/4968 5326/13/4204 
f 5322/13/4204 5320/13/4204 5326/13/4204 
f 5324/13/4204 5322/13/4204 5326/13/4204 
f 5340/13/4970 5341/13/4970 5342/13/4970 
f 5343/13/4970 5341/13/4970 5340/13/4970 
f 5344/13/4971 5341/13/4971 5343/13/4971 
f 5345/13/4971 5344/13/4971 5343/13/4971 
f 5345/13/4972 5346/13/4972 5344/13/4972 
f 5347/13/4972 5346/13/4972 5345/13/4972 
f 5347/13/4973 5348/13/4973 5346/13/4973 
f 5347/13/4973 5349/13/4973 5348/13/4973 
f 5349/13/4974 5342/13/4974 5348/13/4974 
f 5340/13/4974 5342/13/4974 5349/13/4974 
f 5342/13/4164 5341/13/4164 5350/13/4164 
f 5351/13/4179 5343/13/4179 5340/13/4179 
f 5350/13/4164 5341/13/4164 5344/13/4164 
f 5351/13/4179 5345/13/4179 5343/13/4179 
f 5346/13/4164 5350/13/4164 5344/13/4164 
f 5347/13/4179 5345/13/4179 5351/13/4179 
f 5348/13/4164 5350/13/4164 5346/13/4164 
f 5349/13/4179 5347/13/4179 5351/13/4179 
f 5348/13/4164 5342/13/4164 5350/13/4164 
f 5349/13/4179 5351/13/4179 5340/13/4179 
f 5352/13/4975 5353/13/4975 5354/13/4975 
f 5355/13/4975 5353/13/4975 5352/13/4975 
f 5356/13/4976 5353/13/4976 5355/13/4976 
f 5356/13/4976 5355/13/4976 5357/13/4976 
f 5357/13/4192 5358/13/4192 5356/13/4192 
f 5359/13/4192 5358/13/4192 5357/13/4192 
f 5359/13/4977 5360/13/4977 5358/13/4977 
f 5359/13/4977 5361/13/4977 5360/13/4977 
f 5361/13/4978 5354/13/4978 5360/13/4978 
f 5352/13/4978 5354/13/4978 5361/13/4978 
f 5354/13/4164 5353/13/4164 5362/13/4164 
f 5363/13/4179 5355/13/4179 5352/13/4179 
f 5362/13/4164 5353/13/4164 5356/13/4164 
f 5363/13/4179 5357/13/4179 5355/13/4179 
f 5358/13/4164 5362/13/4164 5356/13/4164 
f 5359/13/4179 5357/13/4179 5363/13/4179 
f 5360/13/4164 5362/13/4164 5358/13/4164 
f 5361/13/4179 5359/13/4179 5363/13/4179 
f 5360/13/4164 5354/13/4164 5362/13/4164 
f 5361/13/4179 5363/13/4179 5352/13/4179 
f 5364/13/4975 5365/13/4975 5366/13/4975 
f 5367/13/4975 5365/13/4975 5364/13/4975 
f 5368/13/4976 5365/13/4976 5367/13/4976 
f 5368/13/4976 5367/13/4976 5369/13/4976 
f 5369/13/4192 5370/13/4192 5368/13/4192 
f 5371/13/4192 5370/13/4192 5369/13/4192 
f 5371/13/4977 5372/13/4977 5370/13/4977 
f 5371/13/4977 5373/13/4977 5372/13/4977 
f 5373/13/4978 5366/13/4978 5372/13/4978 
f 5364/13/4978 5366/13/4978 5373/13/4978 
f 5366/13/4164 5365/13/4164 5374/13/4164 
f 5375/13/4179 5367/13/4179 5364/13/4179 
f 5374/13/4164 5365/13/4164 5368/13/4164 
f 5375/13/4179 5369/13/4179 5367/13/4179 
f 5370/13/4164 5374/13/4164 5368/13/4164 
f 5371/13/4179 5369/13/4179 5375/13/4179 
f 5372/13/4164 5374/13/4164 5370/13/4164 
f 5373/13/4179 5371/13/4179 5375/13/4179 
f 5372/13/4164 5366/13/4164 5374/13/4164 
f 5373/13/4179 5375/13/4179 5364/13/4179 
f 5376/13/4979 5377/13/4979 5378/13/4979 
f 5376/13/4979 5379/13/4979 5377/13/4979 
f 5380/13/4980 5379/13/4980 5376/13/4980 
f 5381/13/4980 5379/13/4980 5380/13/4980 
f 5382/13/4981 5381/13/4981 5380/13/4981 
f 5382/13/4981 5383/13/4981 5381/13/4981 
f 5383/13/4982 5382/13/4982 5384/13/4982 
f 5383/13/4982 5384/13/4982 5385/13/4982 
f 5378/13/4974 5385/13/4974 5384/13/4974 
f 5378/13/4974 5377/13/4974 5385/13/4974 
f 5386/13/4179 5376/13/4179 5378/13/4179 
f 5377/13/4164 5379/13/4164 5387/13/4164 
f 5386/13/4179 5380/13/4179 5376/13/4179 
f 5387/13/4164 5379/13/4164 5381/13/4164 
f 5382/13/4179 5380/13/4179 5386/13/4179 
f 5383/13/4164 5387/13/4164 5381/13/4164 
f 5384/13/4179 5382/13/4179 5386/13/4179 
f 5385/13/4164 5387/13/4164 5383/13/4164 
f 5384/13/4179 5386/13/4179 5378/13/4179 
f 5385/13/4164 5377/13/4164 5387/13/4164 
f 5388/13/4983 5389/13/4983 5390/13/4983 
f 5388/13/4983 5391/13/4983 5389/13/4983 
f 5392/13/4984 5391/13/4984 5388/13/4984 
f 5392/13/4984 5393/13/4984 5391/13/4984 
f 5394/13/4985 5393/13/4985 5392/13/4985 
f 5394/13/4985 5395/13/4985 5393/13/4985 
f 5394/13/4986 5396/13/4986 5395/13/4986 
f 5395/13/4986 5396/13/4986 5397/13/4986 
f 5390/13/4987 5397/13/4987 5396/13/4987 
f 5390/13/4987 5389/13/4987 5397/13/4987 
f 5398/13/4179 5388/13/4179 5390/13/4179 
f 5389/13/4164 5391/13/4164 5399/13/4164 
f 5398/13/4179 5392/13/4179 5388/13/4179 
f 5399/13/4164 5391/13/4164 5393/13/4164 
f 5394/13/4179 5392/13/4179 5398/13/4179 
f 5395/13/4164 5399/13/4164 5393/13/4164 
f 5396/13/4179 5394/13/4179 5398/13/4179 
f 5397/13/4164 5399/13/4164 5395/13/4164 
f 5396/13/4179 5398/13/4179 5390/13/4179 
f 5397/13/4164 5389/13/4164 5399/13/4164 
f 5400/13/4983 5401/13/4983 5402/13/4983 
f 5400/13/4983 5403/13/4983 5401/13/4983 
f 5404/13/4984 5403/13/4984 5400/13/4984 
f 5404/13/4984 5405/13/4984 5403/13/4984 
f 5406/13/4985 5405/13/4985 5404/13/4985 
f 5406/13/4985 5407/13/4985 5405/13/4985 
f 5406/13/4986 5408/13/4986 5407/13/4986 
f 5407/13/4986 5408/13/4986 5409/13/4986 
f 5402/13/4987 5409/13/4987 5408/13/4987 
f 5402/13/4987 5401/13/4987 5409/13/4987 
f 5410/13/4179 5400/13/4179 5402/13/4179 
f 5401/13/4164 5403/13/4164 5411/13/4164 
f 5410/13/4179 5404/13/4179 5400/13/4179 
f 5411/13/4164 5403/13/4164 5405/13/4164 
f 5406/13/4179 5404/13/4179 5410/13/4179 
f 5407/13/4164 5411/13/4164 5405/13/4164 
f 5408/13/4179 5406/13/4179 5410/13/4179 
f 5409/13/4164 5411/13/4164 5407/13/4164 
f 5408/13/4179 5410/13/4179 5402/13/4179 
f 5409/13/4164 5401/13/4164 5411/13/4164 
f 5412/13/4988 5244/13/4786 5242/13/4785 
f 5234/13/4989 5228/13/4990 5227/13/4989 
f 5233/13/4991 5228/13/4990 5234/13/4989 
f 5233/13/4991 5229/13/4992 5228/13/4990 
f 5237/13/4993 5229/13/4992 5233/13/4991 
f 5237/13/4993 5230/13/4994 5229/13/4992 
f 5239/13/4995 5230/13/4994 5237/13/4993 
f 5239/13/4995 5231/13/4996 5230/13/4994 
f 5241/13/4997 5231/13/4996 5239/13/4995 
f 5241/13/4997 5232/13/4998 5231/13/4996 
f 5243/13/4998 5232/13/4998 5241/13/4997 
f 5413/13/4999 5235/13/4783 5414/13/5000 
f 5415/13/5001 5235/13/4783 5413/13/4999 
f 5236/13/4784 5235/13/4783 5415/13/5001 
f 5416/13/5002 5236/13/5003 5415/13/5004 
f 5417/13/5005 5236/13/5003 5416/13/5002 
f 5417/13/5005 5238/13/5006 5236/13/5003 
f 5418/13/5007 5238/13/5006 5417/13/5005 
f 5418/13/5007 5240/13/5008 5238/13/5006 
f 5418/13/5007 5419/13/5009 5240/13/5008 
f 5419/13/5009 5420/13/5010 5240/13/5008 
f 5420/13/5010 5242/13/5011 5240/13/5008 
f 5420/13/5010 5421/13/5012 5242/13/5011 
f 5422/13/5013 5242/13/5013 5421/13/5013 
f 5412/13/4988 5242/13/4785 5422/13/5014 
f 5423/13/4190 5424/13/4190 5425/13/4190 
f 5426/13/4190 5424/13/4190 5423/13/4190 
f 5427/13/5015 5426/13/5015 5423/13/5015 
f 5427/13/5015 5428/13/5015 5426/13/5015 
f 5428/13/4192 5427/13/4192 5429/13/4192 
f 5428/13/4192 5429/13/4192 5430/13/4192 
f 5429/13/5016 5425/13/5016 5430/13/5016 
f 5425/13/5016 5424/13/5016 5430/13/5016 
f 5431/13/5017 5432/13/5017 5433/13/5017 
f 5431/13/5017 5434/13/5017 5432/13/5017 
f 5435/13/4192 5436/13/4192 5437/13/4192 
f 5437/13/4192 5436/13/4192 5438/13/4192 
f 5437/13/5018 5432/13/5018 5434/13/5018 
f 5438/13/5018 5432/13/5018 5437/13/5018 
f 5439/13/5019 5264/13/4821 5440/13/5020 
f 5265/13/4823 5264/13/4821 5439/13/5019 
f 5441/13/5021 5265/13/4823 5439/13/5019 
f 5266/13/4825 5265/13/4823 5441/13/5021 
f 5442/13/5022 5266/13/4825 5441/13/5023 
f 5259/13/4828 5266/13/4825 5442/13/5022 
f 5443/13/5024 5259/13/5025 5442/13/5026 
f 5443/13/5024 5434/13/5027 5259/13/5025 
f 5444/13/5028 5434/13/5027 5443/13/5024 
f 5444/13/5028 5431/13/5028 5434/13/5027 
f 5271/13/4840 5445/13/5029 5270/13/5030 
f 5271/13/4840 5446/13/5031 5445/13/5029 
f 5272/13/4842 5446/13/5031 5271/13/4840 
f 5272/13/4842 5447/13/5032 5446/13/5031 
f 5272/13/4846 5260/13/4845 5447/13/5033 
f 5260/13/4845 5448/13/5034 5447/13/5033 
f 5432/13/5035 5448/13/5036 5260/13/5037 
f 5432/13/5035 5449/13/5038 5448/13/5036 
f 5433/13/5039 5449/13/5038 5432/13/5035 
f 5450/13/5040 5449/13/5038 5433/13/5039 
f 5431/13/5041 5444/13/5042 5450/13/5043 
f 5431/13/5041 5450/13/5043 5433/13/5044 
f 5259/13/5045 5434/13/5045 5432/13/5045 
f 5259/13/5045 5432/13/5045 5260/13/5045 
f 5451/13/5046 5452/13/5047 5453/13/5047 
f 5454/13/5048 5452/13/5047 5451/13/5046 
f 5454/13/5049 5455/13/5050 5452/13/5050 
f 5454/13/5049 5456/13/5051 5455/13/5050 
f 5456/13/5052 5457/13/5053 5455/13/5053 
f 5456/13/5052 5458/13/5054 5457/13/5053 
f 5458/13/5055 5453/13/5056 5457/13/5056 
f 5451/13/5057 5453/13/5056 5458/13/5055 
f 5459/13/5058 5454/13/5048 5451/13/5046 
f 5460/13/5059 5454/13/5048 5459/13/5058 
f 5460/13/5060 5456/13/5051 5454/13/5049 
f 5460/13/5060 5461/13/5061 5456/13/5051 
f 5461/13/5062 5458/13/5054 5456/13/5052 
f 5461/13/5062 5462/13/5063 5458/13/5054 
f 5462/13/5064 5451/13/5057 5458/13/5055 
f 5459/13/5065 5451/13/5057 5462/13/5064 
f 5463/13/5066 5460/13/5067 5459/13/5068 
f 5464/13/5069 5460/13/5067 5463/13/5066 
f 5464/13/5070 5461/13/5071 5460/13/5071 
f 5464/13/5070 5465/13/5072 5461/13/5071 
f 5465/13/5073 5462/13/5074 5461/13/5075 
f 5465/13/5073 5466/13/5076 5462/13/5074 
f 5459/13/5077 5462/13/5078 5466/13/5079 
f 5463/13/5080 5459/13/5077 5466/13/5079 
f 5453/13/5081 5452/13/5081 5467/13/5081 
f 5452/13/5082 5455/13/5082 5467/13/5082 
f 5455/13/5083 5457/13/5083 5467/13/5083 
f 5467/13/5084 5457/13/5084 5453/13/5084 
f 5200/13/4755 5199/13/4754 5215/13/5085 
f 5200/13/4755 5215/13/5085 5214/13/5086 
f 5202/13/4757 5200/13/4755 5214/13/5086 
f 5202/13/4757 5214/13/5086 5209/13/4764 
f 5435/13/5087 5434/13/5088 5431/13/5087 
f 5435/13/5087 5437/13/5088 5434/13/5088 
f 5436/13/5089 5433/13/5089 5438/13/5090 
f 5433/13/5089 5432/13/5090 5438/13/5090 
f 5435/13/5091 5431/13/5091 5433/13/5091 
f 5435/13/5091 5433/13/5091 5436/13/5091 
f 5468/13/5092 5469/13/5092 5470/13/5092 
f 5471/13/5092 5469/13/5092 5468/13/5092 
f 5472/13/4179 5471/13/4179 5468/13/4179 
f 5472/13/4179 5473/13/4179 5471/13/4179 
f 5472/13/5093 5474/13/5093 5473/13/5093 
f 5473/13/5093 5474/13/5093 5475/13/5093 
f 5470/13/4164 5475/13/4164 5474/13/4164 
f 5470/13/4164 5469/13/4164 5475/13/4164 
f 5472/13/5094 5468/13/5094 5470/13/5094 
f 5472/13/5094 5470/13/5094 5474/13/5094 
f 5473/13/5095 5469/13/5095 5471/13/5095 
f 5473/13/5095 5475/13/5095 5469/13/5095 
f 5476/13/5096 5477/13/5096 5478/13/5096 
f 5476/13/5096 5479/13/5096 5477/13/5096 
f 5477/13/4164 5479/13/4164 5480/13/4164 
f 5480/13/4164 5479/13/4164 5481/13/4164 
f 5482/13/5097 5480/13/5097 5481/13/5097 
f 5482/13/5097 5481/13/5097 5483/13/5097 
f 5482/13/4179 5483/13/4179 5478/13/4179 
f 5478/13/4179 5483/13/4179 5476/13/4179 
f 5480/13/5098 5478/13/5098 5477/13/5098 
f 5480/13/5098 5482/13/5098 5478/13/5098 
f 5481/13/5099 5479/13/5099 5476/13/5099 
f 5481/13/5099 5476/13/5099 5483/13/5099 
f 5484/13/5017 5485/13/5017 5486/13/5017 
f 5487/13/5017 5485/13/5017 5484/13/5017 
f 5488/13/5100 5487/13/5100 5484/13/5100 
f 5488/13/5100 5489/13/5100 5487/13/5100 
f 5488/13/5101 5490/13/5101 5489/13/5101 
f 5489/13/5101 5490/13/5101 5491/13/5101 
f 5486/13/5102 5491/13/5102 5490/13/5102 
f 5486/13/5102 5485/13/5102 5491/13/5102 
f 5492/13/5103 5493/13/5104 5494/13/5105 
f 5495/13/5106 5493/13/5104 5492/13/5103 
f 5496/13/5107 5495/13/5106 5492/13/5103 
f 5497/13/5108 5495/13/5106 5496/13/5107 
f 5498/13/5109 5497/13/5108 5496/13/5107 
f 5499/13/5110 5497/13/5108 5498/13/5109 
f 5500/13/5111 5499/13/5110 5498/13/5109 
f 5501/13/5112 5499/13/5110 5500/13/5111 
f 5502/13/5113 5501/13/5112 5500/13/5111 
f 5503/13/5114 5501/13/5112 5502/13/5113 
f 5504/13/5115 5503/13/5114 5502/13/5113 
f 5504/13/5115 5505/13/5116 5503/13/5114 
f 5506/13/5117 5505/13/5118 5504/13/5119 
f 5506/13/5117 5507/13/5120 5505/13/5118 
f 5508/13/5121 5507/13/5120 5506/13/5117 
f 5508/13/5121 5509/13/5122 5507/13/5120 
f 5508/13/5121 5510/13/5123 5509/13/5122 
f 5510/13/5123 5511/13/5124 5509/13/5122 
f 5510/13/5123 5512/13/5125 5511/13/5124 
f 5512/13/5125 5513/13/5126 5511/13/5124 
f 5514/13/5127 5513/13/5126 5512/13/5125 
f 5514/13/5127 5515/13/5128 5513/13/5126 
f 5494/13/5129 5516/13/5130 5517/13/5131 
f 5493/13/5104 5516/13/5132 5494/13/5105 
f 5516/13/5133 5493/13/5133 5518/13/5133 
f 5518/13/5134 5493/13/5135 5519/13/5136 
f 5519/13/5136 5493/13/5135 5520/13/5137 
f 5520/13/5137 5493/13/5135 5521/13/5138 
f 5516/13/5130 5522/13/5139 5517/13/5131 
f 5516/13/5130 5523/13/5140 5522/13/5139 
f 5516/13/5130 5518/13/5141 5523/13/5140 
f 5518/13/5141 5524/13/5142 5523/13/5140 
f 5519/13/5143 5525/13/5144 5524/13/5145 
f 5519/13/5143 5524/13/5145 5518/13/5146 
f 5520/13/5144 5526/13/5145 5525/13/5144 
f 5519/13/5143 5520/13/5144 5525/13/5144 
f 5521/13/5147 5527/13/5148 5526/13/5145 
f 5520/13/5144 5521/13/5147 5526/13/5145 
f 5528/13/5149 5529/13/5150 5527/13/5148 
f 5521/13/5147 5528/13/5149 5527/13/5148 
f 5530/13/5151 5531/13/5152 5529/13/5150 
f 5528/13/5149 5530/13/5151 5529/13/5150 
f 5532/13/5153 5533/13/5154 5531/13/5152 
f 5530/13/5151 5532/13/5153 5531/13/5152 
f 5534/13/5155 5535/13/5156 5533/13/5154 
f 5532/13/5153 5534/13/5155 5533/13/5154 
f 5536/13/5157 5537/13/5158 5535/13/5156 
f 5534/13/5155 5536/13/5157 5535/13/5156 
f 5538/13/5159 5539/13/5160 5537/13/5158 
f 5536/13/5157 5538/13/5159 5537/13/5158 
f 5540/13/5161 5541/13/5162 5539/13/5160 
f 5538/13/5159 5540/13/5161 5539/13/5160 
f 5540/13/5161 5542/13/5163 5541/13/5162 
f 5542/13/5163 5543/13/5164 5541/13/5162 
f 5543/13/5164 5544/13/5165 5541/13/5162 
f 5543/13/5164 5545/13/5166 5544/13/5165 
f 5545/13/5166 5546/13/5167 5547/13/5168 
f 5547/13/5168 5546/13/5167 5548/13/5169 
f 5547/13/5168 5548/13/5169 5549/13/5170 
f 5549/13/5170 5548/13/5169 5550/13/5171 
f 5549/13/5170 5550/13/5171 5551/13/5171 
f 5551/13/5171 5550/13/5171 5552/13/5172 
f 5551/13/5171 5552/13/5172 5553/13/5173 
f 5553/13/5173 5552/13/5172 5554/13/5174 
f 5553/13/5173 5554/13/5174 5555/13/5174 
f 5555/13/5174 5554/13/5174 5556/13/5175 
f 5555/13/5174 5556/13/5175 5557/13/5175 
f 5557/13/5175 5556/13/5175 5558/13/5176 
f 5559/13/5175 5557/13/5175 5558/13/5176 
f 5559/13/5175 5558/13/5176 5560/13/5177 
f 5561/13/5178 5559/13/5175 5560/13/5177 
f 5561/13/5178 5560/13/5177 5562/13/5179 
f 5561/13/5178 5562/13/5179 5563/13/5180 
f 5563/13/5180 5562/13/5179 5564/13/5181 
f 5565/13/5181 5563/13/5180 5564/13/5181 
f 5565/13/5181 5564/13/5181 5566/13/5182 
f 5567/13/5182 5565/13/5181 5566/13/5182 
f 5545/13/5166 5547/13/5168 5544/13/5165 
f 5517/13/5131 5522/13/5139 5568/13/5183 
f 5517/13/5131 5568/13/5183 5569/13/5184 
f 5569/13/5184 5568/13/5183 5570/13/5185 
f 5570/13/5185 5568/13/5183 5571/13/5186 
f 5570/13/5185 5571/13/5186 5572/13/5187 
f 5572/13/5187 5571/13/5186 5573/13/5188 
f 5572/13/5187 5573/13/5188 5574/13/5189 
f 5572/13/5190 5574/13/5190 5575/13/5190 
f 5576/13/5191 5577/13/5192 5578/13/5193 
f 5578/13/5193 5577/13/5192 5579/13/5194 
f 5579/13/5194 5577/13/5192 5580/13/5195 
f 5579/13/5194 5580/13/5195 5581/13/5196 
f 5579/13/5194 5581/13/5196 5582/13/5197 
f 5579/13/5194 5582/13/5197 5583/13/5198 
f 5579/13/5194 5583/13/5198 5584/13/5199 
f 5579/13/5194 5584/13/5199 5585/13/5200 
f 5586/13/5201 5587/13/5202 5588/13/5203 
f 5589/13/5204 5586/13/5201 5588/13/5203 
f 5590/13/5205 5586/13/5201 5589/13/5204 
f 5591/13/5206 5590/13/5205 5589/13/5204 
f 5592/13/5207 5590/13/5205 5591/13/5206 
f 5593/13/5208 5592/13/5207 5591/13/5206 
f 5594/13/5209 5592/13/5207 5593/13/5208 
f 5595/13/5210 5594/13/5209 5593/13/5208 
f 5596/13/5211 5594/13/5209 5595/13/5210 
f 5597/13/5212 5596/13/5211 5595/13/5210 
f 5598/13/5213 5596/13/5211 5597/13/5212 
f 5598/13/5213 5597/13/5212 5599/13/5214 
f 5600/13/5215 5598/13/5216 5599/13/5217 
f 5600/13/5215 5599/13/5217 5601/13/5218 
f 5602/13/5219 5600/13/5215 5601/13/5218 
f 5602/13/5219 5601/13/5218 5603/13/5220 
f 5602/13/5219 5603/13/5220 5604/13/5221 
f 5604/13/5221 5603/13/5220 5605/13/5222 
f 5604/13/5221 5605/13/5222 5606/13/5223 
f 5606/13/5223 5605/13/5222 5607/13/5224 
f 5514/13/5127 5606/13/5223 5607/13/5224 
f 5514/13/5127 5607/13/5224 5515/13/5128 
f 5587/13/5225 5608/13/5226 5609/13/5227 
f 5588/13/5203 5587/13/5202 5609/13/5228 
f 5609/13/5229 5610/13/5229 5588/13/5229 
f 5610/13/5230 5611/13/5231 5588/13/5232 
f 5611/13/5231 5612/13/5233 5588/13/5232 
f 5612/13/5233 5613/13/5234 5588/13/5232 
f 5609/13/5227 5608/13/5226 5614/13/5235 
f 5609/13/5227 5614/13/5235 5615/13/5236 
f 5609/13/5227 5615/13/5236 5610/13/5237 
f 5610/13/5237 5615/13/5236 5616/13/5238 
f 5611/13/5239 5616/13/5240 5617/13/5241 
f 5611/13/5239 5610/13/5242 5616/13/5240 
f 5612/13/5241 5617/13/5241 5618/13/5240 
f 5611/13/5239 5617/13/5241 5612/13/5241 
f 5613/13/5243 5618/13/5240 5619/13/5244 
f 5612/13/5241 5618/13/5240 5613/13/5243 
f 5620/13/5245 5619/13/5244 5621/13/5246 
f 5613/13/5243 5619/13/5244 5620/13/5245 
f 5622/13/5247 5621/13/5246 5623/13/5248 
f 5620/13/5245 5621/13/5246 5622/13/5247 
f 5624/13/5249 5623/13/5248 5625/13/5250 
f 5622/13/5247 5623/13/5248 5624/13/5249 
f 5626/13/5251 5625/13/5250 5627/13/5252 
f 5624/13/5249 5625/13/5250 5626/13/5251 
f 5628/13/5253 5627/13/5252 5629/13/5254 
f 5626/13/5251 5627/13/5252 5628/13/5253 
f 5630/13/5255 5629/13/5254 5631/13/5256 
f 5628/13/5253 5629/13/5254 5630/13/5255 
f 5632/13/5257 5631/13/5256 5633/13/5258 
f 5630/13/5255 5631/13/5256 5632/13/5257 
f 5632/13/5257 5633/13/5258 5634/13/5259 
f 5634/13/5259 5633/13/5258 5635/13/5260 
f 5635/13/5260 5633/13/5258 5636/13/5261 
f 5635/13/5260 5636/13/5261 5637/13/5262 
f 5637/13/5262 5638/13/5263 5639/13/5264 
f 5638/13/5263 5640/13/5265 5639/13/5264 
f 5638/13/5263 5641/13/5266 5640/13/5265 
f 5641/13/5266 5642/13/5267 5640/13/5265 
f 5641/13/5266 5643/13/5267 5642/13/5267 
f 5643/13/5267 5644/13/5268 5642/13/5267 
f 5643/13/5267 5645/13/5269 5644/13/5268 
f 5645/13/5269 5646/13/5270 5644/13/5268 
f 5645/13/5269 5647/13/5270 5646/13/5270 
f 5647/13/5270 5648/13/5271 5646/13/5270 
f 5647/13/5270 5649/13/5271 5648/13/5271 
f 5649/13/5271 5650/13/5272 5648/13/5271 
f 5651/13/5271 5650/13/5272 5649/13/5271 
f 5651/13/5271 5652/13/5273 5650/13/5272 
f 5653/13/5274 5652/13/5273 5651/13/5271 
f 5653/13/5274 5654/13/5275 5652/13/5273 
f 5653/13/5274 5655/13/5276 5654/13/5275 
f 5655/13/5276 5656/13/5277 5654/13/5275 
f 5657/13/5277 5656/13/5277 5655/13/5276 
f 5657/13/5277 5658/13/5278 5656/13/5277 
f 5659/13/5278 5658/13/5278 5657/13/5277 
f 5637/13/5262 5636/13/5261 5638/13/5263 
f 5608/13/5226 5660/13/5279 5614/13/5235 
f 5608/13/5226 5661/13/5280 5660/13/5279 
f 5661/13/5280 5662/13/5281 5660/13/5279 
f 5662/13/5281 5663/13/5282 5660/13/5279 
f 5662/13/5281 5664/13/5283 5663/13/5282 
f 5664/13/5283 5665/13/5284 5663/13/5282 
f 5664/13/5283 5666/13/5285 5665/13/5284 
f 5667/13/5286 5666/13/5286 5664/13/5286 
f 5668/13/5287 5669/13/5288 5670/13/5289 
f 5669/13/5288 5671/13/5290 5670/13/5289 
f 5671/13/5290 5672/13/5291 5670/13/5289 
f 5671/13/5290 5673/13/5292 5672/13/5291 
f 5671/13/5290 5674/13/5293 5673/13/5292 
f 5671/13/5290 5675/13/5294 5674/13/5293 
f 5671/13/5290 5676/13/5295 5675/13/5294 
f 5671/13/5290 5677/13/5296 5676/13/5295 
f 5678/13/5297 5517/13/5298 5569/13/5299 
f 5678/13/5297 5569/13/5299 5679/13/5300 
f 5679/13/5300 5569/13/5299 5570/13/5301 
f 5680/13/5302 5679/13/5300 5570/13/5301 
f 5681/13/5303 5680/13/5302 5570/13/5301 
f 5570/13/5301 5682/13/5304 5681/13/5303 
f 5572/13/5305 5682/13/5304 5570/13/5301 
f 5678/13/5306 5494/13/5307 5517/13/5308 
f 5683/13/5309 5494/13/5307 5678/13/5306 
f 5683/13/5309 5492/13/5310 5494/13/5307 
f 5683/13/5309 5684/13/5311 5492/13/5310 
f 5684/13/5311 5496/13/5312 5492/13/5310 
f 5684/13/5311 5685/13/5313 5496/13/5312 
f 5685/13/5313 5498/13/5314 5496/13/5312 
f 5685/13/5313 5686/13/5315 5498/13/5314 
f 5686/13/5315 5500/13/5316 5498/13/5314 
f 5686/13/5315 5687/13/5317 5500/13/5316 
f 5687/13/5317 5502/13/5318 5500/13/5316 
f 5687/13/5317 5688/13/5319 5502/13/5318 
f 5688/13/5319 5504/13/5320 5502/13/5318 
f 5688/13/5319 5689/13/5321 5504/13/5320 
f 5689/13/5321 5690/13/5322 5504/13/5320 
f 5504/13/5320 5690/13/5322 5506/13/5322 
f 5690/13/5322 5691/13/5323 5506/13/5322 
f 5506/13/5322 5691/13/5323 5508/13/5322 
f 5691/13/5323 5692/13/5101 5508/13/5322 
f 5508/13/5322 5692/13/5101 5510/13/5101 
f 5510/13/5101 5692/13/5101 5693/13/5101 
f 5510/13/5101 5693/13/5101 5512/13/5101 
f 5512/13/5101 5693/13/5101 5694/13/5101 
f 5512/13/5101 5694/13/5101 5514/13/5101 
f 5661/13/5324 5608/13/5325 5695/13/5326 
f 5661/13/5324 5695/13/5326 5696/13/5327 
f 5662/13/5328 5661/13/5324 5696/13/5327 
f 5697/13/5329 5662/13/5328 5696/13/5327 
f 5698/13/5330 5662/13/5328 5697/13/5329 
f 5699/13/5331 5662/13/5328 5698/13/5330 
f 5664/13/5332 5662/13/5328 5699/13/5331 
f 5608/13/5333 5587/13/5334 5695/13/5335 
f 5587/13/5334 5700/13/5336 5695/13/5335 
f 5586/13/5337 5700/13/5336 5587/13/5334 
f 5586/13/5337 5701/13/5338 5700/13/5336 
f 5590/13/5339 5701/13/5338 5586/13/5337 
f 5590/13/5339 5702/13/5340 5701/13/5338 
f 5592/13/5341 5702/13/5340 5590/13/5339 
f 5592/13/5341 5703/13/5342 5702/13/5340 
f 5594/13/5343 5703/13/5342 5592/13/5341 
f 5594/13/5343 5704/13/5344 5703/13/5342 
f 5596/13/5345 5704/13/5344 5594/13/5343 
f 5596/13/5345 5705/13/5346 5704/13/5344 
f 5598/13/5347 5705/13/5346 5596/13/5345 
f 5598/13/5347 5706/13/5348 5705/13/5346 
f 5707/13/5349 5706/13/5348 5598/13/5347 
f 5600/13/5349 5707/13/5349 5598/13/5347 
f 5708/13/5101 5707/13/5349 5600/13/5349 
f 5602/13/5349 5708/13/5101 5600/13/5349 
f 5709/13/5101 5708/13/5101 5602/13/5349 
f 5709/13/5101 5602/13/5349 5604/13/5101 
f 5710/13/5101 5709/13/5101 5604/13/5101 
f 5710/13/5101 5604/13/5101 5606/13/5101 
f 5694/13/5101 5710/13/5101 5606/13/5101 
f 5514/13/5101 5694/13/5101 5606/13/5101 
f 5499/13/5350 5711/13/5351 5576/13/5352 
f 5499/13/5350 5501/13/5350 5711/13/5351 
f 5501/13/5350 5503/13/5350 5711/13/5351 
f 5503/13/5350 5505/13/5353 5711/13/5351 
f 5505/13/5353 5507/13/4850 5711/13/5351 
f 5507/13/4850 5509/13/4850 5711/13/5351 
f 5509/13/4850 5511/13/5354 5711/13/5351 
f 5668/13/5355 5712/13/5356 5593/13/5357 
f 5712/13/5356 5595/13/5357 5593/13/5357 
f 5712/13/5356 5597/13/5357 5595/13/5357 
f 5712/13/5356 5599/13/5358 5597/13/5357 
f 5712/13/5356 5601/13/5356 5599/13/5358 
f 5712/13/5356 5603/13/5354 5601/13/5356 
f 5605/13/5354 5603/13/5354 5712/13/5356 
f 5711/13/5351 5668/13/5355 5576/13/5352 
f 5711/13/5351 5712/13/5356 5668/13/5355 
f 5607/13/5354 5605/13/5354 5712/13/5356 
f 5711/13/5351 5511/13/5354 5513/13/5354 
f 5711/13/5351 5513/13/5354 5515/13/5354 
f 5515/13/5354 5607/13/5354 5712/13/5356 
f 5711/13/5351 5515/13/5354 5712/13/5356 
f 5576/13/5352 5668/13/5355 5577/13/5359 
f 5577/13/5359 5668/13/5355 5670/13/5359 
f 5670/13/5360 5713/13/5361 5714/13/5362 
f 5670/13/5360 5714/13/5362 5577/13/5363 
f 5713/13/5361 5715/13/5364 5714/13/5362 
f 5714/13/5362 5715/13/5364 5716/13/5365 
f 5715/13/5364 5717/13/5366 5716/13/5365 
f 5716/13/5365 5717/13/5366 5718/13/5367 
f 5717/13/5368 5634/13/5369 5635/13/5370 
f 5543/13/5370 5717/13/5368 5635/13/5370 
f 5542/13/5371 5718/13/5368 5543/13/5370 
f 5543/13/5370 5718/13/5368 5717/13/5368 
f 5543/13/5370 5635/13/5370 5545/13/5372 
f 5545/13/5372 5635/13/5370 5637/13/5372 
f 5545/13/5372 5637/13/5372 5546/13/5373 
f 5546/13/5373 5637/13/5372 5639/13/5373 
f 5546/13/5373 5639/13/5373 5640/13/5354 
f 5546/13/5373 5640/13/5354 5548/13/5354 
f 5642/13/5374 5548/13/5375 5640/13/5375 
f 5642/13/5374 5550/13/5374 5548/13/5375 
f 5552/13/5376 5550/13/5374 5642/13/5374 
f 5644/13/5376 5552/13/5376 5642/13/5374 
f 5554/13/5377 5552/13/5376 5644/13/5376 
f 5646/13/5377 5554/13/5377 5644/13/5376 
f 5556/13/5378 5554/13/5377 5646/13/5377 
f 5648/13/5378 5556/13/5378 5646/13/5377 
f 5558/13/5379 5556/13/5378 5648/13/5378 
f 5558/13/5379 5648/13/5378 5650/13/5379 
f 5560/13/5380 5558/13/5379 5650/13/5379 
f 5560/13/5380 5650/13/5379 5652/13/5380 
f 5562/13/5381 5560/13/5380 5652/13/5380 
f 5562/13/5381 5652/13/5380 5654/13/5381 
f 5564/13/5382 5562/13/5381 5654/13/5381 
f 5564/13/5382 5654/13/5381 5656/13/5382 
f 5566/13/5383 5564/13/5382 5656/13/5382 
f 5566/13/5383 5656/13/5382 5658/13/5383 
f 5493/13/5384 5495/13/5385 5579/13/5386 
f 5495/13/5387 5578/13/5387 5579/13/5387 
f 5495/13/5387 5497/13/5387 5578/13/5387 
f 5578/13/5388 5497/13/5389 5576/13/5388 
f 5497/13/5389 5499/13/5389 5576/13/5388 
f 5521/13/5390 5584/13/5391 5583/13/5392 
f 5521/13/5390 5583/13/5392 5528/13/5393 
f 5528/13/5393 5583/13/5392 5530/13/5394 
f 5530/13/5394 5583/13/5392 5582/13/5395 
f 5582/13/5396 5532/13/5397 5530/13/5398 
f 5582/13/5396 5581/13/5399 5532/13/5397 
f 5532/13/5397 5581/13/5399 5534/13/5400 
f 5581/13/5399 5580/13/5401 5534/13/5400 
f 5580/13/5401 5536/13/5402 5534/13/5400 
f 5580/13/5401 5577/13/5363 5536/13/5402 
f 5577/13/5363 5538/13/5403 5536/13/5402 
f 5577/13/5363 5714/13/5362 5538/13/5403 
f 5538/13/5403 5714/13/5362 5540/13/5404 
f 5714/13/5362 5716/13/5365 5540/13/5404 
f 5716/13/5365 5542/13/5405 5540/13/5404 
f 5716/13/5365 5718/13/5367 5542/13/5405 
f 5493/13/5384 5579/13/5386 5585/13/5406 
f 5521/13/5390 5493/13/5384 5585/13/5406 
f 5521/13/5390 5585/13/5406 5584/13/5391 
f 5671/13/5386 5589/13/5407 5588/13/5408 
f 5671/13/5409 5669/13/5409 5589/13/5409 
f 5669/13/5409 5591/13/5409 5589/13/5409 
f 5669/13/5410 5668/13/5410 5591/13/5411 
f 5591/13/5411 5668/13/5410 5593/13/5411 
f 5675/13/5412 5676/13/5413 5613/13/5414 
f 5675/13/5412 5613/13/5414 5620/13/5415 
f 5675/13/5412 5620/13/5415 5622/13/5416 
f 5674/13/5417 5675/13/5412 5622/13/5416 
f 5674/13/5418 5622/13/5419 5624/13/5420 
f 5674/13/5418 5624/13/5420 5673/13/5421 
f 5624/13/5420 5626/13/5422 5673/13/5421 
f 5673/13/5421 5626/13/5422 5672/13/5423 
f 5672/13/5423 5626/13/5422 5628/13/5424 
f 5672/13/5423 5628/13/5424 5670/13/5360 
f 5670/13/5360 5628/13/5424 5630/13/5425 
f 5670/13/5360 5630/13/5425 5713/13/5361 
f 5630/13/5425 5632/13/5426 5713/13/5361 
f 5713/13/5361 5632/13/5426 5715/13/5364 
f 5715/13/5364 5632/13/5426 5634/13/5427 
f 5715/13/5364 5634/13/5427 5717/13/5366 
f 5677/13/5428 5671/13/5386 5588/13/5408 
f 5677/13/5428 5588/13/5408 5613/13/5414 
f 5676/13/5413 5677/13/5428 5613/13/5414 
f 5719/13/4192 5720/13/4192 5721/13/5101 
f 5721/13/5101 5720/13/4192 5722/13/5101 
f 5720/13/4192 5723/13/4192 5722/13/5101 
f 5722/13/5101 5723/13/4192 5724/13/5101 
f 5725/13/5429 5721/13/5101 5722/13/5101 
f 5725/13/5429 5722/13/5101 5726/13/5429 
f 5726/13/5429 5722/13/5101 5724/13/5101 
f 5726/13/5429 5724/13/5101 5727/13/5429 
f 5728/13/5430 5726/13/5430 5727/13/5431 
f 5728/13/5430 5727/13/5431 5729/13/5431 
f 5730/13/4192 5731/13/4192 5732/13/5101 
f 5730/13/4192 5732/13/5101 5733/13/5101 
f 5734/13/4192 5730/13/4192 5733/13/5101 
f 5734/13/4192 5733/13/5101 5735/13/5101 
f 5733/13/5101 5732/13/5101 5736/13/5429 
f 5733/13/5101 5736/13/5429 5737/13/5429 
f 5735/13/5101 5733/13/5101 5737/13/5429 
f 5735/13/5101 5737/13/5429 5738/13/5429 
f 5739/13/5432 5738/13/5433 5737/13/5432 
f 5740/13/5433 5738/13/5433 5739/13/5432 
f 5741/13/5368 5742/13/5368 5743/13/5368 
f 5742/13/5368 5744/13/5368 5743/13/5368 
f 5745/13/5368 5746/13/5368 5747/13/5368 
f 5748/13/5368 5746/13/5368 5745/13/5368 
f 5749/13/5434 5750/13/5434 5751/13/5434 
f 5752/13/5434 5750/13/5434 5749/13/5434 
f 5749/13/4179 5753/13/4179 5752/13/4179 
f 5753/13/4179 5754/13/4179 5752/13/4179 
f 5753/13/5435 5755/13/5435 5754/13/5435 
f 5754/13/5435 5755/13/5435 5756/13/5435 
f 5751/13/4164 5756/13/4164 5755/13/4164 
f 5751/13/4164 5750/13/4164 5756/13/4164 
f 5754/13/5436 5750/13/5436 5752/13/5436 
f 5756/13/5436 5750/13/5436 5754/13/5436 
f 5753/13/5437 5749/13/5437 5751/13/5437 
f 5753/13/5437 5751/13/5437 5755/13/5437 
usemtl Material_27
f 5757/13/5438 5758/13/5439 5759/13/5439 
f 5760/13/5438 5758/13/5439 5757/13/5438 
f 5761/13/5440 5758/13/5441 5760/13/5442 
f 5761/13/5440 5760/13/5442 5762/13/5442 
f 5762/13/5443 5763/13/5444 5761/13/5444 
f 5764/13/5443 5763/13/5444 5762/13/5443 
f 5763/13/5445 5764/13/5446 5759/13/5447 
f 5764/13/5446 5757/13/5446 5759/13/5447 
f 5765/13/5448 5760/13/5438 5757/13/5438 
f 5766/13/5448 5760/13/5438 5765/13/5448 
f 5762/13/5442 5760/13/5442 5766/13/5449 
f 5767/13/5450 5762/13/5442 5766/13/5449 
f 5767/13/5451 5764/13/5443 5762/13/5443 
f 5768/13/5451 5764/13/5443 5767/13/5451 
f 5768/13/5452 5757/13/5446 5764/13/5446 
f 5768/13/5452 5765/13/5453 5757/13/5446 
f 5768/13/4179 5766/13/4179 5765/13/4179 
f 5768/13/4179 5767/13/4179 5766/13/4179 
f 5761/13/4164 5759/13/4164 5758/13/4164 
f 5763/13/4164 5759/13/4164 5761/13/4164 
f 5769/13/5454 5770/13/5454 5771/13/5455 
f 5771/13/5455 5770/13/5454 5772/13/5455 
f 5773/13/5456 5772/13/5457 5770/13/5456 
f 5773/13/5456 5774/13/5457 5772/13/5457 
f 5775/13/5458 5774/13/5459 5773/13/5458 
f 5775/13/5458 5776/13/5459 5774/13/5459 
f 5769/13/5460 5776/13/5461 5775/13/5460 
f 5769/13/5460 5771/13/5461 5776/13/5461 
f 5777/13/5462 5771/13/5455 5772/13/5455 
f 5777/13/5462 5772/13/5455 5778/13/5462 
f 5772/13/5457 5774/13/5457 5778/13/5463 
f 5774/13/5457 5779/13/5463 5778/13/5463 
f 5776/13/5459 5779/13/5464 5774/13/5459 
f 5780/13/5464 5779/13/5464 5776/13/5459 
f 5771/13/5461 5780/13/5465 5776/13/5461 
f 5771/13/5461 5777/13/5465 5780/13/5465 
f 5778/13/4164 5780/13/4164 5777/13/4164 
f 5778/13/4164 5779/13/4164 5780/13/4164 
f 5770/13/4179 5769/13/4179 5773/13/4179 
f 5769/13/4179 5775/13/4179 5773/13/4179 
usemtl Material_25
f 5781/13/5466 5782/13/5466 5783/13/5466 
f 5781/13/5466 5784/13/5466 5782/13/5466 
f 5785/13/5467 5786/13/5467 5787/13/5467 
f 5788/13/5467 5786/13/5467 5785/13/5467 
f 5786/13/5468 5788/13/5469 5783/13/5470 
f 5783/13/5470 5788/13/5469 5781/13/5471 
f 5787/13/5472 5783/13/5472 5782/13/5472 
f 5787/13/5472 5786/13/5472 5783/13/5472 
f 5785/13/5473 5784/13/5473 5781/13/5473 
f 5785/13/5473 5781/13/5473 5788/13/5473 
f 5789/13/5474 5790/13/5475 5791/13/5476 
f 5789/13/5474 5791/13/5476 5792/13/5477 
f 5782/13/5478 5784/13/5479 5785/13/5480 
f 5787/13/5481 5782/13/5478 5785/13/5480 
f 5793/13/5482 5794/13/5482 5795/13/5482 
f 5793/13/5482 5796/13/5482 5794/13/5482 
f 5797/13/5483 5798/13/5483 5799/13/5483 
f 5798/13/5483 5800/13/5483 5799/13/5483 
f 5798/13/5484 5795/13/5485 5800/13/5486 
f 5795/13/5485 5794/13/5487 5800/13/5486 
f 5797/13/5488 5793/13/5488 5795/13/5488 
f 5797/13/5488 5795/13/5488 5798/13/5488 
f 5799/13/5489 5794/13/5489 5796/13/5489 
f 5799/13/5489 5800/13/5489 5794/13/5489 
f 5801/13/5490 5802/13/5491 5803/13/5492 
f 5801/13/5490 5804/13/5493 5802/13/5491 
f 5793/13/5494 5799/13/5495 5796/13/5496 
f 5797/13/5497 5799/13/5495 5793/13/5494 
usemtl Material_13
f 5633/13/5498 5805/13/5498 5806/13/5498 
f 5807/13/5499 5805/13/5500 5633/13/5501 
f 5631/13/5502 5807/13/5499 5633/13/5501 
f 5808/13/5503 5807/13/5499 5631/13/5502 
f 5629/13/5504 5808/13/5503 5631/13/5502 
f 5809/13/5505 5808/13/5503 5629/13/5504 
f 5627/13/5506 5809/13/5505 5629/13/5504 
f 5810/13/5507 5809/13/5505 5627/13/5506 
f 5625/13/5508 5810/13/5507 5627/13/5506 
f 5811/13/5509 5810/13/5507 5625/13/5508 
f 5623/13/5510 5811/13/5509 5625/13/5508 
f 5812/13/5511 5811/13/5509 5623/13/5510 
f 5621/13/5512 5812/13/5511 5623/13/5510 
f 5619/13/5513 5812/13/5511 5621/13/5512 
f 5619/13/5513 5813/13/5514 5812/13/5511 
f 5618/13/5515 5813/13/5514 5619/13/5513 
f 5618/13/5515 5814/13/5516 5813/13/5514 
f 5617/13/5517 5814/13/5516 5618/13/5515 
f 5617/13/5517 5815/13/5518 5814/13/5516 
f 5616/13/5519 5815/13/5518 5617/13/5517 
f 5816/13/5520 5815/13/5518 5616/13/5519 
f 5615/13/5521 5816/13/5520 5616/13/5519 
f 5615/13/5521 5817/13/5522 5816/13/5520 
f 5614/13/5523 5817/13/5522 5615/13/5521 
f 5614/13/5523 5818/13/5524 5817/13/5522 
f 5660/13/5525 5818/13/5524 5614/13/5523 
f 5819/13/5526 5818/13/5524 5660/13/5525 
f 5663/13/5527 5819/13/5526 5660/13/5525 
f 5820/13/5528 5819/13/5526 5663/13/5527 
f 5665/13/5529 5820/13/5528 5663/13/5527 
f 5821/13/5530 5820/13/5528 5665/13/5529 
f 5666/13/5531 5821/13/5530 5665/13/5529 
f 5822/13/5532 5821/13/5530 5666/13/5531 
f 5667/13/5533 5822/13/5534 5666/13/5535 
f 5667/13/5533 5823/13/5536 5822/13/5534 
f 5633/13/5537 5806/13/5538 5824/13/5539 
f 5633/13/5537 5824/13/5539 5636/13/5540 
f 5636/13/5540 5824/13/5539 5825/13/5541 
f 5636/13/5540 5825/13/5541 5638/13/5542 
f 5638/13/5542 5825/13/5541 5826/13/5543 
f 5638/13/5542 5826/13/5543 5641/13/5544 
f 5827/13/5545 5641/13/5546 5826/13/5546 
f 5643/13/5547 5641/13/5546 5827/13/5545 
f 5828/13/5548 5643/13/5547 5827/13/5545 
f 5828/13/5548 5645/13/5549 5643/13/5547 
f 5829/13/5550 5645/13/5549 5828/13/5548 
f 5647/13/5551 5645/13/5549 5829/13/5550 
f 5830/13/5552 5647/13/5551 5829/13/5550 
f 5830/13/5552 5649/13/5553 5647/13/5551 
f 5831/13/5554 5649/13/5553 5830/13/5552 
f 5831/13/5554 5651/13/5555 5649/13/5553 
f 5832/13/5556 5651/13/5555 5831/13/5554 
f 5832/13/5556 5653/13/5557 5651/13/5555 
f 5833/13/5558 5653/13/5557 5832/13/5556 
f 5833/13/5558 5655/13/5559 5653/13/5557 
f 5657/13/5560 5655/13/5559 5833/13/5558 
f 5834/13/5561 5657/13/5560 5833/13/5558 
f 5659/13/5562 5657/13/5560 5834/13/5561 
f 5835/13/5563 5659/13/5562 5834/13/5561 
f 5836/13/5564 5659/13/5562 5835/13/5563 
f 4559/13/5565 5836/13/5564 5835/13/5563 
f 4536/13/5566 5567/13/5566 5566/13/5566 
f 5659/13/5567 4559/13/5567 5658/13/5567 
f 5837/13/5568 5541/13/5568 5838/13/5568 
f 5839/13/5569 5541/13/5570 5837/13/5571 
f 5539/13/5572 5541/13/5570 5839/13/5569 
f 5840/13/5573 5539/13/5572 5839/13/5569 
f 5537/13/5574 5539/13/5572 5840/13/5573 
f 5841/13/5575 5537/13/5574 5840/13/5573 
f 5535/13/5576 5537/13/5574 5841/13/5575 
f 5842/13/5577 5535/13/5576 5841/13/5575 
f 5533/13/5578 5535/13/5576 5842/13/5577 
f 5843/13/5579 5533/13/5578 5842/13/5577 
f 5531/13/5580 5533/13/5578 5843/13/5579 
f 5844/13/5581 5531/13/5580 5843/13/5579 
f 5529/13/5582 5531/13/5580 5844/13/5581 
f 5527/13/5583 5529/13/5582 5844/13/5581 
f 5527/13/5583 5844/13/5581 5845/13/5584 
f 5526/13/5585 5527/13/5583 5845/13/5584 
f 5526/13/5585 5845/13/5584 5846/13/5586 
f 5525/13/5587 5526/13/5585 5846/13/5586 
f 5525/13/5587 5846/13/5586 5847/13/5588 
f 5524/13/5589 5525/13/5587 5847/13/5588 
f 5848/13/5590 5524/13/5589 5847/13/5588 
f 5523/13/5591 5524/13/5589 5848/13/5590 
f 5523/13/5591 5848/13/5590 5849/13/5592 
f 5522/13/5593 5523/13/5591 5849/13/5592 
f 5522/13/5593 5849/13/5592 5850/13/5594 
f 5568/13/5595 5522/13/5593 5850/13/5594 
f 5851/13/5596 5568/13/5595 5850/13/5594 
f 5571/13/5597 5568/13/5595 5851/13/5596 
f 5852/13/5598 5571/13/5597 5851/13/5596 
f 5573/13/5599 5571/13/5597 5852/13/5598 
f 5853/13/5600 5573/13/5599 5852/13/5598 
f 5574/13/5601 5573/13/5599 5853/13/5600 
f 5854/13/5602 5574/13/5601 5853/13/5600 
f 5575/13/5603 5574/13/5604 5854/13/5605 
f 5575/13/5603 5854/13/5605 5855/13/5606 
f 5838/13/5607 5541/13/5608 5856/13/5609 
f 5856/13/5609 5541/13/5608 5544/13/5610 
f 5856/13/5609 5544/13/5610 5857/13/5611 
f 5857/13/5611 5544/13/5610 5547/13/5612 
f 5858/13/5613 5857/13/5611 5547/13/5612 
f 5858/13/5613 5547/13/5612 5549/13/5614 
f 5859/13/5615 5858/13/5616 5549/13/5616 
f 5551/13/5617 5859/13/5615 5549/13/5616 
f 5860/13/5618 5859/13/5615 5551/13/5617 
f 5860/13/5618 5551/13/5617 5553/13/5619 
f 5861/13/5620 5860/13/5618 5553/13/5619 
f 5555/13/5621 5861/13/5620 5553/13/5619 
f 5862/13/5622 5861/13/5620 5555/13/5621 
f 5862/13/5622 5555/13/5621 5557/13/5623 
f 5863/13/5624 5862/13/5622 5557/13/5623 
f 5863/13/5624 5557/13/5623 5559/13/5625 
f 5864/13/5626 5863/13/5624 5559/13/5625 
f 5864/13/5626 5559/13/5625 5561/13/5627 
f 5865/13/5628 5864/13/5626 5561/13/5627 
f 5865/13/5628 5561/13/5627 5563/13/5629 
f 5565/13/5630 5865/13/5628 5563/13/5629 
f 5866/13/5631 5865/13/5628 5565/13/5630 
f 5567/13/5632 5866/13/5631 5565/13/5630 
f 5867/13/5633 5866/13/5631 5567/13/5632 
f 5868/13/5634 5867/13/5633 5567/13/5632 
f 4536/13/5635 5867/13/5633 5868/13/5634 
# 0 polygons - 2179 triangles

#
# object door_lf_du_001
#

v  0.9887 0.6751 0.6326
v  0.9387 0.6251 0.6326
v  0.9887 0.6251 0.6826
v  0.9887 0.5751 0.6326
v  1.0387 0.6251 0.6326
v  0.9887 0.6251 0.5826
# 6 vertices

vn -0.5774 0.5774 0.5774
vn -0.5774 -0.5774 0.5774
vn 0.5774 -0.5774 0.5774
vn 0.5774 0.5774 0.5774
vn -0.5774 0.5774 -0.5774
vn -0.5774 -0.5774 -0.5774
vn 0.5774 -0.5774 -0.5774
vn 0.5774 0.5774 -0.5774
# 8 vertex normals

vt 0.0000 0.0000 0.0000
# 1 texture coords

g door_lf_du_001
usemtl Material_1
s off
f 5869/14/5636 5870/14/5636 5871/14/5636 
f 5871/14/5637 5870/14/5637 5872/14/5637 
f 5873/14/5638 5871/14/5638 5872/14/5638 
f 5873/14/5639 5869/14/5639 5871/14/5639 
f 5874/14/5640 5870/14/5640 5869/14/5640 
f 5872/14/5641 5870/14/5641 5874/14/5641 
f 5873/14/5642 5872/14/5642 5874/14/5642 
f 5873/14/5643 5874/14/5643 5869/14/5643 
# 0 polygons - 8 triangles

#
# object bump_rear__2_001
#

v  0.0000 0.5320 -2.4647
v  -0.0500 0.4820 -2.4647
v  0.0000 0.4820 -2.4147
v  0.0000 0.4320 -2.4647
v  0.0500 0.4820 -2.4647
v  0.0000 0.4820 -2.5147
# 6 vertices

vn -0.5774 0.5774 0.5774
vn -0.5774 -0.5774 0.5774
vn 0.5774 -0.5774 0.5774
vn 0.5774 0.5774 0.5774
vn -0.5774 0.5774 -0.5774
vn -0.5774 -0.5774 -0.5774
vn 0.5774 -0.5774 -0.5774
vn 0.5774 0.5774 -0.5774
# 8 vertex normals

vt 0.0000 0.0000 0.0000
# 1 texture coords

g bump_rear__2_001
usemtl Material_1
s off
f 5875/15/5644 5876/15/5644 5877/15/5644 
f 5876/15/5645 5878/15/5645 5877/15/5645 
f 5877/15/5646 5878/15/5646 5879/15/5646 
f 5875/15/5647 5877/15/5647 5879/15/5647 
f 5875/15/5648 5880/15/5648 5876/15/5648 
f 5880/15/5649 5878/15/5649 5876/15/5649 
f 5879/15/5650 5878/15/5650 5880/15/5650 
f 5875/15/5651 5879/15/5651 5880/15/5651 
# 0 polygons - 8 triangles

#
# object door_lf_hi_001
#

v  0.9887 0.9309 -0.6781
v  0.9980 0.9277 -0.6584
v  0.9919 0.9248 -0.6707
v  0.9921 0.9379 -0.6691
v  1.0225 0.8731 -0.6701
v  1.0303 0.8742 -0.6583
v  1.0267 0.8677 -0.6764
v  1.0348 0.8666 -0.6677
v  1.0347 0.8667 -0.8302
v  1.0267 0.8676 -0.8224
v  1.0300 0.8744 -0.8408
v  1.0226 0.8730 -0.8315
v  0.9981 0.9279 -0.8394
v  0.9919 0.9247 -0.8310
v  0.9923 0.9377 -0.8284
v  0.9887 0.9309 -0.8231
v  1.0140 0.9040 -0.8322
v  1.0037 0.9011 -0.6660
v  1.0036 0.9010 -0.8322
v  1.0141 0.9041 -0.6660
v  0.9974 0.9109 -0.6607
v  1.0103 0.9102 -0.6607
v  0.9891 0.9259 -0.6604
v  1.0007 0.9261 -0.6604
v  0.9856 0.9351 -0.6709
v  0.9960 0.9351 -0.6709
v  0.9854 0.9354 -0.8266
v  0.9958 0.9353 -0.8266
v  0.9893 0.9260 -0.8364
v  1.0005 0.9262 -0.8364
v  0.9975 0.9110 -0.8366
v  1.0102 0.9103 -0.8366
v  1.0324 0.8672 -0.8400
v  1.0227 0.8654 -0.7961
v  1.0227 0.8654 -0.8400
v  1.0324 0.8672 -0.7961
v  1.0036 0.9148 -0.8400
v  0.9943 0.9144 -0.8400
v  1.0036 0.9148 -0.7961
v  0.9943 0.9144 -0.7961
v  1.0348 0.7655 0.5559
v  1.0348 0.8133 0.6729
v  1.0348 0.7658 0.6748
v  1.0301 0.7096 0.5668
v  1.0301 0.7099 0.6757
v  1.0289 0.6422 0.5668
v  1.0290 0.6426 0.6766
v  1.0269 0.5821 0.5741
v  1.0270 0.5825 0.6754
v  1.0136 0.3982 0.5606
v  1.0229 0.5079 0.5705
v  1.0225 0.5077 0.6708
v  1.0137 0.3979 0.6565
v  0.9820 0.2754 0.5375
v  0.9826 0.2745 0.6244
v  1.0323 0.3992 -0.6618
v  1.0007 0.2846 -0.6569
v  1.0539 0.8134 -0.6539
v  1.0401 0.8563 -0.6491
v  1.0346 0.8135 0.5587
v  1.0536 0.7649 -0.6556
v  1.0485 0.7127 -0.6563
v  1.0476 0.6423 -0.6563
v  1.0459 0.5939 -0.6573
v  1.0416 0.5131 -0.6608
v  1.0534 0.8132 -0.8543
v  1.0401 0.8572 -0.8499
v  1.0401 0.8563 -0.9777
v  1.0537 0.8115 -0.9703
v  1.0536 0.7682 -0.8559
v  1.0536 0.7653 -0.9578
v  1.0485 0.7147 -0.8529
v  1.0485 0.7097 -0.9457
v  1.0476 0.6448 -0.8526
v  1.0476 0.6426 -0.9273
v  1.0459 0.5964 -0.8482
v  1.0459 0.5943 -0.9111
v  1.0416 0.5137 -0.8866
v  1.0416 0.5137 -0.8490
v  1.0323 0.3988 -0.8452
v  1.0078 0.3051 -0.8020
v  1.0007 0.2842 -0.7671
v  0.9512 0.9690 0.5416
v  0.9423 0.9842 0.6375
v  1.0212 0.8557 0.5577
v  1.0216 0.8558 0.6664
v  0.9533 0.9965 -0.6499
v  0.9832 0.9514 -0.6490
v  0.9832 0.9533 -0.8473
v  0.9533 0.9972 -0.8362
v  0.9533 0.9974 -0.9857
v  0.9832 0.9515 -0.9857
v  1.0198 0.8914 -0.9796
v  0.9007 1.0798 -0.8787
v  0.9033 1.0778 -0.9789
v  0.8586 1.1587 -0.9546
v  0.8586 1.1587 -0.8663
v  0.7468 1.3162 -0.8819
v  0.7468 1.3162 -0.8126
v  0.6769 1.4115 -0.8267
v  0.6769 1.4124 -0.7589
v  0.6490 1.4428 -0.7524
v  0.6490 1.4423 -0.8011
v  0.6791 1.4168 -0.5913
v  0.6456 1.4442 -0.5869
v  0.6844 1.4122 -0.3023
v  0.6457 1.4426 -0.3032
v  0.6885 1.4094 -0.2620
v  0.6518 1.4382 -0.2560
v  0.6968 1.3978 -0.2045
v  0.6626 1.4282 -0.1953
v  0.7065 1.3778 -0.1486
v  0.6723 1.4052 -0.1318
v  0.7861 1.2769 0.1293
v  0.8122 1.2502 0.1152
v  0.8856 1.1161 0.4264
v  0.9072 1.0807 0.4003
v  0.9265 0.9914 0.6336
v  0.8702 1.1205 0.4286
v  0.7659 1.2789 0.1307
v  0.6567 1.4078 -0.1298
v  0.6431 1.4313 -0.1927
v  0.6303 1.4418 -0.2552
v  0.6259 1.4473 -0.3023
v  0.6281 1.4498 -0.5857
v  0.6237 1.4492 -0.7508
v  1.0275 1.1101 0.3508
v  0.9613 1.1074 0.3808
v  0.8957 1.0666 0.4016
v  1.0351 1.0792 0.3583
v  1.1204 1.1087 0.2916
v  1.1468 1.0861 0.2917
v  0.9113 1.0374 0.4105
v  1.0361 1.0482 0.3657
v  1.1481 1.0551 0.3004
v  0.9248 1.0099 0.3978
v  1.0394 1.0172 0.3579
v  1.1446 1.0241 0.2939
v  0.9377 0.9796 0.3775
v  1.0396 0.9862 0.3480
v  1.1299 0.9932 0.2897
v  0.9590 1.1074 0.3129
v  1.0253 1.1101 0.2872
v  1.1051 1.1087 0.2562
v  1.1155 0.9932 0.2522
v  1.0382 0.9862 0.2821
v  0.9363 0.9796 0.3073
v  1.1272 1.0861 0.2476
v  1.1307 1.0551 0.2476
v  1.1272 1.0241 0.2476
v  0.8891 1.0666 0.3249
v  1.0234 0.8862 -0.8170
v  1.0252 0.8803 -0.8063
v  1.0283 0.8750 -0.8170
v  1.0190 0.8910 -0.8063
v  1.0158 0.8963 -0.8170
v  1.0190 0.8910 -0.8277
v  1.0252 0.8803 -0.8277
v  1.0285 1.0792 0.2859
v  0.9048 1.0374 0.3229
v  1.0317 1.0482 0.2847
v  0.9204 1.0099 0.3189
v  1.0350 1.0172 0.2834
v  0.8919 0.3060 -0.7812
v  0.8919 0.4018 -0.8304
v  0.8919 0.5211 -0.8727
v  0.8919 0.5976 -0.8988
v  0.8919 0.6446 -0.9143
v  0.8919 0.7135 -0.9293
v  0.8919 0.7698 -0.9419
v  0.8919 0.8157 -0.9515
v  0.8919 0.8594 -0.9616
v  0.8919 0.8956 -0.9603
v  0.8919 0.9498 -0.9676
v  0.8676 0.9989 -0.9670
v  0.8919 0.2966 -0.6561
v  0.8919 0.2861 0.5384
v  0.8919 0.2843 0.6206
v  0.8919 0.4008 0.6492
v  0.8919 0.5066 0.6634
v  0.8919 0.5832 0.6662
v  0.8919 0.6398 0.6668
v  0.8919 0.7090 0.6655
v  0.8919 0.7642 0.6650
v  0.8919 0.8115 0.6661
v  0.8919 0.8542 0.6586
v  0.8919 0.9824 0.6320
v  0.8919 0.9900 0.6290
v  0.9439 0.8066 0.1397
v  0.8295 0.6786 0.3952
v  0.8125 0.8313 0.2886
v  0.9244 0.6786 0.3958
v  0.9439 0.9479 0.1606
v  0.9487 0.9479 0.4300
v  0.8125 0.9479 0.3075
v  0.8538 0.9479 0.4294
v  0.9405 1.0118 -0.6495
v  0.9420 1.0161 -0.8289
v  0.8990 1.0838 -0.8604
v  0.8587 1.1584 -0.8548
v  0.7502 1.3114 -0.8014
v  0.6886 1.3966 -0.7533
v  0.6886 1.4042 -0.5899
v  0.6926 1.3988 -0.3040
v  0.6950 1.3944 -0.2623
v  0.7028 1.3857 -0.2050
v  0.7116 1.3660 -0.1520
v  0.8182 1.2331 0.1066
v  0.8886 1.1050 0.3115
v  0.9349 0.9918 0.3024
v  1.0527 0.5848 -0.8987
v  1.0527 0.5848 -0.8358
v  1.0527 0.5314 -0.8804
v  1.0527 0.5299 -0.8342
v  1.0539 0.5314 -0.6582
v  1.0347 0.5215 0.5730
v  1.0345 0.5234 0.6674
v  1.0345 0.5687 0.6674
v  1.0347 0.5687 0.5739
v  1.0539 0.5803 -0.6583
v  0.8030 1.1683 -0.5868
v  0.8070 1.1629 -0.3009
v  0.9485 0.9877 -0.3594
v  0.8030 1.1607 -0.7502
v  0.8645 1.0755 -0.7983
v  0.9519 0.9926 -0.8347
v  0.8259 1.1301 -0.1489
v  0.9401 0.9885 0.1072
v  0.8172 1.1497 -0.2019
v  0.8093 1.1585 -0.2592
# 230 vertices

vn 0.9052 0.0339 -0.4237
vn 0.8985 -0.0580 -0.4352
vn 0.9054 0.0937 -0.4142
vn 0.7552 0.4416 -0.4845
vn 0.7518 0.4413 -0.4900
vn 0.7341 0.4393 -0.5178
vn 0.7308 0.4389 -0.5227
vn 0.4905 0.7840 -0.3805
vn 0.4858 0.7869 -0.3806
vn 0.4617 0.8010 -0.3810
vn 0.5111 0.7710 -0.3798
vn 0.1345 0.9909 0.0006
vn 0.1126 0.9936 -0.0006
vn 0.1110 0.9938 -0.0007
vn 0.4591 0.8032 0.3797
vn 0.3904 0.8384 0.3804
vn 0.3974 0.8351 0.3804
vn 0.3137 0.8707 0.3787
vn 0.6889 0.3953 0.6075
vn 0.6659 0.3892 0.6365
vn 0.6864 0.3947 0.6109
vn 0.6627 0.3883 0.6404
vn 0.8219 -0.1375 0.5528
vn 0.8599 -0.1270 0.4944
vn 0.8470 -0.1308 0.5153
vn 0.8880 -0.1178 0.4445
vn 0.8871 -0.4616 0.0017
vn 0.9004 -0.4350 0.0002
vn 0.9014 -0.4330 0.0001
vn 0.8548 0.5123 -0.0830
vn 0.8578 0.5136 -0.0214
vn 0.8570 0.5143 -0.0314
vn 0.8583 0.5102 -0.0549
vn 0.8571 0.5134 0.0431
vn 0.8566 0.5155 0.0200
vn 0.8547 0.5152 0.0636
vn 0.8513 0.5053 0.1413
vn 0.2771 -0.9609 0.0004
vn 0.0525 -0.5249 0.8496
vn 0.1178 -0.4087 0.9050
vn 0.0445 -0.5381 0.8417
vn -0.0381 -0.6651 0.7457
vn -0.0003 -0.0172 0.9999
vn -0.0010 -0.0183 0.9998
vn -0.0053 0.7522 0.6589
vn -0.0029 0.7540 0.6569
vn -0.0114 0.7478 0.6638
vn 0.0037 0.7588 0.6514
vn 0.0049 1.0000 0.0014
vn -0.0026 0.7258 -0.6879
vn -0.0055 0.7267 -0.6869
vn 0.0036 0.7237 -0.6901
vn -0.0114 0.7287 -0.6848
vn 0.0001 0.0175 -0.9998
vn -0.0209 -0.4114 -0.9112
vn 0.0617 -0.4583 -0.8867
vn 0.0474 -0.4504 -0.8915
vn 0.1445 -0.5011 -0.8532
vn 0.8653 0.5013 -0.0005
vn 0.8859 0.4639 -0.0007
vn 0.8662 0.4997 -0.0002
vn 0.8898 0.4564 -0.0002
vn 0.8552 0.5183 -0.0003
vn 0.8531 0.5217 -0.0002
vn 0.8592 0.5116 0.0002
vn 0.8473 0.5311 -0.0008
vn 0.1890 -0.9820 -0.0000
vn -0.0400 0.9992 -0.0000
vn 0.0000 0.0000 -1.0000
vn 0.0000 0.0000 1.0000
vn 0.9992 -0.0402 0.0083
vn 0.9901 0.1407 -0.0004
vn 0.9991 -0.0426 0.0001
vn 0.9987 -0.0501 0.0072
vn 0.9988 -0.0499 -0.0002
vn 0.9997 -0.0244 0.0076
vn 0.9997 -0.0243 -0.0009
vn 0.9995 -0.0318 0.0065
vn 0.9995 -0.0323 -0.0011
vn 0.9858 -0.1676 0.0071
vn 0.9963 -0.0854 0.0091
vn 0.9966 -0.0827 0.0017
vn 0.9881 -0.1535 -0.0024
vn 0.9685 -0.2490 0.0056
vn 0.9701 -0.2424 -0.0083
vn 0.9848 -0.1737 0.0071
vn 0.9641 -0.2655 0.0085
vn 0.9884 0.1517 0.0068
vn 0.9149 0.4035 0.0151
vn 0.9880 0.1543 0.0066
vn 0.9986 -0.0521 0.0071
vn 0.9984 -0.0553 0.0071
vn 0.9997 -0.0231 0.0075
vn 0.9994 -0.0336 0.0073
vn 0.9966 -0.0816 0.0075
vn 0.9888 0.1492 -0.0006
vn 0.9163 0.4004 -0.0019
vn 0.9147 0.4041 -0.0031
vn 0.9863 0.1651 0.0002
vn 0.9990 -0.0449 0.0003
vn 0.9992 -0.0400 0.0024
vn 0.9985 -0.0551 0.0011
vn 0.9983 -0.0578 0.0022
vn 0.9997 -0.0228 0.0002
vn 0.9998 -0.0212 0.0007
vn 0.9994 -0.0334 0.0003
vn 0.9967 -0.0807 -0.0000
vn 0.9891 -0.1473 0.0026
vn 0.9657 -0.2593 0.0105
vn 0.9476 -0.3195 0.0011
vn 0.8795 0.4757 0.0100
vn 0.8712 0.4909 0.0037
vn 0.9086 0.4177 0.0055
vn 0.9156 0.4021 -0.0022
vn 0.8013 0.5983 0.0091
vn 0.8429 0.5379 0.0135
vn 0.8443 0.5359 0.0018
vn 0.8385 0.5448 0.0014
vn 0.8409 0.5412 0.0002
vn 0.8460 0.5332 -0.0070
vn 0.8606 0.5093 -0.0039
vn 0.8631 0.5049 -0.0081
vn 0.8616 0.5075 0.0118
vn 0.8554 0.5180 0.0040
vn 0.8506 0.5258 0.0028
vn 0.8122 0.5834 0.0000
vn 0.8120 0.5836 0.0020
vn 0.7845 0.6201 -0.0065
vn 0.7690 0.6391 -0.0106
vn 0.7368 0.6761 0.0013
vn 0.7385 0.6742 -0.0065
vn 0.7198 0.6941 -0.0145
vn 0.6402 0.7682 -0.0099
vn 0.7495 0.6619 -0.0051
vn 0.6177 0.7864 -0.0003
vn 0.6206 0.7835 0.0317
vn 0.6290 0.7772 0.0166
vn 0.6659 0.7409 0.0881
vn 0.6707 0.7381 0.0725
vn 0.6608 0.7397 0.1269
vn 0.6620 0.7379 0.1313
vn 0.7372 0.6720 0.0704
vn 0.7318 0.6749 0.0951
vn 0.8708 0.4903 0.0367
vn 0.9029 0.4298 -0.0004
vn 0.2697 0.8476 0.4570
vn 0.3066 0.8564 0.4153
vn 0.2708 0.8474 0.4567
vn 0.3040 0.8629 0.4038
vn 0.1239 0.9005 0.4169
vn 0.1222 0.9040 0.4097
vn 0.1968 0.9192 0.3410
vn 0.1969 0.9223 0.3326
vn 0.1806 0.9579 0.2233
vn 0.1789 0.9605 0.2131
vn 0.1693 0.9802 0.1029
vn 0.1779 0.9789 0.1006
vn 0.2226 0.9738 0.0466
vn 0.2327 0.9713 0.0482
vn 0.3026 0.9531 0.0039
vn 0.3014 0.9535 0.0042
vn 0.2470 0.9690 -0.0095
vn 0.2449 0.9695 -0.0099
vn 0.8409 0.5411 0.0102
vn 0.8541 0.5180 0.0467
vn 0.8609 0.5088 0.0031
vn 0.8598 0.5102 0.0218
vn 0.8608 0.5049 0.0649
vn 0.8603 0.5098 -0.0094
vn 0.8824 0.4705 0.0087
vn 0.8668 0.4986 -0.0035
vn 0.4112 -0.2088 0.8873
vn 0.3941 0.3049 0.8670
vn 0.2434 0.3808 0.8920
vn 0.3971 0.2793 0.8742
vn 0.4341 0.4745 0.7657
vn 0.4593 0.3497 0.8166
vn 0.2492 0.3774 0.8919
vn 0.3931 0.2303 0.8902
vn 0.4750 0.2565 0.8418
vn 0.4148 -0.1851 0.8909
vn 0.3463 -0.2495 0.9043
vn 0.3378 -0.3098 0.8888
vn 0.4158 -0.2378 0.8778
vn 0.5151 -0.2202 0.8284
vn 0.5207 -0.2760 0.8079
vn 0.3159 -0.4091 0.8561
vn 0.4086 -0.2852 0.8670
vn 0.5260 -0.3542 0.7732
vn -0.0220 0.9998 0.0007
vn -0.0414 0.9991 0.0014
vn -0.0074 1.0000 -0.0005
vn 0.0148 0.9999 -0.0043
vn 0.0149 0.9999 -0.0065
vn 0.0617 -0.9978 -0.0237
vn 0.0701 -0.9975 -0.0040
vn 0.0709 -0.9973 -0.0163
vn 0.0789 -0.9969 -0.0016
vn 0.0644 -0.9979 -0.0013
vn 0.6291 0.7267 -0.2759
vn 0.6298 0.7255 -0.2774
vn 0.6270 0.7304 -0.2710
vn 0.6316 0.7225 -0.2814
vn 0.9376 0.0469 -0.3445
vn 0.9108 -0.0757 -0.4059
vn 0.9392 -0.0234 -0.3426
vn 0.9450 0.0122 -0.3267
vn 0.9238 -0.1926 -0.3310
vn 0.9071 -0.2424 -0.3441
vn 0.8679 -0.3714 -0.3298
vn 0.8654 -0.3750 -0.3323
vn -0.5239 0.8516 0.0171
vn -0.5109 0.8591 0.0298
vn -0.5092 0.8601 0.0315
vn -0.4976 0.8664 0.0426
vn 0.8640 0.5034 0.0000
vn 0.8862 0.4522 0.1010
vn 0.9162 0.4007 0.0000
vn 0.8281 0.5518 0.0989
vn 0.7999 0.6001 0.0000
vn 0.8281 0.5518 -0.0989
vn 0.8862 0.4522 -0.1010
vn -0.3519 0.3458 -0.8698
vn -0.3174 0.0053 -0.9483
vn -0.3202 0.0018 -0.9473
vn -0.2641 -0.0612 -0.9626
vn -0.3616 0.0000 -0.9323
vn -0.3542 -0.0212 -0.9349
vn -0.2736 -0.0493 -0.9606
vn -0.3238 0.0015 -0.9461
vn -0.3545 -0.0048 -0.9351
vn -0.2943 0.0570 -0.9540
vn -0.3159 0.0165 -0.9487
vn -0.3631 0.0249 -0.9314
vn -0.2936 0.1722 -0.9403
vn -0.3033 0.0069 -0.9529
vn -0.1009 -0.8451 -0.5250
vn -0.1193 -0.3675 -0.9224
vn -0.1666 -0.3763 -0.9114
vn -0.1285 -0.4237 -0.8966
vn -0.1039 -0.3944 -0.9130
vn -0.1036 -0.3071 -0.9460
vn -0.0960 -0.3212 -0.9421
vn -0.0891 -0.3055 -0.9480
vn -0.0825 -0.3176 -0.9446
vn -0.0829 -0.2880 -0.9540
vn -0.0918 -0.2694 -0.9586
vn -0.0988 -0.2249 -0.9694
vn -0.1049 -0.2126 -0.9715
vn -0.1107 -0.2278 -0.9674
vn -0.1016 -0.2103 -0.9724
vn -0.1115 -0.2186 -0.9694
vn -0.1153 -0.2326 -0.9657
vn -0.1129 -0.0921 -0.9893
vn -0.1216 -0.1615 -0.9794
vn -0.1336 -0.0629 -0.9890
vn -0.1589 -0.1543 -0.9752
vn -0.1790 -0.1150 -0.9771
vn -0.1930 -0.1805 -0.9645
vn -0.1998 -0.1021 -0.9745
vn -0.2138 -0.1392 -0.9669
vn -0.1301 -0.9912 -0.0241
vn -0.1534 -0.9875 -0.0356
vn -0.1965 -0.9805 0.0034
vn -0.1100 -0.9931 -0.0418
vn -0.1181 -0.9930 -0.0090
vn -0.1152 -0.9933 -0.0123
vn -0.1127 -0.9935 -0.0152
vn -0.1063 -0.9941 -0.0221
vn -0.0637 -0.1752 0.9825
vn -0.0650 -0.2364 0.9695
vn -0.0612 -0.1832 0.9812
vn -0.0575 -0.0909 0.9942
vn -0.0596 -0.0885 0.9943
vn -0.0642 -0.0336 0.9974
vn -0.0691 -0.0245 0.9973
vn -0.0702 -0.0006 0.9975
vn -0.0719 0.0027 0.9974
vn -0.0728 0.0187 0.9972
vn -0.0717 0.0154 0.9973
vn -0.0706 0.0306 0.9970
vn -0.0601 -0.0004 0.9982
vn -0.0615 0.0796 0.9949
vn -0.0477 0.0741 0.9961
vn -0.0556 0.1842 0.9813
vn -0.0648 0.1534 0.9860
vn -0.1009 0.2740 0.9564
vn -0.1157 0.1747 0.9778
vn -0.1162 0.3551 0.9276
vn -0.1364 0.2308 0.9634
vn 0.0177 0.9998 0.0053
vn -0.0384 0.9993 0.0031
vn -0.0403 0.9992 0.0031
vn -1.0000 0.0000 -0.0000
vn -0.8967 -0.4426 0.0111
vn -0.7029 -0.4580 -0.5442
vn 0.0029 -0.8947 -0.4467
vn 0.9974 -0.0105 0.0708
vn 0.9984 -0.0489 0.0269
vn 0.9979 -0.0633 0.0103
vn 0.9960 -0.0876 -0.0176
vn 0.0000 1.0000 -0.0000
vn -0.0065 -0.1255 0.9921
vn -0.9644 0.0231 0.2633
vn -0.9610 0.0059 0.2766
vn -0.9460 -0.0518 0.3200
vn -0.9699 0.0574 0.2366
vn -0.7380 0.0988 -0.6675
vn -0.7399 0.1041 -0.6646
vn -0.7391 0.1017 -0.6659
vn -0.7410 0.1073 -0.6628
vn 0.7708 0.6369 0.0108
vn 0.8553 0.5181 -0.0107
vn 0.8659 0.4994 -0.0281
vn 0.8480 0.5300 0.0045
vn 0.8147 0.5798 0.0062
vn 0.8068 0.5905 -0.0184
vn 0.7977 0.6029 -0.0123
vn 0.8524 0.5229 -0.0003
vn 0.9091 0.4127 -0.0560
vn 0.9136 0.4019 -0.0621
vn 0.8973 0.4412 -0.0090
vn 0.8969 0.4419 -0.0189
vn 0.9039 0.4184 -0.0894
vn 0.9084 0.4113 -0.0745
vn 0.9152 0.3833 -0.1243
vn 0.9134 0.3853 -0.1314
vn 0.9255 0.3674 -0.0926
vn 0.9332 0.3548 -0.0579
vn 0.7182 0.6956 0.0173
vn 0.8275 0.5613 -0.0169
vn 0.8581 0.5134 0.0003
vn 0.8594 0.5112 0.0050
vn 0.8231 0.5676 -0.0189
vn 0.8419 -0.5395 -0.0126
vn 0.8487 -0.5285 -0.0175
vn 0.8268 -0.5626 -0.0026
vn 0.8237 -0.5671 -0.0003
vn 0.8297 -0.5582 0.0036
vn 0.7548 -0.6559 0.0123
vn 0.7571 -0.6532 0.0109
vn 0.7907 -0.6122 0.0038
vn 0.7949 -0.6067 0.0025
vn 0.8653 0.5012 0.0097
vn 0.8787 0.4773 -0.0029
vn 0.8776 0.4794 -0.0025
vn 0.8645 0.5025 0.0101
vn 0.8626 0.5057 0.0125
vn 1.0000 0.0000 -0.0000
vn 1.0000 -0.0001 -0.0035
vn 1.0000 -0.0000 0.0044
vn 1.0000 -0.0002 0.0090
vn 1.0000 -0.0000 0.0021
vn 0.7720 -0.2230 -0.5953
vn 0.7674 -0.2233 -0.6011
vn 0.7307 -0.2250 -0.6446
vn 0.7192 -0.2253 -0.6572
vn 0.3665 -0.0786 0.9271
vn 0.7277 -0.0005 0.6859
vn 0.7915 0.6109 -0.0210
vn 0.7800 0.6256 0.0126
vn 0.7744 0.6326 0.0048
vn 0.7996 0.5996 -0.0322
vn 0.7454 0.6665 -0.0092
vn 0.6909 0.7228 0.0125
vn 0.7849 0.6184 0.0385
vn 0.7671 0.6414 0.0126
vn 0.7980 0.6009 0.0468
vn 0.7765 0.6301 0.0039
# 369 vertex normals

vt 0.0000 0.0000 0.0000
# 1 texture coords

g door_lf_hi_001
usemtl Material_18
s off
f 5881/16/5652 5882/16/5652 5883/16/5653 
f 5881/16/5652 5884/16/5654 5882/16/5652 
f 5883/16/5655 5882/16/5656 5885/16/5657 
f 5885/16/5657 5882/16/5656 5886/16/5658 
f 5886/16/5659 5887/16/5660 5885/16/5661 
f 5888/16/5662 5887/16/5660 5886/16/5659 
f 5888/16/5663 5889/16/5664 5887/16/5663 
f 5889/16/5664 5890/16/5665 5887/16/5663 
f 5889/16/5666 5891/16/5667 5890/16/5668 
f 5891/16/5667 5892/16/5669 5890/16/5668 
f 5891/16/5670 5893/16/5671 5892/16/5672 
f 5893/16/5671 5894/16/5673 5892/16/5672 
f 5893/16/5674 5895/16/5675 5894/16/5676 
f 5894/16/5676 5895/16/5675 5896/16/5677 
f 5895/16/5678 5884/16/5679 5896/16/5678 
f 5896/16/5678 5884/16/5679 5881/16/5680 
f 5892/16/5681 5896/16/5682 5890/16/5683 
f 5892/16/5681 5894/16/5684 5896/16/5682 
f 5896/16/5682 5887/16/5685 5890/16/5683 
f 5896/16/5682 5881/16/5686 5887/16/5685 
f 5881/16/5686 5883/16/5687 5887/16/5685 
f 5887/16/5685 5883/16/5687 5885/16/5688 
f 5897/16/5689 5898/16/5689 5899/16/5689 
f 5900/16/5689 5898/16/5689 5897/16/5689 
f 5901/16/5690 5898/16/5691 5900/16/5692 
f 5901/16/5690 5900/16/5692 5902/16/5693 
f 5903/16/5694 5901/16/5695 5902/16/5694 
f 5904/16/5694 5903/16/5694 5902/16/5694 
f 5904/16/5696 5905/16/5697 5903/16/5698 
f 5904/16/5696 5906/16/5699 5905/16/5697 
f 5906/16/5700 5907/16/5700 5905/16/5700 
f 5906/16/5700 5908/16/5700 5907/16/5700 
f 5908/16/5701 5909/16/5702 5907/16/5703 
f 5910/16/5704 5909/16/5702 5908/16/5701 
f 5910/16/5705 5911/16/5705 5909/16/5705 
f 5910/16/5705 5912/16/5705 5911/16/5705 
f 5911/16/5706 5912/16/5707 5899/16/5708 
f 5912/16/5707 5897/16/5709 5899/16/5708 
f 5910/16/5710 5906/16/5711 5904/16/5712 
f 5910/16/5710 5908/16/5713 5906/16/5711 
f 5912/16/5714 5904/16/5712 5902/16/5715 
f 5912/16/5714 5910/16/5710 5904/16/5712 
f 5897/16/5716 5902/16/5715 5900/16/5717 
f 5912/16/5714 5902/16/5715 5897/16/5716 
f 5913/16/5718 5914/16/5718 5915/16/5718 
f 5916/16/5718 5914/16/5718 5913/16/5718 
f 5917/16/5719 5918/16/5719 5919/16/5719 
f 5919/16/5719 5918/16/5719 5920/16/5719 
f 5917/16/5720 5913/16/5720 5915/16/5720 
f 5917/16/5720 5915/16/5720 5918/16/5720 
f 5919/16/5721 5914/16/5721 5916/16/5721 
f 5919/16/5721 5920/16/5721 5914/16/5721 
f 5917/16/5714 5916/16/5714 5913/16/5714 
f 5917/16/5714 5919/16/5714 5916/16/5714 
f 5921/16/5722 5922/16/5723 5923/16/5724 
f 5921/16/5722 5923/16/5724 5924/16/5725 
f 5924/16/5725 5923/16/5724 5925/16/5726 
f 5924/16/5725 5925/16/5726 5926/16/5727 
f 5926/16/5727 5925/16/5726 5927/16/5728 
f 5926/16/5727 5927/16/5728 5928/16/5729 
f 5928/16/5729 5927/16/5728 5929/16/5730 
f 5930/16/5731 5931/16/5732 5932/16/5733 
f 5930/16/5731 5932/16/5733 5933/16/5734 
f 5934/16/5735 5930/16/5731 5933/16/5734 
f 5934/16/5735 5933/16/5734 5935/16/5736 
f 5936/16/5737 5934/16/5735 5937/16/5738 
f 5936/16/5737 5930/16/5731 5934/16/5735 
f 5938/16/5739 5939/16/5740 5940/16/5741 
f 5938/16/5739 5940/16/5741 5921/16/5722 
f 5941/16/5742 5938/16/5739 5921/16/5722 
f 5941/16/5742 5921/16/5722 5924/16/5725 
f 5942/16/5743 5941/16/5742 5924/16/5725 
f 5942/16/5743 5924/16/5725 5926/16/5727 
f 5942/16/5743 5926/16/5727 5943/16/5744 
f 5943/16/5744 5926/16/5727 5928/16/5729 
f 5944/16/5745 5943/16/5744 5928/16/5729 
f 5945/16/5746 5931/16/5732 5930/16/5731 
f 5936/16/5737 5945/16/5746 5930/16/5731 
f 5946/16/5747 5947/16/5748 5939/16/5740 
f 5946/16/5747 5939/16/5740 5938/16/5739 
f 5948/16/5749 5947/16/5748 5949/16/5750 
f 5949/16/5750 5947/16/5748 5946/16/5747 
f 5950/16/5751 5938/16/5739 5941/16/5742 
f 5950/16/5751 5946/16/5747 5938/16/5739 
f 5951/16/5752 5946/16/5747 5950/16/5751 
f 5949/16/5750 5946/16/5747 5951/16/5752 
f 5950/16/5751 5941/16/5742 5942/16/5743 
f 5950/16/5751 5942/16/5743 5952/16/5753 
f 5953/16/5754 5950/16/5751 5952/16/5753 
f 5951/16/5752 5950/16/5751 5953/16/5754 
f 5954/16/5755 5942/16/5743 5943/16/5744 
f 5952/16/5753 5942/16/5743 5954/16/5755 
f 5955/16/5756 5952/16/5753 5954/16/5755 
f 5953/16/5754 5952/16/5753 5955/16/5756 
f 5954/16/5755 5944/16/5745 5956/16/5757 
f 5957/16/5757 5954/16/5755 5956/16/5757 
f 5955/16/5756 5954/16/5755 5957/16/5757 
f 5958/16/5758 5959/16/5758 5960/16/5759 
f 5954/16/5755 5943/16/5744 5944/16/5745 
f 5959/16/5758 5945/16/5746 5936/16/5737 
f 5959/16/5758 5936/16/5737 5960/16/5759 
f 5960/16/5759 5936/16/5737 5937/16/5738 
f 5960/16/5759 5937/16/5738 5961/16/5760 
f 5961/16/5760 5937/16/5738 5962/16/5761 
f 5921/16/5722 5940/16/5741 5922/16/5723 
f 5963/16/5762 5964/16/5763 5965/16/5764 
f 5965/16/5764 5964/16/5763 5966/16/5765 
f 5965/16/5764 5966/16/5765 5940/16/5741 
f 5940/16/5741 5966/16/5765 5922/16/5723 
f 5967/16/5766 5963/16/5762 5968/16/5767 
f 5968/16/5767 5963/16/5762 5965/16/5764 
f 5939/16/5740 5968/16/5767 5965/16/5764 
f 5939/16/5740 5965/16/5764 5940/16/5741 
f 5969/16/5768 5970/16/5769 5968/16/5767 
f 5970/16/5769 5967/16/5766 5968/16/5767 
f 5971/16/5770 5970/16/5769 5969/16/5768 
f 5971/16/5770 5969/16/5768 5972/16/5771 
f 5973/16/5772 5969/16/5768 5947/16/5748 
f 5972/16/5771 5969/16/5768 5973/16/5772 
f 5971/16/5770 5974/16/5773 5970/16/5769 
f 5971/16/5770 5975/16/5774 5974/16/5773 
f 5976/16/5775 5977/16/5776 5974/16/5773 
f 5975/16/5774 5976/16/5775 5974/16/5773 
f 5976/16/5775 5978/16/5777 5979/16/5778 
f 5976/16/5775 5979/16/5778 5977/16/5776 
f 5980/16/5779 5981/16/5780 5979/16/5778 
f 5978/16/5777 5980/16/5779 5979/16/5778 
f 5980/16/5779 5982/16/5781 5981/16/5780 
f 5980/16/5779 5983/16/5782 5982/16/5781 
f 5984/16/5783 5981/16/5780 5985/16/5784 
f 5981/16/5780 5982/16/5781 5985/16/5784 
f 5986/16/5785 5985/16/5784 5987/16/5786 
f 5986/16/5785 5984/16/5783 5985/16/5784 
f 5988/16/5787 5987/16/5786 5989/16/5788 
f 5988/16/5787 5986/16/5785 5987/16/5786 
f 5990/16/5789 5989/16/5788 5991/16/5790 
f 5990/16/5789 5988/16/5787 5989/16/5788 
f 5992/16/5791 5991/16/5790 5993/16/5792 
f 5992/16/5791 5990/16/5789 5991/16/5790 
f 5993/16/5792 5994/16/5793 5995/16/5794 
f 5995/16/5794 5992/16/5791 5993/16/5792 
f 5994/16/5793 5996/16/5795 5997/16/5796 
f 5995/16/5794 5994/16/5793 5997/16/5796 
f 5997/16/5796 5996/16/5795 5963/16/5762 
f 5996/16/5795 5964/16/5763 5963/16/5762 
f 5964/16/5797 5996/16/5798 5998/16/5799 
f 5998/16/5799 5996/16/5798 5999/16/5800 
f 5996/16/5798 5994/16/5801 5999/16/5800 
f 5999/16/5800 5994/16/5801 6000/16/5802 
f 5994/16/5801 5993/16/5803 6000/16/5802 
f 6000/16/5802 5993/16/5803 6001/16/5804 
f 5993/16/5803 5991/16/5805 6001/16/5804 
f 5991/16/5805 6002/16/5806 6001/16/5804 
f 5991/16/5805 5989/16/5807 6002/16/5806 
f 5989/16/5807 6003/16/5808 6002/16/5806 
f 5989/16/5807 5987/16/5809 6003/16/5808 
f 5987/16/5809 6004/16/5810 6003/16/5808 
f 5987/16/5809 5985/16/5811 6004/16/5810 
f 5985/16/5811 6005/16/5812 6004/16/5810 
f 5982/16/5813 6005/16/5812 5985/16/5811 
f 5982/16/5813 6006/16/5814 6005/16/5812 
f 5983/16/5814 6006/16/5814 5982/16/5813 
f 5884/16/5815 5968/16/5767 5882/16/5816 
f 5895/16/5817 5968/16/5767 5884/16/5815 
f 5969/16/5768 5895/16/5817 5893/16/5818 
f 5969/16/5768 5968/16/5767 5895/16/5817 
f 5882/16/5816 5968/16/5767 5886/16/5819 
f 5886/16/5819 5968/16/5767 5939/16/5740 
f 5947/16/5748 5969/16/5768 5891/16/5820 
f 5969/16/5768 5893/16/5818 5891/16/5820 
f 5973/16/5772 5947/16/5748 5948/16/5749 
f 5888/16/5821 5886/16/5819 5939/16/5740 
f 5947/16/5748 5888/16/5821 5939/16/5740 
f 5947/16/5748 5889/16/5822 5888/16/5821 
f 5947/16/5748 5891/16/5820 5889/16/5822 
f 6007/16/5823 6008/16/5823 6009/16/5823 
f 6007/16/5824 6009/16/5825 6010/16/5826 
f 6007/16/5824 6010/16/5826 6011/16/5827 
f 6011/16/5827 6010/16/5826 6012/16/5828 
f 6010/16/5826 6009/16/5825 6013/16/5829 
f 6010/16/5826 6013/16/5829 6014/16/5830 
f 6012/16/5828 6010/16/5826 6014/16/5830 
f 6012/16/5828 6014/16/5830 6015/16/5831 
f 6014/16/5832 6013/16/5833 6016/16/5834 
f 6014/16/5832 6016/16/5834 6017/16/5835 
f 6015/16/5836 6014/16/5832 6017/16/5835 
f 6015/16/5836 6017/16/5835 6018/16/5837 
f 6017/16/5835 6016/16/5834 6019/16/5838 
f 6017/16/5835 6019/16/5838 6020/16/5839 
f 6018/16/5837 6017/16/5835 6020/16/5839 
f 6018/16/5837 6020/16/5839 6021/16/5840 
f 6007/16/5841 6022/16/5842 6008/16/5842 
f 6007/16/5841 6023/16/5843 6022/16/5842 
f 6011/16/5844 6023/16/5843 6007/16/5841 
f 6011/16/5844 6024/16/5845 6023/16/5843 
f 6021/16/5846 6020/16/5847 6025/16/5848 
f 6025/16/5848 6020/16/5847 6026/16/5849 
f 6020/16/5847 6019/16/5850 6026/16/5849 
f 6026/16/5849 6019/16/5850 6027/16/5850 
f 6012/16/5851 6024/16/5852 6011/16/5853 
f 6012/16/5851 6028/16/5854 6024/16/5852 
f 6028/16/5855 6012/16/5856 6015/16/5857 
f 6028/16/5855 6015/16/5857 6029/16/5858 
f 6029/16/5858 6015/16/5857 6018/16/5859 
f 6029/16/5858 6018/16/5859 6030/16/5860 
f 6030/16/5860 6018/16/5859 6021/16/5861 
f 6030/16/5860 6021/16/5861 6025/16/5862 
f 6008/16/5863 6022/16/5864 6009/16/5865 
f 6022/16/5864 6031/16/5866 6009/16/5865 
usemtl Material_16
f 6032/16/5867 6033/16/5868 6034/16/5869 
f 6032/16/5867 6035/16/5870 6033/16/5868 
f 6036/16/5871 6035/16/5870 6032/16/5867 
f 6037/16/5872 6036/16/5871 6032/16/5867 
f 6037/16/5872 6032/16/5867 6038/16/5873 
f 6038/16/5873 6032/16/5867 6034/16/5869 
f 6023/16/5874 6031/16/5874 6022/16/5874 
f 6023/16/5875 6039/16/5876 6031/16/5877 
f 6023/16/5875 6024/16/5878 6039/16/5876 
f 6024/16/5878 6028/16/5879 6039/16/5876 
f 6039/16/5876 6040/16/5880 6031/16/5877 
f 6039/16/5876 6041/16/5881 6040/16/5880 
f 6028/16/5879 6041/16/5881 6039/16/5876 
f 6028/16/5879 6029/16/5882 6041/16/5881 
f 6041/16/5881 6042/16/5883 6040/16/5880 
f 6041/16/5881 6043/16/5884 6042/16/5883 
f 6029/16/5882 6043/16/5884 6041/16/5881 
f 6029/16/5882 6030/16/5885 6043/16/5884 
f 6043/16/5884 6027/16/5886 6042/16/5883 
f 6043/16/5884 6026/16/5887 6027/16/5886 
f 6030/16/5885 6026/16/5887 6043/16/5884 
f 6030/16/5885 6025/16/5878 6026/16/5887 
usemtl Material_13
f 5961/16/5888 5962/16/5888 6044/16/5888 
f 5960/16/5889 5961/16/5890 6044/16/5891 
f 6045/16/5892 5960/16/5889 6044/16/5891 
f 5958/16/5893 5960/16/5889 6045/16/5892 
f 6046/16/5894 5958/16/5893 6045/16/5892 
f 5957/16/5895 5958/16/5893 6046/16/5894 
f 6047/16/5896 5957/16/5895 6046/16/5894 
f 5955/16/5897 5957/16/5895 6047/16/5896 
f 6048/16/5898 5955/16/5897 6047/16/5896 
f 5953/16/5899 5955/16/5897 6048/16/5898 
f 6049/16/5900 5953/16/5899 6048/16/5898 
f 5951/16/5901 5953/16/5899 6049/16/5900 
f 6050/16/5902 5951/16/5901 6049/16/5900 
f 6051/16/5903 5951/16/5901 6050/16/5902 
f 6051/16/5903 5949/16/5904 5951/16/5901 
f 6052/16/5905 5949/16/5904 6051/16/5903 
f 6052/16/5905 5948/16/5906 5949/16/5904 
f 6053/16/5907 5948/16/5906 6052/16/5905 
f 6053/16/5907 5973/16/5908 5948/16/5906 
f 6054/16/5909 5973/16/5908 6053/16/5907 
f 5972/16/5910 5973/16/5908 6054/16/5909 
f 6055/16/5911 5972/16/5910 6054/16/5909 
f 6055/16/5911 5971/16/5912 5972/16/5910 
f 5937/16/5913 6044/16/5914 5962/16/5915 
f 5937/16/5913 6056/16/5916 6044/16/5914 
f 5937/16/5913 5934/16/5917 6056/16/5916 
f 5934/16/5917 6057/16/5918 6056/16/5916 
f 5935/16/5919 6057/16/5918 5934/16/5917 
f 5935/16/5919 6058/16/5920 6057/16/5918 
f 5933/16/5921 6058/16/5922 5935/16/5922 
f 6059/16/5923 6058/16/5922 5933/16/5921 
f 5932/16/5924 6059/16/5923 5933/16/5921 
f 5932/16/5924 6060/16/5925 6059/16/5923 
f 5929/16/5926 6060/16/5925 5932/16/5924 
f 6061/16/5927 6060/16/5925 5929/16/5926 
f 5927/16/5928 6061/16/5927 5929/16/5926 
f 5927/16/5928 6062/16/5929 6061/16/5927 
f 5925/16/5930 6062/16/5929 5927/16/5928 
f 5925/16/5930 6063/16/5931 6062/16/5929 
f 5923/16/5932 6063/16/5931 5925/16/5930 
f 5923/16/5932 6064/16/5933 6063/16/5931 
f 5922/16/5934 6064/16/5933 5923/16/5932 
f 5922/16/5934 6065/16/5935 6064/16/5933 
f 6066/16/5936 6065/16/5935 5922/16/5934 
f 5966/16/5937 6066/16/5936 5922/16/5934 
f 6067/16/5938 6066/16/5936 5966/16/5937 
f 5964/16/5939 6067/16/5938 5966/16/5937 
f 6068/16/5940 6067/16/5938 5964/16/5939 
f 5998/16/5941 6068/16/5940 5964/16/5939 
usemtl Material_5
f 5971/16/5942 6068/16/5943 5998/16/5944 
f 5971/16/5942 6055/16/5942 6068/16/5943 
f 6054/16/5945 6066/16/5945 6068/16/5945 
f 6054/16/5946 6068/16/5946 6055/16/5946 
f 6054/16/5945 6053/16/5945 6066/16/5945 
f 6052/16/5945 6066/16/5945 6053/16/5945 
f 6051/16/5945 6050/16/5945 6065/16/5945 
f 6050/16/5945 6064/16/5945 6065/16/5945 
f 6050/16/5945 6049/16/5945 6064/16/5945 
f 6049/16/5945 6063/16/5945 6064/16/5945 
f 6049/16/5945 6048/16/5945 6063/16/5945 
f 6048/16/5945 6062/16/5945 6063/16/5945 
f 6048/16/5945 6047/16/5945 6062/16/5945 
f 6047/16/5945 6061/16/5945 6062/16/5945 
f 6047/16/5945 6046/16/5945 6061/16/5945 
f 6046/16/5945 6060/16/5945 6061/16/5945 
f 6046/16/5945 6045/16/5945 6060/16/5945 
f 6045/16/5945 6059/16/5945 6060/16/5945 
f 6045/16/5945 6044/16/5945 6056/16/5945 
f 6051/16/5945 6065/16/5945 6066/16/5945 
f 6052/16/5945 6051/16/5945 6066/16/5945 
f 6045/16/5945 6056/16/5945 6059/16/5945 
f 6057/16/5945 6058/16/5945 6059/16/5945 
f 6056/16/5945 6057/16/5945 6059/16/5945 
f 6069/16/5947 6070/16/5947 6071/16/5947 
f 6069/16/5948 6072/16/5948 6070/16/5948 
f 6069/16/5949 6073/16/5950 6072/16/5951 
f 6073/16/5950 6074/16/5952 6072/16/5951 
f 6074/16/5953 6073/16/5953 6075/16/5953 
f 6074/16/5953 6075/16/5953 6076/16/5953 
f 6074/16/5954 6070/16/5954 6072/16/5954 
f 6076/16/5954 6070/16/5954 6074/16/5954 
f 6071/16/5955 6076/16/5956 6075/16/5957 
f 6071/16/5955 6070/16/5958 6076/16/5956 
f 6069/16/5959 6071/16/5960 6073/16/5961 
f 6073/16/5961 6071/16/5960 6075/16/5962 
f 5970/16/5769 6077/16/5963 5967/16/5766 
f 5970/16/5769 6078/16/5964 6077/16/5963 
f 5974/16/5773 6078/16/5964 5970/16/5769 
f 5974/16/5773 6079/16/5965 6078/16/5964 
f 5974/16/5773 6080/16/5966 6079/16/5965 
f 5974/16/5773 5977/16/5776 6080/16/5966 
f 5977/16/5776 6081/16/5967 6080/16/5966 
f 5977/16/5776 5979/16/5778 6081/16/5967 
f 5979/16/5778 6082/16/5968 6081/16/5967 
f 5979/16/5778 5981/16/5780 6082/16/5968 
f 5981/16/5780 6083/16/5969 6082/16/5968 
f 5981/16/5780 5984/16/5783 6083/16/5969 
f 5984/16/5783 6084/16/5970 6083/16/5969 
f 5984/16/5783 5986/16/5785 6084/16/5970 
f 6084/16/5970 5986/16/5785 6085/16/5971 
f 5986/16/5785 5988/16/5972 6085/16/5971 
f 6085/16/5971 5988/16/5972 6086/16/5973 
f 5988/16/5972 5990/16/5974 6086/16/5973 
f 6086/16/5973 5990/16/5974 6087/16/5975 
f 5990/16/5974 5992/16/5976 6087/16/5975 
f 6087/16/5975 5992/16/5976 6088/16/5977 
f 5992/16/5976 5995/16/5978 6088/16/5977 
f 6088/16/5977 5995/16/5978 6089/16/5979 
f 5995/16/5978 5997/16/5796 6089/16/5979 
f 6090/16/5980 6089/16/5979 5997/16/5796 
f 6090/16/5980 5997/16/5796 5963/16/5762 
f 5967/16/5766 6090/16/5981 5963/16/5762 
f 5967/16/5766 6077/16/5963 6090/16/5981 
usemtl Material_27
f 6091/16/5982 5956/16/5983 6092/16/5984 
f 5957/16/5985 5956/16/5983 6091/16/5982 
f 5958/16/5986 6093/16/5987 6094/16/5988 
f 5958/16/5986 6094/16/5988 5959/16/5989 
f 5959/16/5989 6094/16/5988 6095/16/5990 
f 5959/16/5989 6095/16/5990 5945/16/5990 
f 5945/16/5990 6095/16/5990 6096/16/5991 
f 5945/16/5990 6096/16/5991 5931/16/5992 
f 5931/16/5992 6096/16/5991 6097/16/5993 
f 5931/16/5992 6097/16/5993 5932/16/5994 
f 5928/16/5995 5929/16/5996 6098/16/5997 
f 6099/16/5998 5928/16/5995 6098/16/5997 
f 6100/16/5999 5928/16/5995 6099/16/5998 
f 6100/16/5999 5944/16/5999 5928/16/5995 
f 6092/16/5984 5944/16/5999 6100/16/5999 
f 5956/16/5983 5944/16/5999 6092/16/5984 
f 6091/16/6000 6094/16/6001 6093/16/6000 
f 6091/16/6000 6092/16/6001 6094/16/6001 
f 6092/16/6001 6095/16/6002 6094/16/6001 
f 6092/16/6001 6100/16/6002 6095/16/6002 
f 6100/16/6002 6096/16/6003 6095/16/6002 
f 6100/16/6002 6099/16/6003 6096/16/6003 
f 6096/16/6003 6098/16/6004 6097/16/6004 
f 6096/16/6003 6099/16/6003 6098/16/6004 
f 5957/16/6005 6091/16/6006 5958/16/6007 
f 6091/16/6006 6093/16/6008 5958/16/6007 
f 5929/16/6009 5932/16/6009 6097/16/6009 
f 6097/16/6010 6098/16/6010 5929/16/6010 
usemtl Material_7
f 6101/16/6011 6102/16/6012 6103/16/6013 
f 6104/16/6014 6101/16/6011 6103/16/6013 
f 6105/16/6015 6104/16/6014 6103/16/6013 
f 6106/16/6016 6105/16/6015 6103/16/6013 
f 6103/16/6013 6107/16/6017 6108/16/6018 
f 6103/16/6013 6109/16/6019 6107/16/6017 
f 6103/16/6013 6110/16/6020 6109/16/6019 
f 6103/16/6013 6102/16/6012 6110/16/6020 
# 0 polygons - 380 triangles

#
# object door_rf_du_001
#

v  -1.0298 0.6241 0.6363
v  -0.9798 0.6241 0.6863
v  -0.9798 0.6741 0.6363
v  -0.9798 0.5741 0.6363
v  -0.9298 0.6241 0.6363
v  -0.9798 0.6241 0.5863
# 6 vertices

vn -0.5774 0.5774 0.5774
vn -0.5774 -0.5774 0.5773
vn 0.5774 -0.5774 0.5774
vn 0.5774 0.5774 0.5774
vn -0.5774 0.5774 -0.5774
vn -0.5774 -0.5774 -0.5773
vn 0.5774 -0.5774 -0.5774
vn 0.5774 0.5774 -0.5774
# 8 vertex normals

vt 0.0000 0.0000 0.0000
# 1 texture coords

g door_rf_du_001
usemtl Material_1
s off
f 6111/17/6021 6112/17/6021 6113/17/6021 
f 6114/17/6022 6112/17/6022 6111/17/6022 
f 6115/17/6023 6112/17/6023 6114/17/6023 
f 6115/17/6024 6113/17/6024 6112/17/6024 
f 6116/17/6025 6111/17/6025 6113/17/6025 
f 6116/17/6026 6114/17/6026 6111/17/6026 
f 6115/17/6027 6114/17/6027 6116/17/6027 
f 6115/17/6028 6116/17/6028 6113/17/6028 
# 0 polygons - 8 triangles

#
# object bump_rear__001
#

v  0.9683 0.5515 -2.2908
v  0.9499 0.5378 -2.2890
v  0.9456 0.5555 -2.3765
v  0.9255 0.5405 -2.3741
v  0.9240 0.5568 -2.4365
v  0.9062 0.5418 -2.4323
v  0.8993 0.5581 -2.5011
v  0.8817 0.5431 -2.4995
v  0.8383 0.5581 -2.5440
v  0.8296 0.5431 -2.5332
v  0.7750 0.5572 -2.5634
v  0.7722 0.5443 -2.5468
v  0.2210 0.5580 -2.5896
v  0.2193 0.5438 -2.5747
v  0.1135 0.5579 -2.5889
v  0.1156 0.5438 -2.5745
v  0.0000 0.5579 -2.5889
v  0.0000 0.5440 -2.5744
v  0.9464 0.6091 -2.3690
v  0.9529 0.6231 -2.2935
v  0.9647 0.6091 -2.2948
v  0.9348 0.6224 -2.3642
v  0.9268 0.6102 -2.4268
v  0.9153 0.6226 -2.4227
v  0.8987 0.6102 -2.5099
v  0.8870 0.6223 -2.5043
v  0.8424 0.6102 -2.5520
v  0.8353 0.6224 -2.5412
v  0.7764 0.6091 -2.5705
v  0.7742 0.6219 -2.5577
v  0.2285 0.6228 -2.5833
v  0.2294 0.6095 -2.5922
v  0.1016 0.6226 -2.5832
v  0.1040 0.6094 -2.5925
v  0.0000 0.6224 -2.5831
v  0.0000 0.6099 -2.5927
v  -0.9456 0.5555 -2.3765
v  -0.9499 0.5378 -2.2890
v  -0.9683 0.5515 -2.2908
v  -0.9255 0.5405 -2.3741
v  -0.9240 0.5568 -2.4365
v  -0.9062 0.5418 -2.4323
v  -0.8993 0.5581 -2.5011
v  -0.8817 0.5431 -2.4995
v  -0.8383 0.5581 -2.5440
v  -0.8296 0.5431 -2.5332
v  -0.7750 0.5572 -2.5634
v  -0.7722 0.5443 -2.5468
v  -0.2210 0.5580 -2.5896
v  -0.2193 0.5438 -2.5747
v  -0.1135 0.5579 -2.5889
v  -0.1156 0.5438 -2.5745
v  -0.9464 0.6091 -2.3690
v  -0.9647 0.6091 -2.2948
v  -0.9529 0.6231 -2.2935
v  -0.9348 0.6224 -2.3642
v  -0.9268 0.6102 -2.4268
v  -0.9153 0.6226 -2.4227
v  -0.8987 0.6102 -2.5099
v  -0.8870 0.6223 -2.5043
v  -0.8424 0.6102 -2.5520
v  -0.8353 0.6224 -2.5412
v  -0.7764 0.6091 -2.5705
v  -0.7742 0.6219 -2.5577
v  -0.2285 0.6228 -2.5833
v  -0.1016 0.6226 -2.5832
v  -0.2294 0.6095 -2.5922
v  -0.1040 0.6094 -2.5925
v  0.9219 0.6817 -2.3580
v  0.9417 0.6811 -2.2939
v  0.9031 0.6821 -2.3888
v  0.8868 0.6478 -2.5052
v  0.8700 0.6815 -2.4112
v  0.8358 0.6477 -2.5412
v  0.8081 0.6820 -2.4421
v  0.7742 0.6476 -2.5577
v  0.7508 0.6821 -2.4545
v  0.2290 0.6821 -2.4782
v  0.2304 0.6477 -2.5833
v  0.9122 0.4756 -2.3741
v  0.9358 0.4689 -2.2911
v  0.8635 0.3874 -2.3695
v  0.8867 0.3771 -2.2848
v  0.8942 0.4817 -2.4305
v  0.8440 0.3940 -2.4210
v  0.8729 0.4902 -2.4963
v  0.8231 0.3997 -2.4708
v  0.8296 0.4914 -2.5263
v  0.7722 0.4913 -2.5372
v  0.8097 0.4017 -2.4838
v  0.7722 0.4021 -2.4904
v  0.2193 0.4917 -2.5633
v  0.2193 0.4017 -2.5103
v  0.1016 0.6478 -2.5835
v  0.1003 0.6821 -2.4782
v  -0.0000 0.6821 -2.4782
v  0.0000 0.6480 -2.5834
v  0.1156 0.4917 -2.5629
v  0.1156 0.4017 -2.5099
v  0.0000 0.4919 -2.5620
v  0.0000 0.4018 -2.5109
v  -0.9417 0.6811 -2.2939
v  -0.9219 0.6817 -2.3580
v  -0.9031 0.6821 -2.3888
v  -0.8868 0.6478 -2.5052
v  -0.8700 0.6815 -2.4112
v  -0.8358 0.6477 -2.5412
v  -0.8081 0.6820 -2.4421
v  -0.7742 0.6476 -2.5577
v  -0.7508 0.6821 -2.4545
v  -0.2290 0.6821 -2.4782
v  -0.2304 0.6477 -2.5833
v  -0.9122 0.4756 -2.3741
v  -0.9358 0.4689 -2.2911
v  -0.8635 0.3874 -2.3695
v  -0.8867 0.3771 -2.2848
v  -0.8942 0.4817 -2.4305
v  -0.8440 0.3940 -2.4210
v  -0.8729 0.4902 -2.4963
v  -0.8231 0.3997 -2.4708
v  -0.8296 0.4914 -2.5263
v  -0.7722 0.4913 -2.5372
v  -0.7722 0.4021 -2.4904
v  -0.8097 0.4017 -2.4838
v  -0.2193 0.4917 -2.5633
v  -0.2193 0.4017 -2.5103
v  -0.1016 0.6478 -2.5835
v  -0.1003 0.6821 -2.4782
v  -0.1156 0.4917 -2.5629
v  -0.1156 0.4017 -2.5099
v  0.8602 0.3552 -2.3675
v  0.8817 0.3414 -2.2870
v  0.8415 0.3630 -2.4192
v  0.8201 0.3676 -2.4722
v  0.8097 0.3717 -2.4884
v  0.7722 0.3726 -2.4948
v  0.7227 0.3709 -2.4943
v  0.7147 0.3927 -2.4943
v  0.5885 0.3903 -2.4996
v  0.5813 0.3691 -2.4996
v  0.2180 0.3709 -2.5103
v  0.1156 0.6230 -2.5829
v  0.1156 0.3688 -2.5108
v  0.0000 0.3687 -2.5110
v  -0.8602 0.3552 -2.3675
v  -0.8817 0.3414 -2.2870
v  -0.8415 0.3630 -2.4192
v  -0.8201 0.3676 -2.4722
v  -0.8097 0.3717 -2.4884
v  -0.7722 0.3726 -2.4948
v  -0.7227 0.3709 -2.4943
v  -0.7147 0.3927 -2.4943
v  -0.5885 0.3903 -2.4996
v  -0.5813 0.3691 -2.4996
v  -0.2180 0.3709 -2.5103
v  -0.1156 0.6230 -2.5829
v  -0.1156 0.3688 -2.5108
# 157 vertices

vn 0.5763 -0.7951 -0.1889
vn 0.5705 -0.7956 -0.2040
vn 0.5735 -0.7929 -0.2061
vn 0.5908 -0.7736 -0.2290
vn 0.5974 -0.7684 -0.2294
vn 0.6138 -0.7521 -0.2398
vn 0.6192 -0.7479 -0.2393
vn 0.4583 -0.6040 -0.6520
vn 0.4497 -0.6153 -0.6474
vn 0.3309 -0.6639 -0.6706
vn 0.2964 -0.6841 -0.6665
vn 0.0881 -0.7809 -0.6184
vn 0.0763 -0.7929 -0.6046
vn 0.0165 -0.7272 -0.6862
vn 0.0152 -0.7256 -0.6880
vn -0.0006 -0.7146 -0.6996
vn -0.0000 -0.7228 -0.6911
vn 0.0000 -0.7239 -0.6899
vn 0.7034 0.6805 -0.2053
vn 0.7375 0.6497 -0.1842
vn 0.7425 0.6442 -0.1836
vn 0.6996 0.6848 -0.2040
vn 0.6776 0.7000 -0.2256
vn 0.6742 0.7033 -0.2256
vn 0.6504 0.7248 -0.2271
vn 0.6467 0.7283 -0.2268
vn 0.4357 0.6877 -0.5808
vn 0.3007 0.7220 -0.6231
vn 0.4307 0.6935 -0.5776
vn 0.2848 0.7243 -0.6279
vn 0.1066 0.7099 -0.6962
vn 0.1060 0.7113 -0.6948
vn 0.0153 0.5565 -0.8307
vn 0.0165 0.5557 -0.8312
vn -0.0003 0.5749 -0.8182
vn 0.0005 0.5774 -0.8165
vn 0.0000 0.6060 -0.7954
vn 0.0000 0.6093 -0.7930
vn -0.5705 -0.7956 -0.2040
vn -0.5758 -0.7955 -0.1889
vn -0.5735 -0.7929 -0.2061
vn -0.5908 -0.7736 -0.2290
vn -0.5974 -0.7684 -0.2294
vn -0.6138 -0.7521 -0.2398
vn -0.6192 -0.7479 -0.2393
vn -0.3309 -0.6639 -0.6706
vn -0.4497 -0.6153 -0.6474
vn -0.4583 -0.6040 -0.6520
vn -0.2964 -0.6841 -0.6665
vn -0.0881 -0.7809 -0.6184
vn -0.0763 -0.7929 -0.6046
vn -0.0165 -0.7272 -0.6862
vn -0.0152 -0.7256 -0.6880
vn 0.0006 -0.7146 -0.6996
vn -0.7034 0.6805 -0.2053
vn -0.7425 0.6442 -0.1836
vn -0.7375 0.6497 -0.1842
vn -0.6996 0.6848 -0.2040
vn -0.6776 0.7000 -0.2256
vn -0.6742 0.7033 -0.2256
vn -0.6504 0.7248 -0.2271
vn -0.6467 0.7283 -0.2268
vn -0.3007 0.7220 -0.6231
vn -0.4357 0.6877 -0.5808
vn -0.4307 0.6935 -0.5776
vn -0.2848 0.7243 -0.6279
vn -0.1066 0.7099 -0.6962
vn -0.1060 0.7113 -0.6948
vn -0.0153 0.5565 -0.8307
vn -0.0165 0.5557 -0.8312
vn 0.9549 0.0321 -0.2950
vn 0.9680 0.0345 -0.2487
vn 0.9665 0.0419 -0.2532
vn 0.9592 0.0217 -0.2818
vn 0.9387 0.0186 -0.3443
vn 0.9440 0.0017 -0.3300
vn 0.9426 -0.0219 -0.3331
vn 0.9464 -0.0421 -0.3203
vn 0.5788 -0.1443 -0.8026
vn 0.5703 -0.1288 -0.8113
vn 0.4422 -0.1625 -0.8821
vn 0.4445 -0.1642 -0.8806
vn 0.1628 -0.1437 -0.9761
vn 0.1593 -0.1346 -0.9780
vn 0.0146 -0.0545 -0.9984
vn 0.0202 -0.0554 -0.9983
vn 0.0002 -0.0654 -0.9979
vn 0.0013 -0.0687 -0.9976
vn -0.0000 -0.0728 -0.9973
vn -0.0000 -0.0715 -0.9974
vn -0.9549 0.0321 -0.2950
vn -0.9665 0.0419 -0.2532
vn -0.9680 0.0345 -0.2487
vn -0.9592 0.0217 -0.2818
vn -0.9387 0.0186 -0.3443
vn -0.9440 0.0017 -0.3300
vn -0.9426 -0.0219 -0.3331
vn -0.9464 -0.0421 -0.3203
vn -0.5788 -0.1443 -0.8026
vn -0.4422 -0.1625 -0.8821
vn -0.5703 -0.1288 -0.8113
vn -0.4445 -0.1642 -0.8806
vn -0.1628 -0.1437 -0.9761
vn -0.1593 -0.1346 -0.9780
vn -0.0146 -0.0545 -0.9984
vn -0.0202 -0.0554 -0.9983
vn -0.0013 -0.0687 -0.9976
vn 0.9319 0.2212 -0.2874
vn 0.8953 0.2858 -0.3417
vn 0.9430 0.2038 -0.2632
vn 0.9524 0.1811 -0.2451
vn 0.9151 0.2842 -0.2861
vn 0.8279 0.3962 -0.3969
vn 0.9494 0.1006 -0.2976
vn 0.1880 0.9346 -0.3018
vn 0.2051 0.9323 -0.2979
vn 0.1807 0.9376 -0.2971
vn 0.1268 0.9452 -0.3009
vn 0.1125 0.9488 -0.2952
vn 0.0466 0.9497 -0.3098
vn 0.0390 0.9502 -0.3093
vn 0.0078 0.9502 -0.3115
vn 0.9363 -0.1919 -0.2943
vn 0.9415 -0.1880 -0.2796
vn 0.8928 -0.3369 -0.2990
vn 0.8994 -0.3317 -0.2847
vn 0.8198 -0.4787 -0.3142
vn 0.8366 -0.4671 -0.2861
vn 0.8787 -0.3461 -0.3287
vn 0.7846 -0.5038 -0.3613
vn 0.9272 -0.1895 -0.3232
vn 0.8781 -0.3336 -0.3430
vn 0.9240 -0.1763 -0.3395
vn 0.7617 -0.5253 -0.3793
vn 0.5498 -0.1279 -0.8254
vn 0.5609 -0.1444 -0.8152
vn 0.5487 -0.1261 -0.8265
vn 0.5383 -0.1111 -0.8354
vn 0.2034 -0.1504 -0.9675
vn 0.1768 -0.2919 -0.9400
vn 0.1173 -0.3165 -0.9413
vn 0.1353 -0.1763 -0.9750
vn 0.1489 -0.4495 -0.8808
vn 0.0996 -0.4613 -0.8816
vn 0.0216 -0.2128 -0.9769
vn 0.0181 -0.3627 -0.9317
vn 0.0142 -0.5075 -0.8615
vn 0.5037 -0.4728 -0.7230
vn 0.5606 -0.4571 -0.6905
vn 0.5891 -0.4482 -0.6724
vn 0.4921 -0.4757 -0.7291
vn 0.0008 0.9507 -0.3101
vn 0.0000 0.9512 -0.3086
vn -0.0052 -0.3668 -0.9303
vn -0.0036 -0.2200 -0.9755
vn -0.0021 -0.5041 -0.8636
vn -0.0000 -0.3676 -0.9300
vn 0.0000 -0.4935 -0.8697
vn -0.0000 -0.2305 -0.9731
vn -0.9319 0.2212 -0.2874
vn -0.9430 0.2038 -0.2632
vn -0.8953 0.2858 -0.3417
vn -0.9524 0.1811 -0.2451
vn -0.9151 0.2842 -0.2861
vn -0.8279 0.3962 -0.3969
vn -0.9494 0.1006 -0.2976
vn -0.1807 0.9376 -0.2971
vn -0.2051 0.9323 -0.2979
vn -0.1880 0.9346 -0.3018
vn -0.1268 0.9452 -0.3009
vn -0.1125 0.9488 -0.2952
vn -0.0466 0.9497 -0.3098
vn -0.0390 0.9502 -0.3093
vn -0.0078 0.9502 -0.3115
vn -0.8928 -0.3369 -0.2990
vn -0.9415 -0.1880 -0.2796
vn -0.9363 -0.1919 -0.2943
vn -0.8994 -0.3317 -0.2847
vn -0.8198 -0.4787 -0.3142
vn -0.8366 -0.4671 -0.2861
vn -0.8787 -0.3461 -0.3287
vn -0.7846 -0.5038 -0.3613
vn -0.9272 -0.1895 -0.3232
vn -0.8781 -0.3336 -0.3430
vn -0.9240 -0.1763 -0.3395
vn -0.7617 -0.5253 -0.3793
vn -0.5498 -0.1279 -0.8254
vn -0.5487 -0.1261 -0.8265
vn -0.5609 -0.1444 -0.8152
vn -0.5383 -0.1111 -0.8354
vn -0.2034 -0.1504 -0.9675
vn -0.1173 -0.3165 -0.9413
vn -0.1768 -0.2919 -0.9400
vn -0.1353 -0.1763 -0.9750
vn -0.0996 -0.4613 -0.8816
vn -0.1489 -0.4495 -0.8808
vn -0.0216 -0.2128 -0.9769
vn -0.0181 -0.3627 -0.9317
vn -0.0142 -0.5075 -0.8615
vn -0.5037 -0.4728 -0.7230
vn -0.5891 -0.4482 -0.6724
vn -0.5606 -0.4571 -0.6905
vn -0.4921 -0.4757 -0.7291
vn -0.0008 0.9507 -0.3101
vn 0.0036 -0.2200 -0.9755
vn 0.0052 -0.3668 -0.9303
vn 0.0021 -0.5041 -0.8636
vn 0.9447 -0.0039 -0.3279
vn 0.5801 -0.0212 -0.8143
vn 0.5811 -0.0243 -0.8135
vn 0.5780 -0.0145 -0.8159
vn 0.5769 -0.0113 -0.8167
vn 0.2600 -0.0038 -0.9656
vn 0.2605 -0.0051 -0.9655
vn 0.1536 -0.0006 -0.9881
vn 0.0221 -0.0016 -0.9998
vn 0.0245 -0.0026 -0.9997
vn 0.9387 -0.1167 -0.3244
vn 0.9543 -0.1168 -0.2751
vn 0.9429 -0.1133 -0.3131
vn 0.9211 -0.0987 -0.3765
vn 0.9254 -0.0907 -0.3680
vn 0.8848 -0.0620 -0.4618
vn 0.8495 -0.0134 -0.5274
vn 0.7026 0.1073 -0.7034
vn 0.7968 -0.0001 -0.6042
vn 0.1712 0.1474 -0.9741
vn 0.1702 0.1487 -0.9741
vn 0.0771 0.1481 -0.9860
vn 0.0919 0.1338 -0.9867
vn 0.0412 0.0585 -0.9974
vn 0.0442 0.1375 -0.9895
vn 0.0167 0.0049 -0.9998
vn 0.0339 0.1727 -0.9844
vn 0.0287 -0.0093 -0.9995
vn 0.0166 0.0004 -0.9999
vn 0.0003 -0.0109 -0.9999
vn -0.0010 -0.0117 -0.9999
vn -0.0210 -0.0760 0.9969
vn 0.0024 0.0263 -0.9997
vn 0.0026 0.0218 -0.9998
vn 0.0000 0.0068 -1.0000
vn 0.0000 0.0027 -1.0000
vn -0.9447 -0.0039 -0.3279
vn -0.5801 -0.0212 -0.8143
vn -0.5780 -0.0145 -0.8159
vn -0.5811 -0.0243 -0.8135
vn -0.5769 -0.0113 -0.8167
vn -0.2600 -0.0038 -0.9656
vn -0.1536 -0.0006 -0.9881
vn -0.2605 -0.0051 -0.9655
vn -0.0221 -0.0016 -0.9998
vn -0.0245 -0.0026 -0.9997
vn -0.9387 -0.1167 -0.3244
vn -0.9429 -0.1133 -0.3131
vn -0.9543 -0.1168 -0.2751
vn -0.9211 -0.0987 -0.3765
vn -0.9254 -0.0907 -0.3680
vn -0.8848 -0.0620 -0.4618
vn -0.8495 -0.0134 -0.5274
vn -0.7026 0.1073 -0.7034
vn -0.7968 -0.0001 -0.6042
vn -0.1712 0.1474 -0.9741
vn -0.0771 0.1481 -0.9860
vn -0.1702 0.1487 -0.9741
vn -0.0919 0.1338 -0.9867
vn -0.0412 0.0585 -0.9974
vn -0.0442 0.1375 -0.9895
vn -0.0167 0.0049 -0.9998
vn -0.0339 0.1727 -0.9844
vn -0.0287 -0.0093 -0.9995
vn -0.0166 0.0004 -0.9999
vn 0.0210 -0.0760 0.9969
vn -0.0024 0.0263 -0.9997
vn -0.0026 0.0218 -0.9998
vn 0.0000 -0.9999 0.0104
vn -0.0002 -1.0000 0.0046
vn -0.0002 -1.0000 -0.0006
vn 0.0001 -1.0000 0.0016
vn 0.0000 -1.0000 -0.0028
# 280 vertex normals

vt 0.0000 0.0000 0.0000
# 1 texture coords

g bump_rear__001
usemtl Material_27
s off
f 6117/18/6029 6118/18/6029 6119/18/6030 
f 6118/18/6029 6120/18/6031 6119/18/6030 
f 6119/18/6030 6120/18/6031 6121/18/6032 
f 6120/18/6031 6122/18/6033 6121/18/6032 
f 6121/18/6032 6122/18/6033 6123/18/6034 
f 6122/18/6033 6124/18/6035 6123/18/6034 
f 6123/18/6036 6124/18/6037 6125/18/6038 
f 6124/18/6037 6126/18/6039 6125/18/6038 
f 6125/18/6038 6126/18/6039 6127/18/6040 
f 6126/18/6039 6128/18/6041 6127/18/6040 
f 6127/18/6040 6128/18/6041 6129/18/6042 
f 6128/18/6041 6130/18/6043 6129/18/6042 
f 6129/18/6042 6130/18/6043 6131/18/6044 
f 6130/18/6043 6132/18/6044 6131/18/6044 
f 6132/18/6044 6133/18/6045 6131/18/6044 
f 6132/18/6044 6134/18/6046 6133/18/6045 
f 6135/18/6047 6136/18/6048 6137/18/6049 
f 6135/18/6047 6138/18/6050 6136/18/6048 
f 6139/18/6051 6138/18/6050 6135/18/6047 
f 6138/18/6050 6139/18/6051 6140/18/6052 
f 6139/18/6051 6141/18/6053 6140/18/6052 
f 6140/18/6052 6141/18/6053 6142/18/6054 
f 6141/18/6055 6143/18/6056 6142/18/6057 
f 6142/18/6057 6143/18/6056 6144/18/6058 
f 6143/18/6056 6145/18/6059 6144/18/6058 
f 6144/18/6058 6145/18/6059 6146/18/6060 
f 6145/18/6059 6147/18/6061 6146/18/6060 
f 6147/18/6061 6148/18/6062 6149/18/6063 
f 6149/18/6063 6148/18/6062 6150/18/6064 
f 6149/18/6063 6150/18/6064 6151/18/6065 
f 6151/18/6065 6150/18/6064 6152/18/6066 
f 6147/18/6061 6145/18/6059 6148/18/6062 
f 6153/18/6067 6154/18/6068 6155/18/6068 
f 6156/18/6069 6154/18/6068 6153/18/6067 
f 6157/18/6070 6156/18/6069 6153/18/6067 
f 6158/18/6071 6156/18/6069 6157/18/6070 
f 6159/18/6072 6158/18/6071 6157/18/6070 
f 6160/18/6073 6158/18/6071 6159/18/6072 
f 6161/18/6074 6160/18/6075 6159/18/6076 
f 6162/18/6077 6160/18/6075 6161/18/6074 
f 6161/18/6074 6163/18/6078 6162/18/6077 
f 6164/18/6079 6162/18/6077 6163/18/6078 
f 6165/18/6080 6164/18/6079 6163/18/6078 
f 6166/18/6081 6164/18/6079 6165/18/6080 
f 6167/18/6082 6166/18/6081 6165/18/6080 
f 6167/18/6082 6168/18/6082 6166/18/6081 
f 6133/18/6045 6168/18/6082 6167/18/6082 
f 6134/18/6046 6168/18/6082 6133/18/6045 
f 6169/18/6083 6170/18/6084 6171/18/6085 
f 6169/18/6083 6171/18/6085 6172/18/6086 
f 6173/18/6087 6169/18/6083 6172/18/6086 
f 6174/18/6088 6173/18/6087 6172/18/6086 
f 6175/18/6089 6173/18/6087 6174/18/6088 
f 6176/18/6090 6175/18/6089 6174/18/6088 
f 6177/18/6091 6175/18/6092 6176/18/6093 
f 6178/18/6094 6177/18/6091 6176/18/6093 
f 6179/18/6095 6177/18/6091 6178/18/6094 
f 6180/18/6096 6179/18/6095 6178/18/6094 
f 6181/18/6097 6179/18/6095 6180/18/6096 
f 6181/18/6097 6182/18/6063 6183/18/6098 
f 6182/18/6063 6184/18/6064 6183/18/6098 
f 6182/18/6063 6151/18/6065 6184/18/6064 
f 6151/18/6065 6152/18/6066 6184/18/6064 
f 6181/18/6097 6183/18/6098 6179/18/6095 
f 6119/18/6099 6137/18/6100 6117/18/6101 
f 6119/18/6099 6135/18/6102 6137/18/6100 
f 6121/18/6103 6135/18/6102 6119/18/6099 
f 6121/18/6103 6139/18/6104 6135/18/6102 
f 6123/18/6105 6139/18/6104 6121/18/6103 
f 6141/18/6106 6139/18/6104 6123/18/6105 
f 6141/18/6107 6123/18/6108 6125/18/6109 
f 6141/18/6107 6125/18/6109 6143/18/6110 
f 6143/18/6110 6125/18/6109 6127/18/6111 
f 6143/18/6110 6127/18/6111 6145/18/6112 
f 6145/18/6112 6127/18/6111 6129/18/6113 
f 6148/18/6114 6145/18/6112 6129/18/6113 
f 6148/18/6114 6129/18/6113 6131/18/6115 
f 6148/18/6114 6131/18/6115 6150/18/6116 
f 6152/18/6117 6150/18/6116 6133/18/6118 
f 6150/18/6116 6131/18/6115 6133/18/6118 
f 6153/18/6119 6155/18/6120 6170/18/6121 
f 6153/18/6119 6170/18/6121 6169/18/6122 
f 6157/18/6123 6153/18/6119 6169/18/6122 
f 6157/18/6123 6169/18/6122 6173/18/6124 
f 6159/18/6125 6157/18/6123 6173/18/6124 
f 6175/18/6126 6159/18/6125 6173/18/6124 
f 6175/18/6127 6161/18/6128 6159/18/6129 
f 6177/18/6130 6161/18/6128 6175/18/6127 
f 6177/18/6130 6163/18/6131 6161/18/6128 
f 6177/18/6130 6179/18/6132 6163/18/6131 
f 6179/18/6132 6165/18/6133 6163/18/6131 
f 6183/18/6134 6165/18/6133 6179/18/6132 
f 6183/18/6134 6167/18/6115 6165/18/6133 
f 6183/18/6134 6184/18/6135 6167/18/6115 
f 6152/18/6117 6133/18/6118 6184/18/6135 
f 6184/18/6135 6133/18/6118 6167/18/6115 
usemtl Material_18
f 6138/18/6136 6185/18/6137 6186/18/6138 
f 6138/18/6136 6186/18/6138 6136/18/6139 
f 6140/18/6140 6187/18/6141 6185/18/6137 
f 6140/18/6140 6185/18/6137 6138/18/6136 
f 6188/18/6142 6187/18/6141 6140/18/6140 
f 6187/18/6143 6188/18/6144 6189/18/6145 
f 6188/18/6144 6190/18/6146 6189/18/6145 
f 6189/18/6145 6190/18/6146 6191/18/6147 
f 6190/18/6146 6192/18/6148 6191/18/6147 
f 6191/18/6147 6192/18/6148 6193/18/6149 
f 6192/18/6148 6194/18/6150 6193/18/6149 
f 6192/18/6148 6195/18/6150 6194/18/6150 
f 6120/18/6151 6118/18/6152 6196/18/6153 
f 6196/18/6153 6118/18/6152 6197/18/6154 
f 6196/18/6153 6197/18/6154 6198/18/6155 
f 6198/18/6155 6197/18/6154 6199/18/6156 
f 6200/18/6157 6196/18/6153 6198/18/6155 
f 6200/18/6157 6198/18/6155 6201/18/6158 
f 6122/18/6159 6120/18/6151 6196/18/6153 
f 6122/18/6159 6196/18/6153 6200/18/6157 
f 6202/18/6160 6122/18/6159 6200/18/6157 
f 6124/18/6161 6122/18/6159 6202/18/6160 
f 6202/18/6160 6201/18/6158 6203/18/6162 
f 6202/18/6160 6200/18/6157 6201/18/6158 
f 6124/18/6163 6202/18/6164 6204/18/6165 
f 6126/18/6166 6124/18/6163 6204/18/6165 
f 6126/18/6167 6204/18/6168 6205/18/6169 
f 6128/18/6170 6126/18/6167 6205/18/6169 
f 6204/18/6168 6206/18/6171 6207/18/6172 
f 6204/18/6168 6207/18/6172 6205/18/6169 
f 6128/18/6170 6205/18/6169 6130/18/6173 
f 6130/18/6173 6205/18/6169 6208/18/6174 
f 6208/18/6174 6205/18/6169 6207/18/6172 
f 6208/18/6174 6207/18/6172 6209/18/6175 
f 6204/18/6176 6203/18/6177 6206/18/6178 
f 6204/18/6176 6202/18/6179 6203/18/6177 
f 6195/18/6150 6210/18/6180 6194/18/6150 
f 6194/18/6150 6210/18/6180 6211/18/6180 
f 6210/18/6180 6212/18/6180 6211/18/6180 
f 6210/18/6180 6213/18/6181 6212/18/6180 
f 6130/18/6173 6214/18/6182 6132/18/6183 
f 6130/18/6173 6208/18/6174 6214/18/6182 
f 6214/18/6182 6208/18/6174 6215/18/6184 
f 6208/18/6174 6209/18/6175 6215/18/6184 
f 6216/18/6185 6215/18/6184 6217/18/6186 
f 6216/18/6185 6214/18/6182 6215/18/6184 
f 6132/18/6183 6214/18/6182 6216/18/6185 
f 6134/18/6187 6132/18/6183 6216/18/6185 
f 6172/18/6188 6218/18/6189 6219/18/6190 
f 6172/18/6188 6171/18/6191 6218/18/6189 
f 6174/18/6192 6219/18/6190 6220/18/6193 
f 6174/18/6192 6172/18/6188 6219/18/6190 
f 6221/18/6194 6174/18/6192 6220/18/6193 
f 6222/18/6195 6221/18/6196 6220/18/6197 
f 6223/18/6198 6221/18/6196 6222/18/6195 
f 6224/18/6199 6223/18/6198 6222/18/6195 
f 6225/18/6200 6223/18/6198 6224/18/6199 
f 6226/18/6201 6225/18/6200 6224/18/6199 
f 6227/18/6202 6225/18/6200 6226/18/6201 
f 6227/18/6202 6228/18/6202 6225/18/6200 
f 6229/18/6203 6154/18/6204 6156/18/6205 
f 6229/18/6203 6230/18/6206 6154/18/6204 
f 6229/18/6203 6231/18/6207 6230/18/6206 
f 6231/18/6207 6232/18/6208 6230/18/6206 
f 6233/18/6209 6231/18/6207 6229/18/6203 
f 6233/18/6209 6234/18/6210 6231/18/6207 
f 6158/18/6211 6229/18/6203 6156/18/6205 
f 6158/18/6211 6233/18/6209 6229/18/6203 
f 6235/18/6212 6233/18/6209 6158/18/6211 
f 6160/18/6213 6235/18/6212 6158/18/6211 
f 6235/18/6212 6236/18/6214 6234/18/6210 
f 6235/18/6212 6234/18/6210 6233/18/6209 
f 6160/18/6215 6237/18/6216 6235/18/6217 
f 6162/18/6218 6237/18/6216 6160/18/6215 
f 6162/18/6219 6238/18/6220 6237/18/6221 
f 6164/18/6222 6238/18/6220 6162/18/6219 
f 6237/18/6221 6239/18/6223 6240/18/6224 
f 6237/18/6221 6238/18/6220 6239/18/6223 
f 6164/18/6222 6166/18/6225 6238/18/6220 
f 6166/18/6225 6241/18/6226 6238/18/6220 
f 6241/18/6226 6239/18/6223 6238/18/6220 
f 6241/18/6226 6242/18/6227 6239/18/6223 
f 6237/18/6228 6240/18/6229 6236/18/6230 
f 6237/18/6228 6236/18/6230 6235/18/6231 
f 6243/18/6232 6228/18/6202 6227/18/6202 
f 6244/18/6180 6243/18/6232 6227/18/6202 
f 6212/18/6180 6243/18/6232 6244/18/6180 
f 6213/18/6181 6243/18/6232 6212/18/6180 
f 6166/18/6225 6168/18/6233 6245/18/6234 
f 6166/18/6225 6245/18/6234 6241/18/6226 
f 6245/18/6234 6246/18/6235 6241/18/6226 
f 6241/18/6226 6246/18/6235 6242/18/6227 
f 6216/18/6185 6217/18/6186 6246/18/6235 
f 6216/18/6185 6246/18/6235 6245/18/6234 
f 6168/18/6233 6216/18/6185 6245/18/6234 
f 6134/18/6187 6216/18/6185 6168/18/6233 
f 6188/18/6142 6140/18/6140 6142/18/6236 
f 6188/18/6237 6142/18/6238 6144/18/6239 
f 6188/18/6237 6144/18/6239 6190/18/6240 
f 6190/18/6241 6144/18/6242 6146/18/6243 
f 6190/18/6241 6146/18/6243 6192/18/6243 
f 6192/18/6243 6146/18/6243 6147/18/6244 
f 6195/18/6245 6192/18/6243 6147/18/6244 
f 6198/18/6246 6199/18/6247 6247/18/6248 
f 6247/18/6248 6199/18/6247 6248/18/6247 
f 6201/18/6249 6247/18/6248 6249/18/6250 
f 6201/18/6249 6198/18/6246 6247/18/6248 
f 6250/18/6251 6203/18/6252 6249/18/6250 
f 6203/18/6252 6201/18/6249 6249/18/6250 
f 6206/18/6253 6203/18/6252 6251/18/6254 
f 6251/18/6254 6203/18/6252 6250/18/6251 
f 6206/18/6255 6251/18/6256 6252/18/6257 
f 6207/18/6258 6206/18/6255 6252/18/6257 
f 6207/18/6258 6252/18/6257 6253/18/6259 
f 6207/18/6258 6253/18/6259 6254/18/6260 
f 6207/18/6258 6254/18/6260 6209/18/6261 
f 6209/18/6261 6254/18/6260 6255/18/6262 
f 6209/18/6261 6255/18/6262 6256/18/6263 
f 6209/18/6261 6256/18/6263 6257/18/6264 
f 6195/18/6245 6147/18/6244 6149/18/6265 
f 6210/18/6265 6195/18/6245 6149/18/6265 
f 6213/18/6266 6210/18/6265 6149/18/6265 
f 6213/18/6267 6149/18/6267 6258/18/6267 
f 6215/18/6268 6209/18/6261 6259/18/6269 
f 6209/18/6261 6257/18/6264 6259/18/6269 
f 6217/18/6270 6259/18/6269 6260/18/6271 
f 6217/18/6270 6215/18/6268 6259/18/6269 
f 6213/18/6265 6149/18/6266 6151/18/6265 
f 6221/18/6194 6176/18/6272 6174/18/6192 
f 6221/18/6273 6178/18/6274 6176/18/6275 
f 6221/18/6273 6223/18/6276 6178/18/6274 
f 6223/18/6277 6180/18/6278 6178/18/6279 
f 6223/18/6277 6225/18/6278 6180/18/6278 
f 6225/18/6278 6181/18/6280 6180/18/6278 
f 6228/18/6281 6181/18/6280 6225/18/6278 
f 6231/18/6282 6261/18/6283 6232/18/6284 
f 6261/18/6283 6262/18/6284 6232/18/6284 
f 6234/18/6285 6263/18/6286 6261/18/6283 
f 6234/18/6285 6261/18/6283 6231/18/6282 
f 6264/18/6287 6263/18/6286 6236/18/6288 
f 6236/18/6288 6263/18/6286 6234/18/6285 
f 6240/18/6289 6265/18/6290 6236/18/6288 
f 6265/18/6290 6264/18/6287 6236/18/6288 
f 6240/18/6291 6266/18/6292 6265/18/6293 
f 6239/18/6294 6266/18/6292 6240/18/6291 
f 6239/18/6294 6267/18/6295 6266/18/6292 
f 6239/18/6294 6268/18/6296 6267/18/6295 
f 6239/18/6294 6242/18/6297 6268/18/6296 
f 6242/18/6297 6269/18/6298 6268/18/6296 
f 6242/18/6297 6270/18/6299 6269/18/6298 
f 6242/18/6297 6271/18/6300 6270/18/6299 
f 6228/18/6281 6182/18/6265 6181/18/6280 
f 6243/18/6265 6182/18/6265 6228/18/6281 
f 6213/18/6265 6182/18/6265 6243/18/6265 
f 6213/18/6301 6272/18/6301 6182/18/6301 
f 6246/18/6302 6273/18/6303 6242/18/6297 
f 6242/18/6297 6273/18/6303 6271/18/6300 
f 6217/18/6270 6260/18/6271 6273/18/6303 
f 6217/18/6270 6273/18/6303 6246/18/6302 
f 6213/18/6265 6151/18/6265 6182/18/6265 
usemtl Material_2
f 6136/18/6304 6171/18/6304 6138/18/6305 
f 6138/18/6305 6171/18/6304 6140/18/6306 
f 6140/18/6306 6171/18/6304 6172/18/6305 
f 6140/18/6306 6172/18/6305 6142/18/6307 
f 6142/18/6307 6172/18/6305 6174/18/6306 
f 6142/18/6307 6174/18/6306 6176/18/6307 
f 6142/18/6307 6176/18/6307 6144/18/6308 
f 6144/18/6308 6176/18/6307 6178/18/6308 
# 0 polygons - 264 triangles

#
# object bump_front_2_001
#

v  0.0000 0.4999 2.3343
v  -0.0500 0.4499 2.3343
v  0.0000 0.4499 2.3843
v  0.0000 0.3999 2.3343
v  0.0500 0.4499 2.3343
v  0.0000 0.4499 2.2843
# 6 vertices

vn -0.5774 0.5774 0.5774
vn -0.5774 -0.5774 0.5774
vn 0.5774 -0.5774 0.5774
vn 0.5774 0.5774 0.5774
vn -0.5774 0.5774 -0.5774
vn -0.5774 -0.5774 -0.5774
vn 0.5774 -0.5774 -0.5774
vn 0.5774 0.5774 -0.5774
# 8 vertex normals

vt 0.0000 0.0000 0.0000
# 1 texture coords

g bump_front_2_001
usemtl Material_1
s off
f 6274/19/6309 6275/19/6309 6276/19/6309 
f 6275/19/6310 6277/19/6310 6276/19/6310 
f 6276/19/6311 6277/19/6311 6278/19/6311 
f 6274/19/6312 6276/19/6312 6278/19/6312 
f 6274/19/6313 6279/19/6313 6275/19/6313 
f 6279/19/6314 6277/19/6314 6275/19/6314 
f 6278/19/6315 6277/19/6315 6279/19/6315 
f 6274/19/6316 6278/19/6316 6279/19/6316 
# 0 polygons - 8 triangles

#
# object boot_hi_ok_001
#

v  0.2880 1.4281 -1.1817
v  0.0000 1.4379 -1.1856
v  0.0000 1.4805 -1.0480
v  0.2897 1.4652 -1.0430
v  0.5106 1.4190 -1.1785
v  0.5073 1.4513 -1.0424
v  0.6129 1.4081 -1.1752
v  0.6170 1.4433 -1.0415
v  0.6363 1.4347 -1.0479
v  0.6647 1.3823 -1.1736
v  0.7076 1.3301 -1.1901
v  0.6609 1.4104 -1.0641
v  0.7261 1.3130 -1.1589
v  0.8247 1.1616 -1.3131
v  0.7950 1.1895 -1.3283
v  0.8451 1.1198 -1.4118
v  0.8646 1.0930 -1.3937
v  0.8636 1.0904 -1.4948
v  0.8938 1.0569 -1.4902
v  0.8898 1.0577 -1.6168
v  0.8532 1.0904 -1.6164
v  0.8845 1.0602 -1.7283
v  0.8379 1.0919 -1.7293
v  0.8752 1.0604 -1.8070
v  0.8279 1.0919 -1.8092
v  0.8460 1.0602 -1.9762
v  0.7999 1.0904 -1.9755
v  0.8167 1.0590 -2.1092
v  0.7692 1.0881 -2.1094
v  0.7595 1.0666 -2.2877
v  0.7311 1.0920 -2.2256
v  0.7222 1.0666 -2.3143
v  0.7003 1.0920 -2.2410
v  0.6848 1.0666 -2.3241
v  0.6668 1.0920 -2.2480
v  0.2181 1.0666 -2.3474
v  0.2161 1.0920 -2.2653
v  0.1193 1.0666 -2.3463
v  0.1159 1.0920 -2.2637
v  0.0000 1.0666 -2.3499
v  0.0000 1.0920 -2.2692
v  -0.2880 1.4281 -1.1817
v  -0.2897 1.4652 -1.0430
v  -0.5106 1.4190 -1.1785
v  -0.5073 1.4513 -1.0424
v  -0.6129 1.4081 -1.1752
v  -0.6170 1.4433 -1.0415
v  -0.6363 1.4347 -1.0479
v  -0.6647 1.3823 -1.1736
v  -0.7076 1.3301 -1.1901
v  -0.6609 1.4104 -1.0641
v  -0.7261 1.3130 -1.1589
v  -0.8247 1.1616 -1.3131
v  -0.7950 1.1895 -1.3283
v  -0.8451 1.1198 -1.4118
v  -0.8646 1.0930 -1.3937
v  -0.8636 1.0904 -1.4948
v  -0.8938 1.0569 -1.4902
v  -0.8898 1.0577 -1.6168
v  -0.8532 1.0904 -1.6164
v  -0.8845 1.0602 -1.7283
v  -0.8379 1.0919 -1.7293
v  -0.8752 1.0604 -1.8070
v  -0.8279 1.0919 -1.8092
v  -0.8460 1.0602 -1.9762
v  -0.7999 1.0904 -1.9755
v  -0.8167 1.0590 -2.1092
v  -0.7692 1.0881 -2.1094
v  -0.7595 1.0666 -2.2877
v  -0.7311 1.0920 -2.2256
v  -0.7222 1.0666 -2.3143
v  -0.7003 1.0920 -2.2410
v  -0.6848 1.0666 -2.3241
v  -0.6668 1.0920 -2.2480
v  -0.2181 1.0666 -2.3474
v  -0.2161 1.0920 -2.2653
v  -0.1193 1.0666 -2.3463
v  -0.1159 1.0920 -2.2637
v  0.0000 1.4251 -1.2281
v  0.2862 1.4160 -1.2254
v  0.5142 1.4052 -1.2243
v  0.6118 1.3943 -1.2222
v  0.6550 1.3771 -1.2188
v  0.6870 1.3416 -1.2355
v  0.7539 1.2133 -1.3648
v  0.7942 1.1452 -1.4441
v  0.8007 1.1351 -1.4935
v  0.7991 1.1340 -1.6174
v  0.7894 1.1302 -1.7291
v  0.7749 1.1276 -1.8091
v  0.7491 1.1168 -1.9743
v  0.7120 1.1086 -2.1089
v  0.6761 1.1131 -2.1685
v  0.6531 1.1131 -2.1746
v  0.6309 1.1131 -2.1758
v  0.2061 1.1131 -2.1877
v  0.1128 1.1131 -2.1879
v  0.0000 1.1131 -2.1950
v  -0.2862 1.4160 -1.2254
v  -0.5142 1.4052 -1.2243
v  -0.6118 1.3943 -1.2222
v  -0.6550 1.3771 -1.2188
v  -0.6870 1.3416 -1.2355
v  -0.7539 1.2133 -1.3648
v  -0.7942 1.1452 -1.4441
v  -0.8007 1.1351 -1.4935
v  -0.7991 1.1340 -1.6174
v  -0.7894 1.1302 -1.7291
v  -0.7749 1.1276 -1.8091
v  -0.7491 1.1168 -1.9743
v  -0.7120 1.1086 -2.1089
v  -0.6761 1.1131 -2.1685
v  -0.6531 1.1131 -2.1746
v  -0.6309 1.1131 -2.1758
v  -0.2061 1.1131 -2.1877
v  -0.1128 1.1131 -2.1879
v  0.6547 1.3494 -1.3700
v  0.5337 1.3656 -1.3728
v  0.6653 1.3146 -1.5013
v  0.5422 1.3331 -1.4992
v  0.6741 1.2733 -1.6209
v  0.5559 1.2914 -1.6193
v  0.6832 1.2348 -1.7425
v  0.5661 1.2512 -1.7425
v  0.6947 1.2086 -1.8159
v  0.5729 1.2260 -1.8156
v  0.2836 1.3823 -1.3777
v  0.2812 1.3485 -1.5013
v  0.2852 1.3148 -1.6208
v  0.2877 1.2719 -1.7454
v  0.2964 1.2446 -1.8184
v  0.0000 1.3958 -1.3894
v  0.0000 1.3676 -1.5054
v  0.0000 1.3328 -1.6256
v  0.0000 1.2922 -1.7486
v  0.0000 1.2656 -1.8220
v  -0.6547 1.3494 -1.3700
v  -0.5337 1.3656 -1.3728
v  -0.6653 1.3146 -1.5013
v  -0.5422 1.3331 -1.4992
v  -0.6741 1.2733 -1.6209
v  -0.5559 1.2914 -1.6193
v  -0.6832 1.2348 -1.7425
v  -0.5661 1.2512 -1.7425
v  -0.6947 1.2086 -1.8159
v  -0.5729 1.2260 -1.8156
v  -0.2836 1.3823 -1.3777
v  -0.2812 1.3485 -1.5013
v  -0.2852 1.3148 -1.6208
v  -0.2877 1.2719 -1.7454
v  -0.2964 1.2446 -1.8184
v  0.5032 1.2726 -1.7164
v  0.4319 1.3158 -1.6347
v  0.4340 1.3136 -1.6291
v  0.4935 1.2766 -1.7193
v  0.4268 1.3136 -1.6378
v  0.4838 1.2726 -1.7164
v  0.4290 1.3113 -1.6323
v  0.4935 1.2687 -1.7135
v  0.5131 1.2310 -1.8474
v  0.5002 1.2363 -1.8513
v  0.4873 1.2310 -1.8474
v  0.5002 1.2257 -1.8434
v  0.5166 1.1403 -2.1475
v  0.5038 1.1461 -2.1577
v  0.4909 1.1403 -2.1475
v  0.5038 1.1380 -2.1420
v  0.5247 1.1269 -2.1583
v  0.5066 1.1192 -2.1746
v  0.4886 1.1269 -2.1583
v  0.5066 1.1346 -2.1419
v  0.5247 1.1009 -2.1441
v  0.5066 1.0932 -2.1605
v  0.4886 1.1009 -2.1441
v  0.5066 1.1086 -2.1278
v  0.4313 1.3285 -1.5390
v  0.3980 1.4095 -1.2720
v  0.3981 1.4017 -1.2697
v  0.4311 1.3363 -1.5413
v  0.3780 1.4090 -1.2731
v  0.4135 1.3359 -1.5424
v  0.3781 1.4012 -1.2708
v  0.4136 1.3280 -1.5401
v  0.4415 1.3011 -1.6300
v  0.4413 1.3090 -1.6324
v  0.4248 1.3088 -1.6323
v  0.4250 1.3010 -1.6300
v  0.4707 1.2268 -1.8502
v  0.4706 1.2347 -1.8525
v  0.4485 1.2346 -1.8525
v  0.4486 1.2267 -1.8501
v  0.0100 1.4575 -1.1070
v  -0.0116 1.4643 -1.0865
v  -0.0116 1.4575 -1.1070
v  0.0100 1.4643 -1.0865
v  0.0100 1.4751 -1.1074
v  0.0100 1.4786 -1.0972
v  -0.0116 1.4751 -1.1074
v  -0.0116 1.4786 -1.0972
v  0.5047 1.0059 -1.4777
v  0.4618 0.9805 -1.5700
v  -0.4944 1.0059 -1.4776
v  -0.4415 0.9805 -1.5693
v  0.5064 0.9805 -1.7060
v  -0.4635 0.9805 -1.7050
v  0.6764 0.9805 -1.9162
v  -0.6665 0.9805 -1.9172
v  0.7835 0.9795 -1.9373
v  0.7138 0.9792 -2.2025
v  -0.6555 0.9805 -2.2020
v  -0.7626 0.9795 -1.9362
# 211 vertices

vn 0.0425 0.9629 -0.2665
vn 0.0000 0.9565 -0.2917
vn 0.0000 0.9586 -0.2847
vn 0.0527 0.9661 -0.2529
vn 0.0802 0.9629 -0.2577
vn 0.0750 0.9688 -0.2363
vn 0.2703 0.9257 -0.2645
vn 0.1834 0.9493 -0.2552
vn 0.3447 0.9042 -0.2523
vn 0.4217 0.8738 -0.2420
vn 0.7485 0.6467 -0.1466
vn 0.7404 0.6552 -0.1499
vn 0.6543 0.7273 -0.2072
vn 0.5976 0.7579 -0.2617
vn 0.7718 0.6252 -0.1158
vn 0.7274 0.6565 -0.1998
vn 0.6962 0.6770 -0.2388
vn 0.7050 0.7011 -0.1068
vn 0.7993 0.6008 -0.0117
vn 0.6674 0.7416 -0.0669
vn 0.7527 0.6577 -0.0306
vn 0.6750 0.7371 -0.0320
vn 0.6345 0.7716 -0.0460
vn 0.5765 0.8151 -0.0580
vn 0.5901 0.8041 -0.0719
vn 0.5557 0.8274 -0.0805
vn 0.5613 0.8223 -0.0942
vn 0.5450 0.8310 -0.1114
vn 0.5048 0.8551 -0.1182
vn 0.5221 0.8428 -0.1312
vn 0.4381 0.8903 -0.1242
vn 0.3038 0.9218 -0.2409
vn 0.3039 0.9343 -0.1866
vn 0.1283 0.9460 -0.2978
vn 0.0967 0.9567 -0.2744
vn 0.0471 0.9500 -0.3088
vn 0.0367 0.9574 -0.2865
vn 0.0043 0.9550 -0.2966
vn 0.0035 0.9604 -0.2787
vn 0.0022 0.9557 -0.2943
vn 0.0044 0.9598 -0.2807
vn -0.0000 0.9547 -0.2976
vn 0.0000 0.9581 -0.2863
vn -0.0425 0.9629 -0.2665
vn -0.0527 0.9661 -0.2529
vn -0.0802 0.9629 -0.2577
vn -0.0750 0.9688 -0.2363
vn -0.2703 0.9257 -0.2645
vn -0.1834 0.9493 -0.2552
vn -0.3447 0.9042 -0.2523
vn -0.4217 0.8738 -0.2420
vn -0.7485 0.6467 -0.1466
vn -0.6543 0.7273 -0.2072
vn -0.7404 0.6552 -0.1499
vn -0.5976 0.7579 -0.2617
vn -0.7718 0.6252 -0.1158
vn -0.7274 0.6565 -0.1998
vn -0.6962 0.6770 -0.2388
vn -0.7050 0.7011 -0.1068
vn -0.7993 0.6008 -0.0117
vn -0.6674 0.7416 -0.0669
vn -0.7527 0.6577 -0.0306
vn -0.6750 0.7371 -0.0320
vn -0.6345 0.7716 -0.0460
vn -0.5765 0.8151 -0.0580
vn -0.5901 0.8041 -0.0719
vn -0.5557 0.8274 -0.0805
vn -0.5613 0.8223 -0.0942
vn -0.5450 0.8310 -0.1114
vn -0.5048 0.8551 -0.1182
vn -0.5221 0.8428 -0.1312
vn -0.4381 0.8903 -0.1242
vn -0.3038 0.9218 -0.2409
vn -0.3039 0.9343 -0.1866
vn -0.1283 0.9460 -0.2978
vn -0.0967 0.9567 -0.2744
vn -0.0471 0.9500 -0.3088
vn -0.0367 0.9574 -0.2865
vn -0.0043 0.9550 -0.2966
vn -0.0035 0.9604 -0.2787
vn -0.0022 0.9557 -0.2943
vn -0.0044 0.9598 -0.2807
vn 0.0000 0.9711 -0.2387
vn 0.0428 0.9682 -0.2463
vn 0.0811 0.9603 -0.2670
vn 0.2439 0.9392 -0.2417
vn 0.3754 0.9098 -0.1767
vn 0.7095 0.6840 -0.1696
vn 0.7311 0.6638 -0.1579
vn 0.7394 0.6411 -0.2056
vn 0.6791 0.7194 -0.1461
vn 0.6915 0.7210 -0.0442
vn 0.6910 0.7196 -0.0683
vn 0.6554 0.7485 -0.1010
vn 0.6314 0.7635 -0.1356
vn 0.5433 0.8228 -0.1667
vn 0.3380 0.9301 -0.1441
vn 0.1807 0.9619 -0.2053
vn 0.0410 0.9578 -0.2844
vn 0.0193 0.9560 -0.2926
vn 0.0118 0.9505 -0.3104
vn 0.0092 0.9450 -0.3270
vn -0.0000 0.9459 -0.3245
vn -0.0428 0.9682 -0.2463
vn -0.0811 0.9603 -0.2670
vn -0.2439 0.9392 -0.2417
vn -0.3754 0.9098 -0.1767
vn -0.7095 0.6840 -0.1696
vn -0.7311 0.6638 -0.1579
vn -0.7394 0.6411 -0.2056
vn -0.6791 0.7194 -0.1461
vn -0.6915 0.7210 -0.0442
vn -0.6910 0.7196 -0.0683
vn -0.6554 0.7485 -0.1010
vn -0.6314 0.7635 -0.1356
vn -0.5433 0.8228 -0.1667
vn -0.3380 0.9301 -0.1441
vn -0.1807 0.9619 -0.2053
vn -0.0410 0.9578 -0.2844
vn -0.0193 0.9560 -0.2926
vn -0.0118 0.9505 -0.3104
vn -0.0092 0.9450 -0.3270
vn 0.1534 0.9589 -0.2387
vn 0.7942 0.5946 -0.1253
vn 0.1000 0.9654 -0.2408
vn 0.1369 0.9500 -0.2807
vn 0.1002 0.9546 -0.2805
vn 0.1392 0.9437 -0.3000
vn 0.1072 0.9467 -0.3037
vn 0.1338 0.9428 -0.3053
vn 0.1048 0.9451 -0.3096
vn 0.1329 0.9403 -0.3133
vn 0.1062 0.9464 -0.3051
vn 0.0568 0.9701 -0.2358
vn 0.0663 0.9611 -0.2683
vn 0.0737 0.9527 -0.2948
vn 0.0696 0.9410 -0.3311
vn 0.0597 0.9399 -0.3362
vn 0.0000 0.9773 -0.2120
vn 0.0000 0.9667 -0.2560
vn 0.0000 0.9548 -0.2973
vn 0.0000 0.9450 -0.3272
vn -0.0000 0.9366 -0.3503
vn 0.7883 0.6080 -0.0941
vn 0.7364 0.6564 -0.1640
vn 0.7172 0.6840 -0.1336
vn 0.6996 0.6978 -0.1539
vn 0.6275 0.7475 -0.2179
vn -0.1534 0.9589 -0.2387
vn -0.7942 0.5946 -0.1253
vn -0.1000 0.9654 -0.2408
vn -0.1369 0.9500 -0.2807
vn -0.1002 0.9546 -0.2805
vn -0.1392 0.9437 -0.3000
vn -0.1072 0.9467 -0.3037
vn -0.1338 0.9428 -0.3053
vn -0.1048 0.9451 -0.3096
vn -0.1329 0.9403 -0.3133
vn -0.1062 0.9464 -0.3051
vn -0.0568 0.9701 -0.2358
vn -0.0663 0.9611 -0.2683
vn -0.0737 0.9527 -0.2948
vn -0.0696 0.9410 -0.3311
vn -0.0597 0.9399 -0.3362
vn -0.7883 0.6080 -0.0941
vn -0.7364 0.6564 -0.1640
vn -0.7172 0.6840 -0.1336
vn -0.6996 0.6978 -0.1539
vn -0.6275 0.7475 -0.2179
vn 0.4228 0.8861 -0.1899
vn 0.5874 0.8046 0.0869
vn 0.5945 0.7983 0.0964
vn 0.4161 0.8914 -0.1797
vn -0.0959 0.8744 -0.4756
vn -0.4438 0.6218 -0.6453
vn -0.4235 -0.8842 0.1973
vn -0.6265 -0.7778 -0.0502
vn -0.6404 -0.7653 -0.0650
vn -0.4220 -0.8809 0.2141
vn 0.0699 -0.8595 0.5064
vn 0.4440 -0.6230 0.6440
vn 0.4314 0.8670 -0.2493
vn 0.4335 0.8658 -0.2499
vn -0.4345 0.8593 -0.2698
vn -0.4325 0.8559 -0.2834
vn -0.4369 0.8573 -0.2724
vn -0.4329 -0.8634 0.2591
vn -0.4311 -0.8641 0.2598
vn 0.4350 -0.8479 0.3029
vn 0.4364 -0.8541 0.2831
vn 0.4338 -0.8569 0.2784
vn 0.5827 0.7530 -0.3056
vn 0.5787 0.7608 -0.2937
vn -0.5513 0.7969 -0.2472
vn -0.5561 0.7937 -0.2466
vn -0.2856 -0.9203 0.2674
vn -0.2799 -0.9219 0.2677
vn 0.2882 -0.9157 0.2801
vn 0.2845 -0.9167 0.2805
vn 0.6183 0.6838 -0.3874
vn 0.4486 0.5088 -0.7348
vn -0.6751 0.3396 -0.6549
vn -0.3633 0.6220 -0.6936
vn -0.4131 -0.5258 0.7436
vn -0.4358 -0.5008 0.7478
vn -0.4799 -0.4489 0.7537
vn -0.5087 -0.4124 0.7558
vn 0.3316 0.2948 0.8962
vn 0.5811 -0.2685 0.7682
vn 0.7065 -0.3378 -0.6219
vn -0.7065 -0.3378 -0.6219
vn -0.7065 0.3378 0.6219
vn 0.7065 0.3378 0.6219
vn 0.9935 0.0468 0.1034
vn 0.9929 0.0485 0.1090
vn -0.0078 0.9610 -0.2764
vn -0.0077 0.9648 -0.2631
vn -0.9922 -0.0499 -0.1139
vn -0.9918 -0.0508 -0.1169
vn 0.0079 -0.9612 0.2756
vn 0.0077 -0.9647 0.2631
vn 0.9932 0.0477 0.1065
vn -0.0076 0.9520 -0.3060
vn -0.0076 0.9527 -0.3037
vn -0.9937 -0.0463 -0.1016
vn 0.0076 -0.9528 0.3036
vn 0.0076 -0.9521 0.3058
vn 0.9921 0.0502 0.1150
vn -0.0058 0.9473 -0.3203
vn -0.9948 -0.0435 -0.0922
vn 0.0058 -0.9473 0.3204
vn 0.0000 -0.9492 0.3146
vn 1.0000 0.0000 -0.0000
vn 0.0000 0.9447 -0.3280
vn -1.0000 0.0000 -0.0000
vn 0.0000 -0.0219 -0.9998
vn -0.0000 0.5975 0.8018
vn -0.0000 0.9642 -0.2652
vn -0.0000 0.9905 -0.1374
vn -0.0002 0.9637 -0.2668
vn -0.0001 0.9891 -0.1470
vn 0.0000 1.0000 -0.0000
vn 0.0026 1.0000 -0.0030
vn -0.0033 1.0000 -0.0004
vn 0.0081 1.0000 -0.0033
vn -0.0097 1.0000 -0.0004
# 246 vertex normals

vt 0.0000 0.0000 0.0000
# 1 texture coords

g boot_hi_ok_001
usemtl Material_18
s off
f 6280/20/6317 6281/20/6318 6282/20/6319 
f 6283/20/6320 6280/20/6317 6282/20/6319 
f 6284/20/6321 6280/20/6317 6283/20/6320 
f 6284/20/6321 6283/20/6320 6285/20/6322 
f 6286/20/6323 6284/20/6321 6285/20/6322 
f 6287/20/6324 6286/20/6323 6285/20/6322 
f 6288/20/6325 6286/20/6323 6287/20/6324 
f 6289/20/6326 6286/20/6323 6288/20/6325 
f 6290/20/6327 6289/20/6328 6288/20/6329 
f 6290/20/6327 6288/20/6329 6291/20/6330 
f 6290/20/6327 6291/20/6330 6292/20/6331 
f 6293/20/6332 6290/20/6327 6292/20/6331 
f 6294/20/6333 6290/20/6327 6293/20/6332 
f 6295/20/6334 6294/20/6333 6296/20/6335 
f 6296/20/6335 6294/20/6333 6293/20/6332 
f 6297/20/6336 6295/20/6334 6298/20/6337 
f 6298/20/6337 6295/20/6334 6296/20/6335 
f 6299/20/6338 6297/20/6336 6298/20/6337 
f 6299/20/6338 6300/20/6339 6297/20/6336 
f 6299/20/6338 6301/20/6340 6300/20/6339 
f 6301/20/6340 6302/20/6341 6300/20/6339 
f 6301/20/6340 6303/20/6342 6302/20/6341 
f 6303/20/6342 6304/20/6343 6302/20/6341 
f 6303/20/6342 6305/20/6344 6304/20/6343 
f 6305/20/6344 6306/20/6345 6304/20/6343 
f 6305/20/6344 6307/20/6346 6306/20/6345 
f 6307/20/6346 6308/20/6347 6306/20/6345 
f 6307/20/6346 6309/20/6348 6308/20/6347 
f 6308/20/6347 6309/20/6348 6310/20/6349 
f 6309/20/6348 6311/20/6350 6310/20/6349 
f 6310/20/6349 6311/20/6350 6312/20/6351 
f 6311/20/6350 6313/20/6352 6312/20/6351 
f 6312/20/6351 6313/20/6352 6314/20/6353 
f 6313/20/6352 6315/20/6354 6314/20/6353 
f 6314/20/6353 6315/20/6354 6316/20/6355 
f 6315/20/6354 6317/20/6356 6316/20/6355 
f 6316/20/6355 6317/20/6356 6318/20/6357 
f 6317/20/6356 6319/20/6358 6318/20/6357 
f 6318/20/6357 6319/20/6358 6320/20/6359 
f 6281/20/6318 6321/20/6360 6282/20/6319 
f 6282/20/6319 6321/20/6360 6322/20/6361 
f 6321/20/6360 6323/20/6362 6322/20/6361 
f 6322/20/6361 6323/20/6362 6324/20/6363 
f 6324/20/6363 6323/20/6362 6325/20/6364 
f 6324/20/6363 6325/20/6364 6326/20/6365 
f 6325/20/6364 6327/20/6366 6326/20/6365 
f 6325/20/6364 6328/20/6367 6327/20/6366 
f 6329/20/6368 6327/20/6369 6328/20/6370 
f 6327/20/6369 6329/20/6368 6330/20/6371 
f 6329/20/6368 6331/20/6372 6330/20/6371 
f 6332/20/6373 6331/20/6372 6329/20/6368 
f 6333/20/6374 6332/20/6373 6329/20/6368 
f 6334/20/6375 6335/20/6376 6333/20/6374 
f 6335/20/6376 6332/20/6373 6333/20/6374 
f 6336/20/6377 6337/20/6378 6334/20/6375 
f 6337/20/6378 6335/20/6376 6334/20/6375 
f 6338/20/6379 6337/20/6378 6336/20/6377 
f 6339/20/6380 6338/20/6379 6336/20/6377 
f 6339/20/6380 6340/20/6381 6338/20/6379 
f 6341/20/6382 6340/20/6381 6339/20/6380 
f 6341/20/6382 6342/20/6383 6340/20/6381 
f 6343/20/6384 6342/20/6383 6341/20/6382 
f 6343/20/6384 6344/20/6385 6342/20/6383 
f 6345/20/6386 6344/20/6385 6343/20/6384 
f 6345/20/6386 6346/20/6387 6344/20/6385 
f 6347/20/6388 6346/20/6387 6345/20/6386 
f 6348/20/6389 6346/20/6387 6347/20/6388 
f 6349/20/6390 6348/20/6389 6347/20/6388 
f 6350/20/6391 6348/20/6389 6349/20/6390 
f 6351/20/6392 6350/20/6391 6349/20/6390 
f 6352/20/6393 6350/20/6391 6351/20/6392 
f 6353/20/6394 6352/20/6393 6351/20/6392 
f 6354/20/6395 6352/20/6393 6353/20/6394 
f 6355/20/6396 6354/20/6395 6353/20/6394 
f 6356/20/6397 6354/20/6395 6355/20/6396 
f 6357/20/6398 6356/20/6397 6355/20/6396 
f 6319/20/6358 6356/20/6397 6357/20/6398 
f 6319/20/6358 6357/20/6398 6320/20/6359 
usemtl Material_4
f 6280/20/6317 6358/20/6399 6281/20/6318 
f 6280/20/6317 6359/20/6400 6358/20/6399 
f 6360/20/6401 6359/20/6400 6284/20/6321 
f 6284/20/6321 6359/20/6400 6280/20/6317 
f 6286/20/6323 6360/20/6401 6284/20/6321 
f 6286/20/6323 6361/20/6402 6360/20/6401 
f 6289/20/6326 6361/20/6402 6286/20/6323 
f 6289/20/6326 6362/20/6403 6361/20/6402 
f 6362/20/6404 6289/20/6328 6290/20/6327 
f 6363/20/6405 6362/20/6404 6290/20/6327 
f 6294/20/6333 6363/20/6405 6290/20/6327 
f 6364/20/6406 6363/20/6405 6294/20/6333 
f 6294/20/6333 6365/20/6407 6364/20/6406 
f 6295/20/6334 6365/20/6407 6294/20/6333 
f 6297/20/6336 6365/20/6407 6295/20/6334 
f 6297/20/6336 6366/20/6408 6365/20/6407 
f 6297/20/6336 6300/20/6339 6366/20/6408 
f 6300/20/6339 6367/20/6409 6366/20/6408 
f 6300/20/6339 6302/20/6341 6367/20/6409 
f 6302/20/6341 6368/20/6410 6367/20/6409 
f 6302/20/6341 6304/20/6343 6368/20/6410 
f 6304/20/6343 6369/20/6411 6368/20/6410 
f 6304/20/6343 6306/20/6345 6369/20/6411 
f 6306/20/6345 6370/20/6412 6369/20/6411 
f 6306/20/6345 6308/20/6347 6370/20/6412 
f 6308/20/6347 6371/20/6413 6370/20/6412 
f 6310/20/6349 6372/20/6414 6371/20/6413 
f 6308/20/6347 6310/20/6349 6371/20/6413 
f 6310/20/6349 6312/20/6351 6372/20/6414 
f 6312/20/6351 6373/20/6415 6372/20/6414 
f 6312/20/6351 6374/20/6416 6373/20/6415 
f 6312/20/6351 6314/20/6353 6374/20/6416 
f 6314/20/6353 6375/20/6417 6374/20/6416 
f 6314/20/6353 6316/20/6355 6375/20/6417 
f 6316/20/6355 6318/20/6357 6375/20/6417 
f 6375/20/6417 6318/20/6357 6376/20/6418 
f 6318/20/6357 6320/20/6359 6376/20/6418 
f 6376/20/6418 6320/20/6359 6377/20/6419 
f 6358/20/6399 6321/20/6360 6281/20/6318 
f 6358/20/6399 6378/20/6420 6321/20/6360 
f 6378/20/6420 6379/20/6421 6323/20/6362 
f 6378/20/6420 6323/20/6362 6321/20/6360 
f 6323/20/6362 6379/20/6421 6325/20/6364 
f 6379/20/6421 6380/20/6422 6325/20/6364 
f 6380/20/6422 6328/20/6367 6325/20/6364 
f 6380/20/6422 6381/20/6423 6328/20/6367 
f 6381/20/6424 6329/20/6368 6328/20/6370 
f 6382/20/6425 6329/20/6368 6381/20/6424 
f 6333/20/6374 6329/20/6368 6382/20/6425 
f 6383/20/6426 6333/20/6374 6382/20/6425 
f 6383/20/6426 6384/20/6427 6333/20/6374 
f 6384/20/6427 6334/20/6375 6333/20/6374 
f 6384/20/6427 6336/20/6377 6334/20/6375 
f 6384/20/6427 6385/20/6428 6336/20/6377 
f 6385/20/6428 6339/20/6380 6336/20/6377 
f 6386/20/6429 6339/20/6380 6385/20/6428 
f 6386/20/6429 6341/20/6382 6339/20/6380 
f 6387/20/6430 6341/20/6382 6386/20/6429 
f 6387/20/6430 6343/20/6384 6341/20/6382 
f 6388/20/6431 6343/20/6384 6387/20/6430 
f 6388/20/6431 6345/20/6386 6343/20/6384 
f 6389/20/6432 6345/20/6386 6388/20/6431 
f 6389/20/6432 6347/20/6388 6345/20/6386 
f 6390/20/6433 6347/20/6388 6389/20/6432 
f 6391/20/6434 6349/20/6390 6390/20/6433 
f 6390/20/6433 6349/20/6390 6347/20/6388 
f 6391/20/6434 6351/20/6392 6349/20/6390 
f 6392/20/6435 6351/20/6392 6391/20/6434 
f 6393/20/6436 6351/20/6392 6392/20/6435 
f 6393/20/6436 6353/20/6394 6351/20/6392 
f 6394/20/6437 6353/20/6394 6393/20/6436 
f 6394/20/6437 6355/20/6396 6353/20/6394 
f 6357/20/6398 6355/20/6396 6394/20/6437 
f 6395/20/6438 6357/20/6398 6394/20/6437 
f 6320/20/6359 6357/20/6398 6395/20/6438 
f 6320/20/6359 6395/20/6438 6377/20/6419 
usemtl Material_12
f 6362/20/6403 6396/20/6439 6361/20/6402 
f 6396/20/6440 6362/20/6404 6363/20/6405 
f 6396/20/6439 6360/20/6401 6361/20/6402 
f 6396/20/6439 6397/20/6441 6360/20/6401 
f 6398/20/6442 6397/20/6441 6396/20/6439 
f 6398/20/6442 6399/20/6443 6397/20/6441 
f 6400/20/6444 6399/20/6443 6398/20/6442 
f 6400/20/6444 6401/20/6445 6399/20/6443 
f 6402/20/6446 6401/20/6445 6400/20/6444 
f 6402/20/6446 6403/20/6447 6401/20/6445 
f 6404/20/6448 6403/20/6447 6402/20/6446 
f 6404/20/6448 6405/20/6449 6403/20/6447 
f 6371/20/6413 6405/20/6449 6404/20/6448 
f 6371/20/6413 6372/20/6414 6405/20/6449 
f 6372/20/6414 6373/20/6415 6405/20/6449 
f 6373/20/6415 6374/20/6416 6405/20/6449 
f 6397/20/6441 6359/20/6400 6360/20/6401 
f 6397/20/6441 6406/20/6450 6359/20/6400 
f 6399/20/6443 6406/20/6450 6397/20/6441 
f 6399/20/6443 6407/20/6451 6406/20/6450 
f 6401/20/6445 6407/20/6451 6399/20/6443 
f 6401/20/6445 6408/20/6452 6407/20/6451 
f 6403/20/6447 6408/20/6452 6401/20/6445 
f 6403/20/6447 6409/20/6453 6408/20/6452 
f 6405/20/6449 6409/20/6453 6403/20/6447 
f 6405/20/6449 6410/20/6454 6409/20/6453 
f 6374/20/6416 6410/20/6454 6405/20/6449 
f 6374/20/6416 6375/20/6417 6410/20/6454 
f 6359/20/6400 6406/20/6450 6358/20/6399 
f 6406/20/6450 6411/20/6455 6358/20/6399 
f 6406/20/6450 6407/20/6451 6411/20/6455 
f 6407/20/6451 6412/20/6456 6411/20/6455 
f 6408/20/6452 6412/20/6456 6407/20/6451 
f 6408/20/6452 6413/20/6457 6412/20/6456 
f 6409/20/6453 6413/20/6457 6408/20/6452 
f 6409/20/6453 6414/20/6458 6413/20/6457 
f 6410/20/6454 6414/20/6458 6409/20/6453 
f 6410/20/6454 6415/20/6459 6414/20/6458 
f 6410/20/6454 6375/20/6417 6415/20/6459 
f 6375/20/6417 6376/20/6418 6415/20/6459 
f 6376/20/6418 6377/20/6419 6415/20/6459 
f 6396/20/6440 6363/20/6405 6364/20/6406 
f 6398/20/6460 6396/20/6440 6364/20/6406 
f 6398/20/6460 6364/20/6406 6365/20/6407 
f 6398/20/6460 6365/20/6407 6366/20/6408 
f 6367/20/6409 6398/20/6460 6366/20/6408 
f 6400/20/6461 6398/20/6460 6367/20/6409 
f 6402/20/6462 6400/20/6461 6367/20/6409 
f 6402/20/6462 6367/20/6409 6368/20/6410 
f 6404/20/6463 6402/20/6462 6368/20/6410 
f 6404/20/6463 6368/20/6410 6369/20/6411 
f 6370/20/6412 6404/20/6463 6369/20/6411 
f 6370/20/6412 6371/20/6464 6404/20/6463 
f 6380/20/6422 6416/20/6465 6381/20/6423 
f 6416/20/6466 6382/20/6425 6381/20/6424 
f 6379/20/6421 6416/20/6465 6380/20/6422 
f 6379/20/6421 6417/20/6467 6416/20/6465 
f 6417/20/6467 6418/20/6468 6416/20/6465 
f 6417/20/6467 6419/20/6469 6418/20/6468 
f 6419/20/6469 6420/20/6470 6418/20/6468 
f 6419/20/6469 6421/20/6471 6420/20/6470 
f 6421/20/6471 6422/20/6472 6420/20/6470 
f 6421/20/6471 6423/20/6473 6422/20/6472 
f 6423/20/6473 6424/20/6474 6422/20/6472 
f 6423/20/6473 6425/20/6475 6424/20/6474 
f 6425/20/6475 6390/20/6433 6424/20/6474 
f 6425/20/6475 6391/20/6434 6390/20/6433 
f 6425/20/6475 6392/20/6435 6391/20/6434 
f 6425/20/6475 6393/20/6436 6392/20/6435 
f 6378/20/6420 6417/20/6467 6379/20/6421 
f 6426/20/6476 6417/20/6467 6378/20/6420 
f 6426/20/6476 6419/20/6469 6417/20/6467 
f 6427/20/6477 6419/20/6469 6426/20/6476 
f 6427/20/6477 6421/20/6471 6419/20/6469 
f 6427/20/6477 6428/20/6478 6421/20/6471 
f 6428/20/6478 6423/20/6473 6421/20/6471 
f 6428/20/6478 6429/20/6479 6423/20/6473 
f 6429/20/6479 6425/20/6475 6423/20/6473 
f 6429/20/6479 6430/20/6480 6425/20/6475 
f 6430/20/6480 6393/20/6436 6425/20/6475 
f 6394/20/6437 6393/20/6436 6430/20/6480 
f 6358/20/6399 6426/20/6476 6378/20/6420 
f 6411/20/6455 6426/20/6476 6358/20/6399 
f 6411/20/6455 6427/20/6477 6426/20/6476 
f 6412/20/6456 6427/20/6477 6411/20/6455 
f 6412/20/6456 6428/20/6478 6427/20/6477 
f 6413/20/6457 6428/20/6478 6412/20/6456 
f 6413/20/6457 6429/20/6479 6428/20/6478 
f 6414/20/6458 6429/20/6479 6413/20/6457 
f 6414/20/6458 6430/20/6480 6429/20/6479 
f 6415/20/6459 6430/20/6480 6414/20/6458 
f 6415/20/6459 6394/20/6437 6430/20/6480 
f 6415/20/6459 6395/20/6438 6394/20/6437 
f 6377/20/6419 6395/20/6438 6415/20/6459 
f 6416/20/6466 6383/20/6426 6382/20/6425 
f 6418/20/6481 6383/20/6426 6416/20/6466 
f 6418/20/6481 6384/20/6427 6383/20/6426 
f 6418/20/6481 6385/20/6428 6384/20/6427 
f 6386/20/6429 6385/20/6428 6418/20/6481 
f 6420/20/6482 6386/20/6429 6418/20/6481 
f 6422/20/6483 6386/20/6429 6420/20/6482 
f 6422/20/6483 6387/20/6430 6386/20/6429 
f 6424/20/6484 6387/20/6430 6422/20/6483 
f 6424/20/6484 6388/20/6431 6387/20/6430 
f 6389/20/6432 6388/20/6431 6424/20/6484 
f 6424/20/6484 6390/20/6485 6389/20/6432 
usemtl Material_5
f 6431/20/6486 6432/20/6487 6433/20/6488 
f 6431/20/6486 6434/20/6489 6432/20/6487 
f 6434/20/6490 6435/20/6490 6432/20/6490 
f 6435/20/6491 6434/20/6491 6436/20/6491 
f 6436/20/6492 6437/20/6493 6435/20/6494 
f 6438/20/6495 6437/20/6493 6436/20/6492 
f 6438/20/6496 6433/20/6496 6437/20/6496 
f 6433/20/6497 6438/20/6497 6431/20/6497 
f 6439/20/6498 6434/20/6489 6431/20/6486 
f 6439/20/6498 6440/20/6499 6434/20/6489 
f 6440/20/6500 6436/20/6501 6434/20/6501 
f 6440/20/6500 6441/20/6502 6436/20/6501 
f 6438/20/6495 6436/20/6492 6441/20/6503 
f 6442/20/6504 6438/20/6495 6441/20/6503 
f 6431/20/6505 6438/20/6505 6442/20/6506 
f 6439/20/6507 6431/20/6505 6442/20/6506 
f 6443/20/6508 6440/20/6499 6439/20/6498 
f 6443/20/6508 6444/20/6509 6440/20/6499 
f 6444/20/6510 6441/20/6502 6440/20/6500 
f 6444/20/6510 6445/20/6511 6441/20/6502 
f 6442/20/6504 6441/20/6503 6445/20/6512 
f 6446/20/6513 6442/20/6504 6445/20/6512 
f 6439/20/6507 6442/20/6506 6446/20/6514 
f 6443/20/6515 6439/20/6507 6446/20/6514 
f 6447/20/6516 6444/20/6509 6443/20/6508 
f 6444/20/6517 6447/20/6517 6448/20/6517 
f 6448/20/6518 6445/20/6518 6444/20/6518 
f 6445/20/6519 6448/20/6519 6449/20/6519 
f 6445/20/6520 6449/20/6521 6446/20/6522 
f 6446/20/6522 6449/20/6521 6450/20/6523 
f 6443/20/6524 6446/20/6524 6450/20/6524 
f 6443/20/6525 6450/20/6525 6447/20/6525 
f 6448/20/6526 6447/20/6526 6451/20/6526 
f 6448/20/6526 6451/20/6526 6452/20/6526 
f 6448/20/6527 6452/20/6527 6449/20/6527 
f 6452/20/6527 6453/20/6527 6449/20/6527 
f 6449/20/6528 6453/20/6528 6450/20/6528 
f 6453/20/6528 6454/20/6528 6450/20/6528 
f 6447/20/6529 6450/20/6529 6454/20/6529 
f 6447/20/6529 6454/20/6529 6451/20/6529 
f 6455/20/6530 6456/20/6531 6457/20/6531 
f 6458/20/6530 6456/20/6531 6455/20/6530 
f 6458/20/6532 6459/20/6533 6456/20/6533 
f 6458/20/6532 6460/20/6532 6459/20/6533 
f 6460/20/6534 6461/20/6535 6459/20/6535 
f 6460/20/6534 6462/20/6534 6461/20/6535 
f 6462/20/6536 6457/20/6537 6461/20/6537 
f 6455/20/6536 6457/20/6537 6462/20/6536 
f 6463/20/6538 6458/20/6530 6455/20/6530 
f 6464/20/6538 6458/20/6530 6463/20/6538 
f 6464/20/6539 6460/20/6532 6458/20/6532 
f 6464/20/6539 6465/20/6540 6460/20/6532 
f 6465/20/6541 6462/20/6534 6460/20/6534 
f 6465/20/6541 6466/20/6541 6462/20/6534 
f 6455/20/6536 6462/20/6536 6466/20/6542 
f 6463/20/6543 6455/20/6536 6466/20/6542 
f 6467/20/6544 6464/20/6538 6463/20/6538 
f 6468/20/6544 6464/20/6538 6467/20/6544 
f 6468/20/6545 6465/20/6540 6464/20/6539 
f 6468/20/6545 6469/20/6545 6465/20/6540 
f 6469/20/6546 6466/20/6541 6465/20/6541 
f 6469/20/6546 6470/20/6546 6466/20/6541 
f 6470/20/6547 6463/20/6543 6466/20/6542 
f 6467/20/6547 6463/20/6543 6470/20/6547 
usemtl Material_15
f 6471/20/6548 6472/20/6548 6473/20/6548 
f 6474/20/6548 6472/20/6548 6471/20/6548 
f 6475/20/6549 6474/20/6549 6471/20/6549 
f 6475/20/6549 6476/20/6549 6474/20/6549 
f 6475/20/6550 6477/20/6550 6476/20/6550 
f 6476/20/6550 6477/20/6550 6478/20/6550 
f 6477/20/6551 6473/20/6551 6478/20/6551 
f 6473/20/6551 6472/20/6551 6478/20/6551 
f 6475/20/6552 6471/20/6552 6473/20/6552 
f 6475/20/6552 6473/20/6552 6477/20/6552 
f 6476/20/6553 6472/20/6553 6474/20/6553 
f 6478/20/6553 6472/20/6553 6476/20/6553 
usemtl Material_27
f 6479/20/6554 6480/20/6555 6481/20/6556 
f 6480/20/6555 6482/20/6557 6481/20/6556 
f 6483/20/6558 6484/20/6558 6480/20/6555 
f 6480/20/6555 6484/20/6558 6482/20/6557 
f 6485/20/6559 6486/20/6560 6483/20/6558 
f 6483/20/6558 6486/20/6560 6484/20/6558 
f 6487/20/6561 6488/20/6559 6485/20/6559 
f 6488/20/6559 6486/20/6560 6485/20/6559 
f 6489/20/6558 6490/20/6562 6486/20/6560 
f 6488/20/6559 6489/20/6558 6486/20/6560 
# 0 polygons - 346 triangles

#
# object bump_front_001
#

v  0.9595 0.4962 2.2764
v  0.8898 0.4843 2.3687
v  0.9446 0.4853 2.2695
v  0.9033 0.4962 2.3806
v  0.9576 0.5585 2.2992
v  0.9488 0.5675 2.2967
v  0.9101 0.5658 2.3820
v  0.9200 0.5577 2.3857
v  0.8818 0.5651 2.4332
v  0.8906 0.5576 2.4398
v  0.8575 0.4846 2.4142
v  0.8682 0.4945 2.4265
v  0.8205 0.4844 2.4464
v  0.8280 0.4938 2.4615
v  0.7726 0.4843 2.4788
v  0.7784 0.4952 2.4938
v  0.8343 0.5642 2.4676
v  0.8357 0.5577 2.4804
v  0.6721 0.4852 2.5132
v  0.6790 0.4955 2.5271
v  0.8128 0.5643 2.4787
v  0.8124 0.5578 2.4915
v  0.7749 0.5649 2.4933
v  0.7755 0.5578 2.5046
v  0.6741 0.5646 2.5172
v  0.6736 0.5577 2.5287
v  0.5146 0.5646 2.5471
v  0.5136 0.5570 2.5587
v  0.2737 0.5651 2.5702
v  0.2737 0.5575 2.5837
v  0.0000 0.5652 2.5814
v  0.0000 0.5570 2.5927
v  0.5867 0.4840 2.5332
v  0.5877 0.4955 2.5447
v  0.5547 0.4839 2.5390
v  0.5229 0.4960 2.5540
v  0.2765 0.4844 2.5670
v  0.2737 0.4946 2.5809
v  0.0000 0.4843 2.5735
v  0.0000 0.4941 2.5871
v  -0.8898 0.4843 2.3687
v  -0.9595 0.4962 2.2764
v  -0.9446 0.4853 2.2695
v  -0.9033 0.4962 2.3806
v  -0.9101 0.5658 2.3820
v  -0.9488 0.5675 2.2967
v  -0.9576 0.5585 2.2992
v  -0.9200 0.5577 2.3857
v  -0.8818 0.5651 2.4332
v  -0.8906 0.5576 2.4398
v  -0.8575 0.4846 2.4142
v  -0.8682 0.4945 2.4265
v  -0.8205 0.4844 2.4464
v  -0.8280 0.4938 2.4615
v  -0.7726 0.4843 2.4788
v  -0.7784 0.4952 2.4938
v  -0.8343 0.5642 2.4676
v  -0.8357 0.5577 2.4804
v  -0.6721 0.4852 2.5132
v  -0.6790 0.4955 2.5271
v  -0.8128 0.5643 2.4787
v  -0.8124 0.5578 2.4915
v  -0.7749 0.5649 2.4933
v  -0.7755 0.5578 2.5046
v  -0.6741 0.5646 2.5172
v  -0.6736 0.5577 2.5287
v  -0.5146 0.5646 2.5471
v  -0.5136 0.5570 2.5587
v  -0.2737 0.5651 2.5702
v  -0.2737 0.5575 2.5837
v  -0.5867 0.4840 2.5332
v  -0.5877 0.4955 2.5447
v  -0.5547 0.4839 2.5390
v  -0.5229 0.4960 2.5540
v  -0.2765 0.4844 2.5670
v  -0.2737 0.4946 2.5809
v  0.5247 0.5535 2.5576
v  0.5234 0.5010 2.5547
v  0.5886 0.5002 2.5486
v  0.5898 0.5540 2.5481
v  0.6785 0.5009 2.5305
v  0.6785 0.5536 2.5305
v  0.7463 0.5010 2.5125
v  0.7463 0.5537 2.5137
v  -0.5247 0.5535 2.5576
v  -0.5886 0.5002 2.5486
v  -0.5234 0.5010 2.5547
v  -0.5898 0.5540 2.5481
v  -0.6785 0.5009 2.5305
v  -0.6785 0.5536 2.5305
v  -0.7463 0.5010 2.5125
v  -0.7463 0.5537 2.5137
v  0.7273 0.2791 2.3566
v  0.6192 0.2740 2.4444
v  0.6106 0.2802 2.3863
v  0.7425 0.2730 2.4132
v  0.7273 0.3414 2.3710
v  0.7425 0.3342 2.4276
v  0.6106 0.3425 2.4007
v  0.6192 0.3353 2.4588
v  -0.6106 0.2802 2.3863
v  -0.6192 0.2740 2.4444
v  -0.7273 0.2791 2.3566
v  -0.7425 0.2730 2.4132
v  -0.7273 0.3414 2.3710
v  -0.7425 0.3342 2.4276
v  -0.6106 0.3425 2.4007
v  -0.6192 0.3353 2.4588
v  0.5106 0.6647 2.4864
v  0.5220 0.5946 2.5235
v  0.6850 0.6624 2.4585
v  0.6714 0.5943 2.4929
v  0.7665 0.5944 2.4685
v  0.7853 0.6184 2.4496
v  0.8095 0.6599 2.4230
v  -0.5106 0.6647 2.4864
v  -0.6850 0.6624 2.4585
v  -0.5220 0.5946 2.5235
v  -0.6714 0.5943 2.4929
v  -0.7665 0.5944 2.4685
v  -0.7853 0.6184 2.4496
v  -0.8095 0.6599 2.4230
v  0.2387 0.6588 2.5201
v  0.2413 0.6259 2.5461
v  0.2499 0.6260 2.5454
v  0.2498 0.6489 2.5272
v  0.2590 0.6517 2.5243
v  0.2537 0.6644 2.5146
v  0.2660 0.6491 2.5259
v  0.2650 0.6626 2.5152
v  0.2680 0.6278 2.5427
v  0.2767 0.6279 2.5420
v  0.2757 0.6495 2.5249
v  0.2745 0.6637 2.5136
v  0.2835 0.6659 2.5112
v  0.2845 0.6533 2.5212
v  0.2973 0.6601 2.5148
v  0.2884 0.6491 2.5242
v  0.2903 0.6276 2.5412
v  0.3018 0.6272 2.5407
v  0.3463 0.6585 2.5127
v  0.3464 0.6516 2.5182
v  0.3684 0.6517 2.5170
v  0.3744 0.6590 2.5103
v  0.3470 0.6286 2.5366
v  0.3601 0.6292 2.5362
v  0.3682 0.6377 2.5283
v  0.3867 0.6591 2.5092
v  0.3866 0.6373 2.5267
v  0.3876 0.6293 2.5330
v  0.3941 0.6597 2.5077
v  0.3971 0.6292 2.5317
v  0.4052 0.6377 2.5245
v  0.4042 0.6541 2.5115
v  0.4258 0.6605 2.5052
v  0.4196 0.6538 2.5109
v  0.4215 0.6381 2.5232
v  0.4276 0.6301 2.5292
v  0.4332 0.6385 2.5222
v  0.4336 0.6467 2.5157
v  0.4320 0.6539 2.5100
v  0.3089 0.6598 2.5156
v  0.3114 0.6516 2.5219
v  0.3314 0.6516 2.5197
v  0.3402 0.6592 2.5127
v  0.3320 0.6464 2.5238
v  0.3437 0.6464 2.5225
v  0.3153 0.6421 2.5290
v  0.3332 0.6421 2.5271
v  0.3115 0.6470 2.5256
v  0.3046 0.6430 2.5295
v  0.3053 0.6351 2.5358
v  0.3159 0.6347 2.5350
v  0.3114 0.6285 2.5404
v  0.3436 0.6284 2.5369
v  0.3345 0.6337 2.5336
v  0.4451 0.6612 2.5034
v  0.4477 0.6529 2.5096
v  0.4676 0.6525 2.5067
v  0.4762 0.6606 2.4988
v  0.4682 0.6473 2.5108
v  0.4799 0.6470 2.5091
v  0.4516 0.6434 2.5166
v  0.4694 0.6430 2.5141
v  0.4478 0.6483 2.5133
v  0.4409 0.6445 2.5175
v  0.4417 0.6366 2.5237
v  0.4523 0.6359 2.5225
v  0.4478 0.6298 2.5281
v  0.4790 0.6292 2.5236
v  0.4707 0.6346 2.5206
v  0.6715 0.3380 2.4382
v  0.6055 0.3375 2.4605
v  0.6037 0.2748 2.4417
v  0.6648 0.2713 2.4192
v  0.7472 0.2719 2.3832
v  0.7491 0.3388 2.4063
v  0.7501 0.2846 2.3860
v  -0.6715 0.3380 2.4382
v  -0.6037 0.2748 2.4417
v  -0.6055 0.3375 2.4605
v  -0.6648 0.2713 2.4192
v  -0.7472 0.2719 2.3832
v  -0.7491 0.3388 2.4063
v  -0.7501 0.2846 2.3860
v  0.5509 0.4242 2.4828
v  0.3813 0.2698 2.4626
v  0.5468 0.2738 2.4490
v  0.3813 0.4218 2.4907
v  -0.5544 0.4178 2.4711
v  -0.5333 0.2689 2.4513
v  -0.3880 0.2674 2.4626
v  -0.3880 0.4193 2.4907
v  0.2729 0.2567 2.4941
v  -0.0000 0.2775 2.4622
v  -0.0000 0.2586 2.5045
v  0.2706 0.2763 2.4533
v  0.5346 0.2631 2.4704
v  0.5217 0.2810 2.4347
v  0.5551 0.4106 2.5331
v  0.2758 0.4111 2.5603
v  0.5323 0.3945 2.4870
v  0.2755 0.3940 2.5077
v  -0.0000 0.4111 2.5668
v  -0.0000 0.3955 2.5125
v  0.5558 0.3436 2.4914
v  0.5337 0.3446 2.4583
v  0.9494 0.4129 2.2570
v  0.8894 0.4137 2.3678
v  0.8568 0.4133 2.4135
v  0.8199 0.4146 2.4469
v  0.7719 0.4146 2.4786
v  0.6725 0.4148 2.5147
v  0.5867 0.4149 2.5333
v  0.7905 0.3444 2.4178
v  0.7651 0.2820 2.4034
v  0.7876 0.2802 2.3938
v  0.7672 0.3443 2.4252
v  0.8169 0.2813 2.3703
v  0.8185 0.3439 2.3918
v  0.8517 0.2802 2.3252
v  0.8575 0.3442 2.3409
v  0.9040 0.2838 2.2297
v  0.9430 0.4099 2.2527
v  0.8840 0.4099 2.3616
v  0.8524 0.4113 2.4082
v  0.8166 0.4120 2.4400
v  0.7705 0.4119 2.4726
v  0.6714 0.4114 2.5080
v  0.6713 0.3452 2.4542
v  0.5841 0.4115 2.5273
v  0.5886 0.3452 2.4831
v  0.5842 0.2607 2.4561
v  0.5550 0.4155 2.5391
v  0.2765 0.4161 2.5670
v  -0.0000 0.4163 2.5729
v  0.6638 0.2578 2.4307
v  0.7642 0.2579 2.3972
v  0.5132 0.5906 2.5419
v  0.6741 0.5902 2.5109
v  0.7753 0.5904 2.4872
v  0.7930 0.6170 2.4667
v  0.8882 0.7048 2.3202
v  0.8517 0.6986 2.3528
v  0.8360 0.6594 2.4132
v  0.8692 0.6593 2.4035
v  0.8236 0.6159 2.4501
v  0.8526 0.6164 2.4417
v  0.8164 0.5909 2.4721
v  0.8412 0.5911 2.4631
v  0.8200 0.6963 2.3745
v  0.6848 0.6963 2.4202
v  0.4966 0.6963 2.4543
v  0.2759 0.6660 2.5118
v  0.2786 0.6963 2.4778
v  0.0000 0.6963 2.4856
v  0.0000 0.6662 2.5184
v  0.2768 0.5946 2.5623
v  0.0000 0.5946 2.5716
v  0.9309 0.6573 2.3116
v  0.9436 0.6144 2.3040
v  0.9022 0.6144 2.3810
v  0.8722 0.5931 2.4342
v  0.8796 0.7153 2.3263
v  0.8302 0.7167 2.3399
v  0.6833 0.7160 2.3739
v  0.4993 0.7178 2.4164
v  0.2828 0.7187 2.4415
v  -0.0000 0.7193 2.4505
v  -0.2729 0.2567 2.4941
v  -0.2706 0.2763 2.4533
v  -0.5346 0.2631 2.4704
v  -0.5217 0.2810 2.4347
v  -0.2758 0.4111 2.5603
v  -0.5551 0.4106 2.5331
v  -0.5323 0.3945 2.4870
v  -0.2755 0.3940 2.5077
v  -0.5558 0.3436 2.4914
v  -0.5337 0.3446 2.4583
v  -0.9494 0.4129 2.2570
v  -0.8894 0.4137 2.3678
v  -0.8568 0.4133 2.4135
v  -0.8199 0.4146 2.4469
v  -0.7719 0.4146 2.4786
v  -0.6725 0.4148 2.5147
v  -0.5867 0.4149 2.5333
v  -0.7905 0.3444 2.4178
v  -0.7876 0.2802 2.3938
v  -0.7651 0.2820 2.4034
v  -0.7672 0.3443 2.4252
v  -0.8169 0.2813 2.3703
v  -0.8185 0.3439 2.3918
v  -0.8517 0.2802 2.3252
v  -0.8575 0.3442 2.3409
v  -0.9040 0.2838 2.2297
v  -0.9430 0.4099 2.2527
v  -0.8840 0.4099 2.3616
v  -0.8524 0.4113 2.4082
v  -0.8166 0.4120 2.4400
v  -0.7705 0.4119 2.4726
v  -0.6714 0.4114 2.5080
v  -0.6713 0.3452 2.4542
v  -0.5841 0.4115 2.5273
v  -0.5886 0.3452 2.4831
v  -0.5842 0.2607 2.4561
v  -0.5550 0.4155 2.5391
v  -0.2765 0.4161 2.5670
v  -0.6638 0.2578 2.4307
v  -0.7642 0.2579 2.3972
v  -0.5132 0.5906 2.5419
v  -0.6741 0.5902 2.5109
v  -0.7753 0.5904 2.4872
v  -0.7930 0.6170 2.4667
v  -0.8360 0.6594 2.4132
v  -0.8517 0.6986 2.3528
v  -0.8882 0.7048 2.3202
v  -0.8692 0.6593 2.4035
v  -0.8236 0.6159 2.4501
v  -0.8526 0.6164 2.4417
v  -0.8164 0.5909 2.4721
v  -0.8412 0.5911 2.4631
v  -0.8200 0.6963 2.3745
v  -0.6848 0.6963 2.4202
v  -0.4966 0.6963 2.4543
v  -0.2759 0.6660 2.5118
v  -0.2786 0.6963 2.4778
v  -0.2768 0.5946 2.5623
v  -0.9309 0.6573 2.3116
v  -0.9022 0.6144 2.3810
v  -0.9436 0.6144 2.3040
v  -0.8722 0.5931 2.4342
v  -0.8796 0.7153 2.3263
v  -0.8302 0.7167 2.3399
v  -0.6833 0.7160 2.3739
v  -0.4993 0.7178 2.4164
v  -0.2828 0.7187 2.4415
v  0.8498 0.2296 2.3167
v  0.8999 0.2267 2.2187
v  0.8120 0.2312 2.3664
v  0.7828 0.2301 2.3883
v  0.7634 0.2306 2.3972
v  0.6638 0.2337 2.4307
v  0.5832 0.2346 2.4561
v  0.5333 0.2332 2.4704
v  0.2689 0.2293 2.4941
v  0.0000 0.2295 2.5045
v  -0.8498 0.2296 2.3167
v  -0.8999 0.2267 2.2187
v  -0.8120 0.2312 2.3664
v  -0.7828 0.2301 2.3883
v  -0.7634 0.2306 2.3972
v  -0.6638 0.2337 2.4307
v  -0.5832 0.2346 2.4561
v  -0.5333 0.2332 2.4704
v  -0.2689 0.2293 2.4941
v  -0.5502 0.3452 2.4788
v  -0.5502 0.3345 2.4712
v  -0.2719 0.3345 2.4946
v  -0.2719 0.3452 2.5022
v  -0.5502 0.3558 2.4712
v  -0.2719 0.3558 2.4946
v  -0.5502 0.3452 2.4636
v  -0.2719 0.3452 2.4870
v  0.2843 0.3345 2.4933
v  0.2843 0.3452 2.5009
v  0.2843 0.3558 2.4933
v  0.2843 0.3452 2.4857
v  0.5610 0.3345 2.4677
v  0.5610 0.3452 2.4753
v  0.5610 0.3558 2.4677
v  0.5610 0.3452 2.4601
v  -0.0955 0.4212 2.4982
v  -0.1089 0.2693 2.4835
v  -0.0955 0.2693 2.4702
v  -0.1089 0.4212 2.5116
v  -0.1222 0.2693 2.4702
v  -0.1222 0.4212 2.4982
v  -0.1089 0.2693 2.4568
v  -0.1089 0.4212 2.4849
v  0.1463 0.2712 2.4689
v  0.1463 0.4231 2.4970
v  0.1330 0.2712 2.4823
v  0.1330 0.4231 2.5103
v  0.1196 0.2712 2.4689
v  0.1196 0.4231 2.4970
v  0.1330 0.2712 2.4556
v  0.1330 0.4231 2.4836
v  0.3680 0.2698 2.4760
v  0.3680 0.4218 2.5040
v  0.3546 0.2698 2.4626
v  0.3546 0.4218 2.4907
v  0.3680 0.2698 2.4493
v  0.3680 0.4218 2.4773
v  -0.3613 0.2674 2.4626
v  -0.3613 0.4193 2.4907
v  -0.3746 0.2674 2.4760
v  -0.3746 0.4193 2.5040
v  -0.3746 0.2674 2.4493
v  -0.3746 0.4193 2.4773
v  0.4473 0.2984 2.4961
v  0.4317 0.3050 2.4575
v  0.4377 0.2991 2.4574
v  0.4441 0.3044 2.5011
v  0.4377 0.3110 2.4574
v  0.4473 0.3104 2.4961
v  0.4437 0.3050 2.4573
v  0.4505 0.3044 2.4910
v  0.4627 0.2984 2.5030
v  0.4630 0.3044 2.5090
v  0.4627 0.3104 2.5030
v  0.4624 0.3044 2.4971
v  0.4790 0.2984 2.4944
v  0.4830 0.3044 2.4989
v  0.4790 0.3104 2.4944
v  0.4750 0.3044 2.4900
v  0.4890 0.2991 2.4553
v  0.4950 0.3050 2.4550
v  0.4890 0.3110 2.4553
v  0.4830 0.3050 2.4556
# 439 vertices

vn 0.4866 -0.8337 0.2610
vn 0.4706 -0.8329 0.2913
vn 0.4662 -0.8345 0.2938
vn 0.6311 0.7160 0.2983
vn 0.6383 0.7076 0.3031
vn 0.5480 0.7878 0.2812
vn 0.5432 0.7936 0.2739
vn 0.4196 0.8214 0.3865
vn 0.4210 0.8275 0.3715
vn 0.3935 -0.8518 0.3458
vn 0.3863 -0.8550 0.3460
vn 0.3101 -0.8683 0.3872
vn 0.3051 -0.8653 0.3978
vn 0.2360 -0.8318 0.5024
vn 0.2317 -0.8270 0.5123
vn 0.2748 0.8658 0.4183
vn 0.2523 0.8704 0.4227
vn 0.1551 -0.8299 0.5359
vn 0.1587 -0.8243 0.5435
vn 0.2080 0.8707 0.4458
vn 0.1990 0.8660 0.4587
vn 0.1573 0.8436 0.5133
vn 0.1488 0.8405 0.5210
vn 0.1105 0.8492 0.5164
vn 0.1072 0.8492 0.5171
vn 0.0796 0.8324 0.5485
vn 0.0741 0.8331 0.5481
vn 0.0374 0.8683 0.4946
vn 0.0361 0.8680 0.4952
vn -0.0000 0.8122 0.5834
vn 0.0000 0.8099 0.5865
vn 0.1312 -0.7127 0.6891
vn 0.1269 -0.6975 0.7052
vn 0.1018 -0.6716 0.7339
vn 0.0749 -0.6969 0.7133
vn 0.0453 -0.8001 0.5981
vn 0.0378 -0.8031 0.5946
vn -0.0000 -0.8118 0.5840
vn -0.4706 -0.8329 0.2913
vn -0.4866 -0.8337 0.2610
vn -0.4662 -0.8345 0.2938
vn -0.5480 0.7878 0.2812
vn -0.6383 0.7076 0.3031
vn -0.6311 0.7160 0.2983
vn -0.5432 0.7936 0.2739
vn -0.4196 0.8214 0.3865
vn -0.4210 0.8275 0.3715
vn -0.3935 -0.8518 0.3458
vn -0.3863 -0.8550 0.3460
vn -0.3101 -0.8683 0.3872
vn -0.3051 -0.8653 0.3978
vn -0.2360 -0.8318 0.5024
vn -0.2317 -0.8270 0.5123
vn -0.2748 0.8658 0.4183
vn -0.2523 0.8704 0.4227
vn -0.1551 -0.8299 0.5359
vn -0.1587 -0.8243 0.5435
vn -0.2080 0.8707 0.4458
vn -0.1990 0.8660 0.4587
vn -0.1573 0.8436 0.5133
vn -0.1488 0.8405 0.5210
vn -0.1105 0.8492 0.5164
vn -0.1072 0.8492 0.5171
vn -0.0796 0.8324 0.5485
vn -0.0741 0.8331 0.5481
vn -0.0374 0.8683 0.4946
vn -0.0361 0.8680 0.4952
vn -0.1312 -0.7127 0.6891
vn -0.1269 -0.6975 0.7052
vn -0.1018 -0.6716 0.7339
vn -0.0749 -0.6969 0.7133
vn -0.0453 -0.8001 0.5981
vn -0.0378 -0.8031 0.5946
vn 0.8708 -0.1446 0.4700
vn 0.8770 -0.1840 0.4439
vn 0.8279 -0.2430 0.5054
vn 0.8449 -0.2994 0.4433
vn 0.7054 -0.3468 0.6182
vn 0.7185 -0.3614 0.5943
vn 0.5562 -0.3172 0.7682
vn 0.5169 -0.2714 0.8119
vn 0.3821 -0.1887 0.9046
vn 0.3859 -0.1810 0.9046
vn 0.2131 0.0235 0.9767
vn 0.3096 -0.1471 0.9394
vn 0.1562 0.0450 0.9867
vn 0.2174 -0.0551 0.9745
vn 0.1449 -0.0399 0.9886
vn 0.1417 -0.0528 0.9885
vn 0.0679 -0.0486 0.9965
vn 0.0682 -0.0441 0.9967
vn -0.0000 -0.0826 0.9966
vn 0.0000 -0.0891 0.9960
vn -0.8708 -0.1446 0.4700
vn -0.8279 -0.2430 0.5054
vn -0.8770 -0.1840 0.4439
vn -0.8449 -0.2994 0.4433
vn -0.7054 -0.3468 0.6182
vn -0.7185 -0.3614 0.5943
vn -0.5562 -0.3172 0.7682
vn -0.5169 -0.2714 0.8119
vn -0.3821 -0.1887 0.9046
vn -0.3859 -0.1810 0.9046
vn -0.2131 0.0235 0.9767
vn -0.3096 -0.1471 0.9394
vn -0.1562 0.0450 0.9867
vn -0.2174 -0.0551 0.9745
vn -0.1449 -0.0399 0.9886
vn -0.1417 -0.0528 0.9885
vn -0.0679 -0.0486 0.9965
vn -0.0682 -0.0441 0.9967
vn 0.1155 -0.0297 0.9929
vn 0.0921 -0.0580 0.9941
vn 0.1596 -0.0079 0.9872
vn 0.1713 0.0052 0.9852
vn 0.2256 0.0009 0.9742
vn 0.2219 -0.0044 0.9751
vn 0.2468 -0.0126 0.9690
vn 0.2404 -0.0213 0.9704
vn -0.1155 -0.0297 0.9929
vn -0.1596 -0.0079 0.9872
vn -0.0921 -0.0580 0.9941
vn -0.1713 0.0052 0.9852
vn -0.2256 0.0009 0.9742
vn -0.2219 -0.0044 0.9751
vn -0.2468 -0.0126 0.9690
vn -0.2404 -0.0213 0.9704
vn -0.0340 -0.9944 -0.0999
vn 0.9659 0.0584 -0.2524
vn 0.9661 0.0591 -0.2513
vn 0.0385 0.9924 0.1166
vn 0.0383 0.9923 0.1177
vn -0.9890 -0.0336 0.1439
vn 0.2371 -0.2223 0.9457
vn 0.0347 -0.9943 -0.1008
vn 0.0337 -0.9945 -0.0996
vn -0.9659 0.0584 -0.2524
vn -0.9661 0.0591 -0.2513
vn -0.0384 0.9924 0.1173
vn -0.0386 0.9925 0.1161
vn 0.9890 -0.0336 0.1439
vn -0.2371 -0.2223 0.9457
vn 0.1091 0.6426 0.7584
vn 0.1546 0.4647 0.8719
vn 0.1912 0.5910 0.7837
vn 0.2018 0.4087 0.8901
vn 0.2584 0.4362 0.8620
vn 0.2651 0.4293 0.8633
vn 0.2579 0.4107 0.8745
vn -0.1091 0.6426 0.7584
vn -0.1912 0.5910 0.7837
vn -0.1546 0.4647 0.8719
vn -0.2018 0.4087 0.8901
vn -0.2584 0.4362 0.8620
vn -0.2651 0.4293 0.8633
vn -0.2579 0.4107 0.8745
vn 0.0563 0.6218 0.7812
vn 0.0443 0.6306 0.7748
vn 0.0413 0.6241 0.7802
vn 0.0627 0.6358 0.7693
vn 0.0615 0.6452 0.7615
vn -0.0049 0.6495 0.7603
vn 0.0320 0.6422 0.7659
vn 0.0918 0.6289 0.7720
vn 0.0724 0.6334 0.7704
vn 0.0862 0.6256 0.7753
vn 0.0885 0.6216 0.7783
vn 0.0465 0.6216 0.7819
vn 0.0860 0.6219 0.7784
vn 0.1254 0.6214 0.7734
vn 0.3447 -0.2928 0.8919
vn 0.3095 -0.2821 0.9081
vn 0.3129 -0.2858 0.9058
vn 0.3516 -0.2893 0.8903
vn 0.3905 -0.3021 0.8696
vn 0.3679 -0.3132 0.8755
vn 0.5017 -0.2956 0.8130
vn -0.3447 -0.2928 0.8919
vn -0.3129 -0.2858 0.9058
vn -0.3095 -0.2821 0.9081
vn -0.3516 -0.2893 0.8903
vn -0.3905 -0.3021 0.8696
vn -0.3679 -0.3132 0.8755
vn -0.5017 -0.2956 0.8130
vn 0.0676 -0.2021 0.9770
vn 0.0656 -0.1999 0.9776
vn 0.0854 -0.2209 0.9715
vn 0.0481 -0.1813 0.9823
vn -0.0964 -0.1620 0.9821
vn -0.0781 -0.1419 0.9868
vn -0.1133 -0.1803 0.9771
vn 0.0180 0.9027 0.4299
vn -0.0000 0.9117 0.4108
vn 0.0000 0.9128 0.4085
vn 0.0178 0.9018 0.4317
vn 0.0163 0.8969 0.4418
vn 0.0161 0.8962 0.4434
vn 0.0289 -0.9484 0.3158
vn 0.0169 -0.9508 0.3092
vn 0.0168 -0.9516 0.3067
vn -0.0000 -0.9599 0.2804
vn 0.0000 -0.9611 0.2763
vn -0.8937 0.0886 0.4398
vn -0.9078 0.1349 0.3971
vn -0.8327 -0.1975 0.5174
vn -0.8255 -0.1537 0.5431
vn -0.7964 -0.3221 0.5119
vn -0.8014 -0.3159 0.5079
vn 0.8791 -0.0242 0.4759
vn 0.8779 -0.0198 0.4785
vn 0.8468 -0.0133 0.5318
vn 0.8461 -0.0114 0.5330
vn 0.7434 -0.0093 0.6688
vn 0.7473 -0.0129 0.6644
vn 0.6080 -0.0017 0.7939
vn 0.6096 -0.0032 0.7927
vn 0.4518 -0.0019 0.8921
vn 0.4513 -0.0046 0.8924
vn 0.2717 0.0180 0.9622
vn 0.2029 0.0007 0.9792
vn 0.2004 0.0061 0.9797
vn 0.4469 -0.3752 0.8121
vn 0.3468 -0.2977 0.8894
vn 0.4867 -0.2481 0.8376
vn 0.3094 -0.4540 0.8355
vn 0.7076 -0.1945 0.6793
vn 0.6859 -0.3586 0.6332
vn 0.8278 -0.1627 0.5369
vn 0.7830 -0.3349 0.5243
vn 0.8503 -0.2147 0.4805
vn 0.7893 -0.3782 0.4836
vn 0.7491 -0.4622 0.4746
vn 0.6638 -0.4718 0.5804
vn 0.5895 -0.4482 0.6721
vn 0.4567 -0.4955 0.7389
vn 0.3741 -0.5448 0.7505
vn 0.2044 -0.6090 0.7664
vn 0.2222 -0.5985 0.7696
vn 0.2092 -0.5444 0.8123
vn 0.2576 -0.4561 0.8518
vn 0.2366 -0.4156 0.8782
vn 0.2783 -0.1060 0.9546
vn 0.2082 -0.1049 0.9724
vn 0.1825 -0.5184 0.8355
vn 0.1390 0.0016 0.9903
vn 0.1406 0.0021 0.9901
vn 0.0616 0.0002 0.9981
vn 0.0000 -0.0064 1.0000
vn -0.0000 -0.0076 1.0000
vn 0.6962 -0.2322 0.6792
vn 0.7273 -0.2388 0.6435
vn 0.7360 -0.2406 0.6328
vn 0.6804 -0.2288 0.6962
vn 0.2869 0.4827 0.8275
vn 0.2842 0.4666 0.8376
vn 0.2798 0.6003 0.7493
vn 0.2710 0.6298 0.7279
vn 0.1490 -0.9063 0.3955
vn 0.1457 -0.8976 0.4160
vn 0.1649 -0.8975 0.4091
vn 0.0699 -0.9676 0.2426
vn 0.0587 -0.9726 0.2251
vn -0.6715 -0.2251 0.7059
vn -0.6880 -0.2289 0.6887
vn -0.7458 -0.1915 0.6381
vn -0.7287 -0.1518 0.6678
vn -0.7235 -0.0965 0.6835
vn -0.6449 -0.0212 0.7640
vn 0.2325 0.7879 0.5703
vn 0.2282 0.8131 0.5356
vn 0.7995 0.3775 0.4672
vn 0.0474 0.9755 0.2146
vn 0.0481 0.9702 0.2375
vn 0.0482 0.9698 0.2389
vn 0.0474 0.9760 0.2123
vn 0.0476 0.9797 0.1946
vn 0.0474 0.9803 0.1917
vn -0.6245 0.6934 0.3594
vn -0.5794 0.7114 0.3978
vn -0.5709 0.7035 0.4233
vn -0.6533 0.6720 0.3488
vn -0.6867 0.6312 0.3606
vn 0.2958 0.7823 0.5482
vn 0.3186 0.7367 0.5965
vn 0.2454 0.7072 0.6631
vn 0.1486 0.8531 0.5002
vn 0.3083 0.5588 0.7699
vn 0.2225 0.5951 0.7722
vn 0.2639 0.5848 0.7671
vn 0.2819 0.5425 0.7914
vn 0.5758 0.0169 0.8174
vn 0.3395 0.1894 0.9213
vn 0.3749 0.1497 0.9149
vn 0.5364 0.0351 0.8432
vn 0.2449 0.7148 0.6551
vn 0.2491 0.7797 0.5745
vn 0.4377 0.4014 0.8046
vn 0.3638 0.4759 0.8007
vn 0.2833 0.2194 0.9336
vn 0.2812 0.2135 0.9356
vn 0.1461 0.8321 0.5350
vn 0.0848 0.8019 0.5914
vn 0.0482 0.6638 0.7463
vn 0.0418 0.7982 0.6010
vn 0.0000 0.7889 0.6145
vn -0.0000 0.6673 0.7448
vn 0.0874 0.5938 0.7998
vn 0.0505 0.5793 0.8135
vn -0.0000 0.5963 0.8028
vn 0.2032 0.2351 0.9505
vn 0.2021 0.2326 0.9513
vn 0.1335 0.2034 0.9699
vn 0.1352 0.2037 0.9696
vn 0.0647 0.2496 0.9662
vn 0.0608 0.2539 0.9653
vn -0.0000 0.3106 0.9506
vn -0.0000 0.3147 0.9492
vn 0.8066 0.3409 0.4829
vn 0.7004 0.5471 0.4583
vn 0.7607 0.3356 0.5556
vn 0.8887 0.0691 0.4532
vn 0.8773 0.0878 0.4718
vn 0.8279 0.2206 0.5157
vn 0.8708 0.1695 0.4616
vn 0.7522 0.3210 0.5754
vn 0.8405 0.2707 0.4694
vn 0.6941 0.3258 0.6419
vn 0.6370 0.3091 0.7062
vn 0.6081 0.1113 0.7861
vn 0.5766 0.1680 0.7996
vn 0.6547 0.0968 0.7496
vn 0.2030 0.7176 0.6662
vn 0.2144 0.7848 0.5815
vn 0.1150 0.9100 0.3984
vn 0.0778 0.8704 0.4862
vn 0.0400 0.8505 0.5245
vn -0.0000 0.8378 0.5460
vn -0.0180 0.9027 0.4299
vn -0.0178 0.9018 0.4317
vn -0.0163 0.8969 0.4418
vn -0.0161 0.8962 0.4434
vn -0.0169 -0.9508 0.3092
vn -0.0289 -0.9484 0.3158
vn -0.0168 -0.9516 0.3067
vn 0.8937 0.0886 0.4398
vn 0.8327 -0.1975 0.5174
vn 0.9078 0.1349 0.3971
vn 0.8255 -0.1537 0.5431
vn 0.7964 -0.3221 0.5119
vn 0.8014 -0.3159 0.5079
vn -0.8791 -0.0242 0.4759
vn -0.8468 -0.0133 0.5318
vn -0.8779 -0.0198 0.4785
vn -0.8461 -0.0114 0.5330
vn -0.7473 -0.0129 0.6644
vn -0.7434 -0.0093 0.6688
vn -0.6096 -0.0032 0.7927
vn -0.6080 -0.0017 0.7939
vn -0.4513 -0.0046 0.8924
vn -0.4518 -0.0019 0.8921
vn -0.2717 0.0180 0.9622
vn -0.2004 0.0061 0.9797
vn -0.2029 0.0007 0.9792
vn -0.4469 -0.3752 0.8121
vn -0.4867 -0.2481 0.8376
vn -0.3468 -0.2977 0.8894
vn -0.3094 -0.4540 0.8355
vn -0.7076 -0.1945 0.6793
vn -0.6859 -0.3586 0.6332
vn -0.8278 -0.1627 0.5369
vn -0.7830 -0.3349 0.5243
vn -0.8503 -0.2147 0.4805
vn -0.7893 -0.3782 0.4836
vn -0.7491 -0.4622 0.4746
vn -0.6638 -0.4718 0.5804
vn -0.5895 -0.4482 0.6721
vn -0.4567 -0.4955 0.7389
vn -0.3741 -0.5448 0.7505
vn -0.2044 -0.6090 0.7664
vn -0.2222 -0.5985 0.7696
vn -0.2092 -0.5444 0.8123
vn -0.2576 -0.4561 0.8518
vn -0.2783 -0.1060 0.9546
vn -0.2366 -0.4156 0.8782
vn -0.2082 -0.1049 0.9724
vn -0.1825 -0.5184 0.8355
vn -0.1390 0.0016 0.9903
vn -0.1406 0.0021 0.9901
vn -0.0616 0.0002 0.9981
vn -0.6962 -0.2322 0.6792
vn -0.7360 -0.2406 0.6328
vn -0.7273 -0.2388 0.6435
vn -0.6804 -0.2288 0.6962
vn -0.2869 0.4827 0.8275
vn -0.2798 0.6003 0.7493
vn -0.2842 0.4666 0.8376
vn -0.2710 0.6298 0.7279
vn -0.1457 -0.8976 0.4160
vn -0.1490 -0.9063 0.3955
vn -0.1649 -0.8975 0.4091
vn -0.0699 -0.9676 0.2426
vn -0.0587 -0.9726 0.2251
vn 0.6715 -0.2251 0.7059
vn 0.7458 -0.1915 0.6381
vn 0.6880 -0.2289 0.6887
vn 0.7287 -0.1518 0.6678
vn 0.7235 -0.0965 0.6835
vn 0.6449 -0.0212 0.7640
vn -0.2282 0.8131 0.5356
vn -0.2325 0.7879 0.5703
vn -0.7995 0.3775 0.4672
vn -0.0482 0.9698 0.2389
vn -0.0481 0.9702 0.2375
vn -0.0474 0.9755 0.2146
vn -0.0474 0.9760 0.2123
vn -0.0476 0.9797 0.1946
vn -0.0474 0.9803 0.1917
vn 0.5794 0.7114 0.3978
vn 0.6245 0.6934 0.3594
vn 0.5709 0.7035 0.4233
vn 0.6533 0.6720 0.3488
vn 0.6867 0.6312 0.3606
vn -0.2454 0.7072 0.6631
vn -0.3186 0.7367 0.5965
vn -0.2958 0.7823 0.5482
vn -0.1486 0.8531 0.5002
vn -0.2225 0.5951 0.7722
vn -0.3083 0.5588 0.7699
vn -0.2639 0.5848 0.7671
vn -0.2819 0.5425 0.7914
vn -0.5758 0.0169 0.8174
vn -0.3749 0.1497 0.9149
vn -0.3395 0.1894 0.9213
vn -0.5364 0.0351 0.8432
vn -0.2449 0.7148 0.6551
vn -0.2491 0.7797 0.5745
vn -0.4377 0.4014 0.8046
vn -0.3638 0.4759 0.8007
vn -0.2812 0.2135 0.9356
vn -0.2833 0.2194 0.9336
vn -0.1461 0.8321 0.5350
vn -0.0848 0.8019 0.5914
vn -0.0482 0.6638 0.7463
vn -0.0418 0.7982 0.6010
vn -0.0874 0.5938 0.7998
vn -0.0505 0.5793 0.8135
vn -0.2021 0.2326 0.9513
vn -0.2032 0.2351 0.9505
vn -0.1335 0.2034 0.9699
vn -0.1352 0.2037 0.9696
vn -0.0647 0.2496 0.9662
vn -0.0608 0.2539 0.9653
vn -0.8066 0.3409 0.4829
vn -0.7607 0.3356 0.5556
vn -0.7004 0.5471 0.4583
vn -0.8887 0.0691 0.4532
vn -0.8279 0.2206 0.5157
vn -0.8773 0.0878 0.4718
vn -0.8708 0.1695 0.4616
vn -0.8405 0.2707 0.4694
vn -0.7522 0.3210 0.5754
vn -0.6941 0.3258 0.6419
vn -0.6370 0.3091 0.7062
vn -0.6081 0.1113 0.7861
vn -0.5766 0.1680 0.7996
vn -0.6547 0.0968 0.7496
vn -0.2144 0.7848 0.5815
vn -0.2030 0.7176 0.6662
vn -0.1150 0.9100 0.3984
vn -0.0778 0.8704 0.4862
vn -0.0400 0.8505 0.5245
vn 0.3080 -0.9353 0.1741
vn 0.3532 -0.9061 0.2330
vn 0.3117 -0.9338 0.1758
vn 0.3675 -0.9013 0.2293
vn 0.1991 -0.9604 0.1949
vn 0.2134 -0.9572 0.1954
vn 0.1945 -0.9434 0.2685
vn 0.2037 -0.9408 0.2707
vn 0.1865 -0.9088 0.3732
vn 0.2049 -0.9048 0.3733
vn 0.1230 -0.8930 0.4330
vn 0.1280 -0.8921 0.4334
vn 0.1067 -0.8774 0.4678
vn 0.1100 -0.8848 0.4528
vn 0.0787 -0.7717 0.6311
vn 0.0835 -0.7805 0.6196
vn 0.0344 -0.8037 0.5940
vn 0.0354 -0.8043 0.5931
vn -0.0000 -0.7634 0.6459
vn -0.3532 -0.9061 0.2330
vn -0.3080 -0.9353 0.1741
vn -0.3117 -0.9338 0.1758
vn -0.3675 -0.9013 0.2293
vn -0.2134 -0.9572 0.1954
vn -0.1991 -0.9604 0.1949
vn -0.1945 -0.9434 0.2685
vn -0.2037 -0.9408 0.2707
vn -0.1865 -0.9088 0.3732
vn -0.2049 -0.9048 0.3733
vn -0.1230 -0.8930 0.4330
vn -0.1280 -0.8921 0.4334
vn -0.1067 -0.8774 0.4678
vn -0.1100 -0.8848 0.4528
vn -0.0787 -0.7717 0.6311
vn -0.0835 -0.7805 0.6196
vn -0.0344 -0.8037 0.5940
vn -0.0354 -0.8044 0.5931
vn 0.8379 -0.1274 0.5308
vn 0.8787 -0.1495 0.4534
vn 0.6970 -0.1248 0.7061
vn 0.6086 -0.1302 0.7827
vn 0.3204 -0.0957 0.9424
vn 0.3502 -0.0634 0.9345
vn 0.3666 -0.0101 0.9303
vn 0.3113 -0.0008 0.9503
vn 0.2874 -0.0106 0.9578
vn 0.1795 -0.0075 0.9837
vn 0.0668 -0.0097 0.9977
vn 0.0617 -0.0085 0.9981
vn -0.0000 -0.0004 1.0000
vn -0.8379 -0.1274 0.5308
vn -0.8787 -0.1495 0.4534
vn -0.6970 -0.1248 0.7061
vn -0.6086 -0.1302 0.7827
vn -0.3502 -0.0634 0.9345
vn -0.3204 -0.0957 0.9424
vn -0.3666 -0.0101 0.9303
vn -0.3113 -0.0008 0.9503
vn -0.2874 -0.0106 0.9578
vn -0.1795 -0.0075 0.9837
vn -0.0617 -0.0085 0.9981
vn -0.0668 -0.0097 0.9977
vn -0.0683 -0.5789 0.8126
vn -0.0338 -0.5800 0.8139
vn -0.0327 -0.5800 0.8139
vn -0.0683 0.5789 0.8126
vn -0.0327 0.5800 0.8139
vn -0.0338 0.5800 0.8139
vn 0.0327 0.5798 -0.8141
vn 0.0683 0.5789 -0.8126
vn 0.0338 0.5798 -0.8140
vn 0.0338 -0.5798 -0.8140
vn 0.0683 -0.5789 -0.8126
vn 0.0327 -0.5798 -0.8141
vn 0.0392 -0.5798 0.8138
vn 0.0379 -0.5798 0.8139
vn 0.0379 0.5798 0.8139
vn 0.0392 0.5798 0.8138
vn -0.0379 0.5799 -0.8138
vn -0.0392 0.5798 -0.8138
vn -0.0392 -0.5798 -0.8138
vn -0.0379 -0.5799 -0.8138
vn 0.0752 -0.5786 0.8121
vn 0.0752 0.5786 0.8121
vn -0.0752 0.5786 -0.8122
vn -0.0752 -0.5786 -0.8122
vn 0.7011 -0.1294 0.7012
vn -0.7011 -0.1294 0.7012
vn -0.7012 0.1294 -0.7012
vn 0.7012 0.1294 -0.7012
vn -0.7700 -0.6033 0.2075
vn -0.7081 -0.6857 0.1685
vn -0.6969 -0.6987 0.1618
vn -0.7771 -0.5926 0.2122
vn -0.7676 0.6075 0.2043
vn -0.7002 0.6836 0.2059
vn -0.6908 0.6931 0.2059
vn -0.7826 0.5883 0.2036
vn 0.7918 0.5906 -0.1557
vn 0.7107 0.6848 -0.1611
vn 0.6970 0.6986 -0.1618
vn 0.8128 0.5619 -0.1537
vn 0.7742 -0.6011 -0.1984
vn 0.7110 -0.6845 -0.1610
vn 0.6979 -0.6995 -0.1537
vn 0.7826 -0.5882 -0.2036
vn -0.2872 -0.6781 0.6765
vn -0.2906 -0.6942 0.6585
vn -0.2925 -0.7039 0.6473
vn -0.2855 -0.6700 0.6852
vn -0.2969 0.6770 0.6735
vn -0.2818 0.6937 0.6628
vn -0.2738 0.7023 0.6571
vn -0.3077 0.6646 0.6809
vn 0.3229 0.6747 -0.6637
vn 0.3063 0.6909 -0.6548
vn 0.2925 0.7039 -0.6473
vn 0.3418 0.6555 -0.6734
vn 0.3115 -0.6765 -0.6673
vn 0.3163 -0.6917 -0.6492
vn 0.3207 -0.7057 -0.6318
vn 0.3077 -0.6647 -0.6809
vn 0.3298 -0.6892 0.6452
vn 0.3396 -0.6783 0.6516
vn 0.3455 -0.6717 0.6553
vn 0.3256 -0.6938 0.6424
vn 0.3348 0.6896 0.6421
vn 0.3341 0.6789 0.6538
vn 0.3338 0.6744 0.6586
vn 0.3352 0.6953 0.6357
vn -0.3486 0.6891 -0.6353
vn -0.3467 0.6785 -0.6476
vn -0.3455 0.6717 -0.6553
vn -0.3501 0.6977 -0.6250
vn -0.3425 -0.6884 -0.6393
vn -0.3537 -0.6775 -0.6449
vn -0.3640 -0.6672 -0.6499
vn -0.3351 -0.6955 -0.6356
vn 0.7052 -0.6856 0.1807
vn 0.7412 -0.6465 0.1808
vn 0.7485 -0.6380 0.1808
vn 0.7003 -0.6906 0.1806
vn 0.7040 0.6838 0.1918
vn 0.7296 0.6520 0.2065
vn 0.7328 0.6478 0.2083
vn 0.6994 0.6892 0.1892
vn -0.7103 0.6864 -0.1562
vn -0.7435 0.6447 -0.1776
vn -0.7484 0.6382 -0.1807
vn -0.7030 0.6948 -0.1517
vn -0.7047 -0.6839 -0.1889
vn -0.7375 -0.6491 -0.1864
vn -0.7456 -0.6400 -0.1856
vn -0.6994 -0.6892 -0.1892
# 625 vertex normals

vt 0.0000 0.0000 0.0000
# 1 texture coords

g bump_front_001
usemtl Material_27
s off
f 6491/21/6563 6492/21/6564 6493/21/6563 
f 6491/21/6563 6494/21/6565 6492/21/6564 
f 6495/21/6566 6496/21/6567 6497/21/6568 
f 6495/21/6566 6497/21/6568 6498/21/6569 
f 6498/21/6569 6497/21/6568 6499/21/6570 
f 6498/21/6569 6499/21/6570 6500/21/6571 
f 6494/21/6565 6501/21/6572 6492/21/6564 
f 6494/21/6565 6502/21/6573 6501/21/6572 
f 6502/21/6573 6503/21/6574 6501/21/6572 
f 6502/21/6573 6504/21/6575 6503/21/6574 
f 6504/21/6575 6505/21/6576 6503/21/6574 
f 6504/21/6575 6506/21/6577 6505/21/6576 
f 6500/21/6571 6499/21/6570 6507/21/6578 
f 6500/21/6571 6507/21/6578 6508/21/6579 
f 6506/21/6577 6509/21/6580 6505/21/6576 
f 6506/21/6577 6510/21/6581 6509/21/6580 
f 6508/21/6579 6507/21/6578 6511/21/6582 
f 6508/21/6579 6511/21/6582 6512/21/6583 
f 6511/21/6582 6513/21/6584 6512/21/6583 
f 6512/21/6583 6513/21/6584 6514/21/6585 
f 6514/21/6585 6513/21/6584 6515/21/6586 
f 6514/21/6585 6515/21/6586 6516/21/6587 
f 6515/21/6586 6517/21/6588 6516/21/6587 
f 6516/21/6587 6517/21/6588 6518/21/6589 
f 6517/21/6588 6519/21/6590 6518/21/6589 
f 6518/21/6589 6519/21/6590 6520/21/6591 
f 6520/21/6591 6519/21/6590 6521/21/6592 
f 6520/21/6591 6521/21/6592 6522/21/6593 
f 6510/21/6581 6523/21/6594 6509/21/6580 
f 6510/21/6581 6524/21/6595 6523/21/6594 
f 6524/21/6595 6525/21/6596 6523/21/6594 
f 6526/21/6597 6525/21/6596 6524/21/6595 
f 6526/21/6597 6527/21/6598 6525/21/6596 
f 6526/21/6597 6528/21/6599 6527/21/6598 
f 6527/21/6598 6528/21/6599 6529/21/6600 
f 6528/21/6599 6530/21/6600 6529/21/6600 
f 6531/21/6601 6532/21/6602 6533/21/6602 
f 6531/21/6601 6534/21/6603 6532/21/6602 
f 6535/21/6604 6536/21/6605 6537/21/6606 
f 6535/21/6604 6537/21/6606 6538/21/6607 
f 6539/21/6608 6535/21/6604 6538/21/6607 
f 6539/21/6608 6538/21/6607 6540/21/6609 
f 6541/21/6610 6534/21/6603 6531/21/6601 
f 6541/21/6610 6542/21/6611 6534/21/6603 
f 6543/21/6612 6542/21/6611 6541/21/6610 
f 6543/21/6612 6544/21/6613 6542/21/6611 
f 6545/21/6614 6544/21/6613 6543/21/6612 
f 6545/21/6614 6546/21/6615 6544/21/6613 
f 6547/21/6616 6539/21/6608 6540/21/6609 
f 6547/21/6616 6540/21/6609 6548/21/6617 
f 6549/21/6618 6546/21/6615 6545/21/6614 
f 6549/21/6618 6550/21/6619 6546/21/6615 
f 6551/21/6620 6547/21/6616 6548/21/6617 
f 6552/21/6621 6551/21/6620 6548/21/6617 
f 6553/21/6622 6551/21/6620 6552/21/6621 
f 6553/21/6622 6552/21/6621 6554/21/6623 
f 6555/21/6624 6553/21/6622 6554/21/6623 
f 6556/21/6625 6555/21/6624 6554/21/6623 
f 6557/21/6626 6555/21/6624 6556/21/6625 
f 6558/21/6627 6557/21/6626 6556/21/6625 
f 6559/21/6628 6557/21/6626 6558/21/6627 
f 6559/21/6628 6558/21/6627 6560/21/6629 
f 6521/21/6592 6559/21/6628 6560/21/6629 
f 6521/21/6592 6560/21/6629 6522/21/6593 
f 6561/21/6630 6550/21/6619 6549/21/6618 
f 6561/21/6630 6562/21/6631 6550/21/6619 
f 6563/21/6632 6562/21/6631 6561/21/6630 
f 6564/21/6633 6562/21/6631 6563/21/6632 
f 6564/21/6633 6563/21/6632 6565/21/6634 
f 6566/21/6635 6564/21/6633 6565/21/6634 
f 6529/21/6600 6566/21/6635 6565/21/6634 
f 6530/21/6600 6566/21/6635 6529/21/6600 
f 6491/21/6636 6495/21/6637 6494/21/6638 
f 6495/21/6637 6498/21/6639 6494/21/6638 
f 6494/21/6638 6498/21/6639 6502/21/6640 
f 6498/21/6639 6500/21/6641 6502/21/6640 
f 6500/21/6641 6504/21/6642 6502/21/6640 
f 6508/21/6643 6504/21/6642 6500/21/6641 
f 6508/21/6643 6506/21/6644 6504/21/6642 
f 6512/21/6645 6506/21/6644 6508/21/6643 
f 6512/21/6645 6510/21/6646 6506/21/6644 
f 6514/21/6647 6510/21/6646 6512/21/6645 
f 6514/21/6647 6524/21/6648 6510/21/6646 
f 6514/21/6647 6516/21/6649 6524/21/6648 
f 6516/21/6649 6526/21/6650 6524/21/6648 
f 6516/21/6649 6518/21/6651 6526/21/6650 
f 6518/21/6651 6528/21/6652 6526/21/6650 
f 6520/21/6653 6528/21/6652 6518/21/6651 
f 6520/21/6653 6522/21/6654 6528/21/6652 
f 6522/21/6654 6530/21/6655 6528/21/6652 
f 6532/21/6656 6534/21/6657 6537/21/6658 
f 6537/21/6658 6534/21/6657 6538/21/6659 
f 6534/21/6657 6542/21/6660 6538/21/6659 
f 6538/21/6659 6542/21/6660 6540/21/6661 
f 6540/21/6661 6542/21/6660 6544/21/6662 
f 6548/21/6663 6540/21/6661 6544/21/6662 
f 6548/21/6663 6544/21/6662 6546/21/6664 
f 6552/21/6665 6548/21/6663 6546/21/6664 
f 6552/21/6665 6546/21/6664 6550/21/6666 
f 6552/21/6665 6550/21/6666 6554/21/6667 
f 6554/21/6667 6550/21/6666 6562/21/6668 
f 6554/21/6667 6562/21/6668 6556/21/6669 
f 6556/21/6669 6562/21/6668 6564/21/6670 
f 6556/21/6669 6564/21/6670 6558/21/6671 
f 6558/21/6671 6564/21/6670 6566/21/6672 
f 6560/21/6673 6558/21/6671 6566/21/6672 
f 6560/21/6673 6566/21/6672 6522/21/6654 
f 6522/21/6654 6566/21/6672 6530/21/6655 
usemtl Material_24
f 6567/21/6674 6568/21/6675 6569/21/6676 
f 6570/21/6677 6567/21/6674 6569/21/6676 
f 6570/21/6677 6569/21/6676 6571/21/6678 
f 6570/21/6677 6571/21/6678 6572/21/6679 
f 6572/21/6679 6571/21/6678 6573/21/6680 
f 6574/21/6681 6572/21/6679 6573/21/6680 
f 6575/21/6682 6576/21/6683 6577/21/6684 
f 6578/21/6685 6576/21/6683 6575/21/6682 
f 6578/21/6685 6579/21/6686 6576/21/6683 
f 6578/21/6685 6580/21/6687 6579/21/6686 
f 6580/21/6687 6581/21/6688 6579/21/6686 
f 6582/21/6689 6581/21/6688 6580/21/6687 
usemtl Material_22
f 6583/21/6690 6584/21/6690 6585/21/6690 
f 6586/21/6690 6584/21/6690 6583/21/6690 
f 6583/21/6691 6587/21/6691 6586/21/6691 
f 6587/21/6691 6588/21/6692 6586/21/6691 
f 6588/21/6693 6587/21/6693 6589/21/6693 
f 6588/21/6693 6589/21/6693 6590/21/6694 
f 6585/21/6695 6590/21/6695 6589/21/6695 
f 6585/21/6695 6584/21/6695 6590/21/6695 
f 6588/21/6696 6584/21/6696 6586/21/6696 
f 6590/21/6696 6584/21/6696 6588/21/6696 
f 6591/21/6697 6592/21/6697 6593/21/6697 
f 6592/21/6697 6594/21/6698 6593/21/6697 
f 6593/21/6699 6594/21/6699 6595/21/6699 
f 6595/21/6699 6594/21/6699 6596/21/6700 
f 6597/21/6701 6595/21/6702 6596/21/6701 
f 6597/21/6701 6596/21/6701 6598/21/6701 
f 6591/21/6703 6597/21/6703 6598/21/6703 
f 6591/21/6703 6598/21/6703 6592/21/6703 
f 6596/21/6704 6594/21/6704 6592/21/6704 
f 6598/21/6704 6596/21/6704 6592/21/6704 
f 6599/21/6705 6600/21/6706 6601/21/6707 
f 6601/21/6707 6600/21/6706 6602/21/6708 
f 6601/21/6707 6602/21/6708 6603/21/6709 
f 6601/21/6707 6603/21/6709 6604/21/6710 
f 6601/21/6707 6604/21/6710 6605/21/6711 
f 6606/21/6712 6607/21/6713 6608/21/6714 
f 6607/21/6713 6609/21/6715 6608/21/6714 
f 6607/21/6713 6610/21/6716 6609/21/6715 
f 6607/21/6713 6611/21/6717 6610/21/6716 
f 6607/21/6713 6612/21/6718 6611/21/6717 
usemtl Material_26
f 6613/21/6719 6614/21/6719 6615/21/6719 
f 6613/21/6719 6615/21/6719 6616/21/6719 
f 6613/21/6719 6616/21/6719 6617/21/6719 
f 6618/21/6719 6613/21/6719 6617/21/6719 
f 6618/21/6719 6617/21/6719 6619/21/6719 
f 6618/21/6719 6619/21/6719 6620/21/6719 
f 6619/21/6719 6621/21/6719 6622/21/6719 
f 6623/21/6719 6619/21/6719 6622/21/6719 
f 6624/21/6719 6620/21/6719 6623/21/6719 
f 6620/21/6719 6619/21/6719 6623/21/6719 
f 6625/21/6719 6623/21/6719 6626/21/6719 
f 6625/21/6719 6624/21/6719 6623/21/6719 
f 6627/21/6719 6626/21/6719 6628/21/6719 
f 6625/21/6719 6626/21/6719 6627/21/6719 
f 6628/21/6719 6629/21/6719 6630/21/6719 
f 6627/21/6719 6628/21/6719 6630/21/6719 
f 6631/21/6720 6632/21/6721 6633/21/6722 
f 6634/21/6723 6631/21/6720 6633/21/6722 
f 6633/21/6722 6635/21/6724 6636/21/6725 
f 6633/21/6722 6636/21/6725 6637/21/6726 
f 6638/21/6727 6633/21/6722 6637/21/6726 
f 6638/21/6727 6634/21/6723 6633/21/6722 
f 6639/21/6728 6636/21/6725 6640/21/6729 
f 6637/21/6726 6636/21/6725 6639/21/6728 
f 6641/21/6730 6642/21/6730 6643/21/6730 
f 6641/21/6730 6643/21/6730 6644/21/6730 
f 6645/21/6730 6641/21/6730 6646/21/6730 
f 6641/21/6730 6644/21/6730 6646/21/6730 
f 6647/21/6730 6643/21/6730 6648/21/6730 
f 6643/21/6730 6642/21/6730 6648/21/6730 
f 6649/21/6730 6647/21/6730 6648/21/6730 
f 6650/21/6730 6647/21/6730 6649/21/6730 
f 6646/21/6730 6647/21/6730 6650/21/6730 
f 6651/21/6730 6646/21/6730 6650/21/6730 
f 6645/21/6730 6646/21/6730 6651/21/6730 
f 6652/21/6731 6653/21/6731 6654/21/6731 
f 6652/21/6731 6654/21/6731 6655/21/6731 
f 6654/21/6731 6656/21/6731 6657/21/6731 
f 6655/21/6731 6654/21/6731 6657/21/6731 
f 6656/21/6731 6658/21/6731 6659/21/6731 
f 6660/21/6731 6658/21/6731 6656/21/6731 
f 6660/21/6731 6661/21/6731 6658/21/6731 
f 6658/21/6731 6662/21/6731 6663/21/6731 
f 6661/21/6731 6662/21/6731 6658/21/6731 
f 6662/21/6731 6664/21/6731 6663/21/6731 
f 6663/21/6731 6665/21/6731 6666/21/6731 
f 6663/21/6731 6664/21/6731 6665/21/6731 
f 6657/21/6731 6659/21/6731 6666/21/6731 
f 6657/21/6731 6666/21/6731 6665/21/6731 
f 6656/21/6731 6659/21/6731 6657/21/6731 
f 6667/21/6732 6668/21/6732 6669/21/6732 
f 6667/21/6732 6669/21/6732 6670/21/6732 
f 6669/21/6732 6671/21/6732 6672/21/6732 
f 6670/21/6732 6669/21/6732 6672/21/6732 
f 6671/21/6732 6673/21/6732 6674/21/6732 
f 6675/21/6732 6673/21/6732 6671/21/6732 
f 6675/21/6732 6676/21/6732 6673/21/6732 
f 6673/21/6732 6677/21/6732 6678/21/6732 
f 6676/21/6732 6677/21/6732 6673/21/6732 
f 6677/21/6732 6679/21/6732 6678/21/6732 
f 6678/21/6732 6680/21/6732 6681/21/6732 
f 6678/21/6732 6679/21/6732 6680/21/6732 
f 6672/21/6732 6674/21/6732 6681/21/6732 
f 6672/21/6732 6681/21/6732 6680/21/6732 
f 6671/21/6732 6674/21/6732 6672/21/6732 
usemtl Material_5
f 6682/21/6733 6683/21/6734 6684/21/6735 
f 6682/21/6733 6684/21/6735 6685/21/6736 
f 6682/21/6733 6685/21/6736 6686/21/6737 
f 6687/21/6738 6682/21/6733 6686/21/6737 
f 6687/21/6738 6686/21/6737 6688/21/6739 
f 6689/21/6740 6690/21/6741 6691/21/6742 
f 6689/21/6740 6692/21/6743 6690/21/6741 
f 6689/21/6740 6693/21/6744 6692/21/6743 
f 6694/21/6745 6693/21/6744 6689/21/6740 
f 6694/21/6745 6695/21/6746 6693/21/6744 
f 6696/21/6747 6697/21/6748 6698/21/6749 
f 6696/21/6747 6699/21/6750 6697/21/6748 
f 6700/21/6751 6701/21/6752 6702/21/6751 
f 6703/21/6753 6700/21/6751 6702/21/6751 
usemtl Material_18
f 6704/21/6754 6705/21/6755 6706/21/6756 
f 6704/21/6754 6707/21/6757 6705/21/6755 
f 6708/21/6758 6707/21/6757 6704/21/6754 
f 6708/21/6758 6709/21/6759 6707/21/6757 
f 6710/21/6760 6711/21/6761 6712/21/6760 
f 6712/21/6760 6711/21/6761 6713/21/6762 
f 6711/21/6761 6714/21/6763 6713/21/6762 
f 6713/21/6762 6714/21/6763 6715/21/6764 
f 6709/21/6765 6708/21/6766 6716/21/6767 
f 6709/21/6765 6716/21/6767 6717/21/6768 
f 6717/21/6768 6716/21/6767 6710/21/6769 
f 6717/21/6768 6710/21/6769 6712/21/6770 
f 6718/21/6771 6493/21/6772 6719/21/6773 
f 6493/21/6772 6492/21/6774 6719/21/6773 
f 6492/21/6774 6501/21/6775 6720/21/6776 
f 6719/21/6773 6492/21/6774 6720/21/6776 
f 6501/21/6775 6503/21/6777 6721/21/6778 
f 6501/21/6775 6721/21/6778 6720/21/6776 
f 6503/21/6777 6505/21/6779 6722/21/6780 
f 6503/21/6777 6722/21/6780 6721/21/6778 
f 6509/21/6781 6723/21/6781 6505/21/6779 
f 6505/21/6779 6723/21/6781 6722/21/6780 
f 6509/21/6781 6523/21/6782 6724/21/6783 
f 6509/21/6781 6724/21/6783 6723/21/6781 
f 6725/21/6784 6726/21/6785 6727/21/6786 
f 6725/21/6784 6728/21/6787 6726/21/6785 
f 6725/21/6784 6727/21/6786 6729/21/6788 
f 6725/21/6784 6729/21/6788 6730/21/6789 
f 6731/21/6790 6730/21/6789 6729/21/6788 
f 6731/21/6790 6732/21/6791 6730/21/6789 
f 6733/21/6792 6732/21/6791 6731/21/6790 
f 6733/21/6792 6734/21/6793 6732/21/6791 
f 6734/21/6793 6735/21/6794 6732/21/6791 
f 6732/21/6791 6735/21/6794 6730/21/6789 
f 6735/21/6794 6736/21/6795 6730/21/6789 
f 6736/21/6795 6725/21/6784 6730/21/6789 
f 6737/21/6796 6725/21/6784 6736/21/6795 
f 6737/21/6797 6728/21/6787 6725/21/6784 
f 6737/21/6797 6738/21/6798 6728/21/6787 
f 6738/21/6798 6739/21/6799 6728/21/6787 
f 6739/21/6799 6740/21/6800 6728/21/6787 
f 6741/21/6801 6740/21/6800 6739/21/6799 
f 6741/21/6801 6742/21/6802 6740/21/6800 
f 6742/21/6802 6716/21/6803 6743/21/6804 
f 6716/21/6803 6708/21/6805 6743/21/6804 
f 6741/21/6801 6710/21/6806 6716/21/6803 
f 6741/21/6801 6716/21/6803 6742/21/6802 
f 6523/21/6782 6525/21/6807 6724/21/6783 
f 6525/21/6807 6744/21/6808 6724/21/6783 
f 6527/21/6809 6744/21/6808 6525/21/6807 
f 6527/21/6809 6745/21/6809 6744/21/6808 
f 6527/21/6809 6529/21/6810 6745/21/6809 
f 6529/21/6810 6746/21/6811 6745/21/6809 
f 6743/21/6812 6683/21/6813 6742/21/6814 
f 6683/21/6813 6743/21/6812 6684/21/6815 
f 6684/21/6816 6743/21/6817 6747/21/6818 
f 6684/21/6816 6747/21/6818 6685/21/6819 
f 6740/21/6820 6742/21/6821 6683/21/6821 
f 6682/21/6822 6740/21/6820 6683/21/6821 
f 6687/21/6823 6740/21/6820 6682/21/6822 
f 6728/21/6824 6740/21/6820 6687/21/6823 
f 6728/21/6825 6687/21/6826 6726/21/6827 
f 6688/21/6828 6726/21/6827 6687/21/6826 
f 6688/21/6828 6748/21/6829 6726/21/6827 
f 6688/21/6828 6686/21/6830 6748/21/6829 
f 6748/21/6831 6686/21/6832 6685/21/6819 
f 6685/21/6819 6747/21/6818 6748/21/6831 
f 6599/21/6833 6749/21/6833 6600/21/6833 
f 6750/21/6834 6600/21/6835 6749/21/6836 
f 6750/21/6834 6602/21/6837 6600/21/6835 
f 6751/21/6838 6602/21/6837 6750/21/6834 
f 6751/21/6838 6603/21/6839 6602/21/6837 
f 6752/21/6840 6603/21/6841 6751/21/6842 
f 6752/21/6840 6604/21/6843 6603/21/6841 
f 6605/21/6844 6604/21/6843 6752/21/6840 
f 6753/21/6845 6754/21/6846 6755/21/6847 
f 6753/21/6845 6755/21/6847 6756/21/6848 
f 6755/21/6847 6757/21/6849 6756/21/6850 
f 6756/21/6850 6757/21/6849 6758/21/6850 
f 6758/21/6850 6757/21/6849 6759/21/6851 
f 6758/21/6850 6759/21/6851 6760/21/6852 
f 6760/21/6853 6759/21/6854 6511/21/6855 
f 6760/21/6853 6511/21/6855 6507/21/6856 
f 6754/21/6846 6605/21/6857 6755/21/6847 
f 6754/21/6846 6761/21/6858 6605/21/6857 
f 6605/21/6857 6752/21/6859 6755/21/6847 
f 6755/21/6847 6752/21/6859 6757/21/6849 
f 6752/21/6859 6751/21/6860 6757/21/6849 
f 6757/21/6849 6751/21/6860 6759/21/6851 
f 6759/21/6854 6751/21/6861 6513/21/6862 
f 6759/21/6854 6513/21/6862 6511/21/6855 
f 6761/21/6858 6601/21/6707 6605/21/6857 
f 6761/21/6858 6762/21/6863 6601/21/6707 
f 6601/21/6707 6763/21/6864 6599/21/6705 
f 6601/21/6707 6762/21/6863 6763/21/6864 
f 6599/21/6705 6763/21/6864 6764/21/6865 
f 6763/21/6864 6765/21/6866 6764/21/6865 
f 6765/21/6866 6766/21/6867 6764/21/6865 
f 6764/21/6865 6766/21/6867 6767/21/6868 
f 6764/21/6865 6749/21/6869 6599/21/6705 
f 6764/21/6865 6768/21/6870 6749/21/6869 
f 6767/21/6868 6768/21/6870 6764/21/6865 
f 6767/21/6868 6769/21/6871 6768/21/6870 
f 6751/21/6861 6750/21/6872 6515/21/6873 
f 6751/21/6861 6515/21/6873 6513/21/6862 
f 6749/21/6874 6515/21/6873 6750/21/6872 
f 6749/21/6874 6517/21/6875 6515/21/6873 
f 6768/21/6876 6517/21/6875 6749/21/6874 
f 6768/21/6876 6519/21/6877 6517/21/6875 
f 6768/21/6876 6769/21/6878 6519/21/6877 
f 6769/21/6878 6521/21/6879 6519/21/6877 
f 6770/21/6880 6753/21/6881 6756/21/6882 
f 6496/21/6883 6771/21/6884 6772/21/6885 
f 6496/21/6883 6772/21/6885 6497/21/6886 
f 6497/21/6886 6773/21/6887 6499/21/6888 
f 6772/21/6885 6773/21/6887 6497/21/6886 
f 6772/21/6885 6758/21/6889 6773/21/6887 
f 6772/21/6885 6756/21/6882 6758/21/6889 
f 6758/21/6889 6760/21/6890 6773/21/6887 
f 6773/21/6891 6760/21/6853 6507/21/6856 
f 6773/21/6891 6507/21/6856 6499/21/6892 
f 6770/21/6880 6756/21/6882 6772/21/6885 
f 6771/21/6884 6770/21/6880 6772/21/6885 
f 6774/21/6893 6754/21/6893 6753/21/6893 
f 6774/21/6894 6775/21/6895 6754/21/6846 
f 6754/21/6846 6775/21/6895 6761/21/6858 
f 6775/21/6895 6776/21/6896 6761/21/6858 
f 6761/21/6858 6776/21/6896 6762/21/6863 
f 6762/21/6863 6776/21/6896 6777/21/6897 
f 6762/21/6863 6777/21/6897 6763/21/6864 
f 6777/21/6897 6778/21/6898 6763/21/6864 
f 6763/21/6864 6778/21/6898 6765/21/6866 
f 6778/21/6898 6779/21/6899 6765/21/6866 
f 6765/21/6866 6779/21/6899 6766/21/6867 
f 6706/21/6756 6705/21/6755 6780/21/6900 
f 6705/21/6755 6781/21/6901 6780/21/6900 
f 6781/21/6901 6782/21/6902 6780/21/6900 
f 6781/21/6901 6783/21/6903 6782/21/6902 
f 6784/21/6904 6785/21/6905 6786/21/6905 
f 6787/21/6906 6784/21/6904 6786/21/6905 
f 6714/21/6763 6784/21/6904 6787/21/6906 
f 6714/21/6763 6787/21/6906 6715/21/6764 
f 6783/21/6907 6788/21/6908 6782/21/6909 
f 6783/21/6907 6789/21/6910 6788/21/6908 
f 6789/21/6910 6785/21/6911 6788/21/6908 
f 6789/21/6910 6786/21/6912 6785/21/6911 
f 6790/21/6913 6791/21/6914 6533/21/6915 
f 6533/21/6915 6791/21/6914 6531/21/6916 
f 6531/21/6916 6792/21/6917 6541/21/6918 
f 6791/21/6914 6792/21/6917 6531/21/6916 
f 6541/21/6918 6793/21/6919 6543/21/6920 
f 6541/21/6918 6792/21/6917 6793/21/6919 
f 6543/21/6920 6794/21/6921 6545/21/6922 
f 6543/21/6920 6793/21/6919 6794/21/6921 
f 6549/21/6923 6545/21/6922 6795/21/6923 
f 6545/21/6922 6794/21/6921 6795/21/6923 
f 6549/21/6923 6796/21/6924 6561/21/6925 
f 6549/21/6923 6795/21/6923 6796/21/6924 
f 6797/21/6926 6798/21/6927 6799/21/6928 
f 6797/21/6926 6799/21/6928 6800/21/6929 
f 6797/21/6926 6801/21/6930 6798/21/6927 
f 6797/21/6926 6802/21/6931 6801/21/6930 
f 6803/21/6932 6801/21/6930 6802/21/6931 
f 6803/21/6932 6802/21/6931 6804/21/6933 
f 6805/21/6934 6803/21/6932 6804/21/6933 
f 6805/21/6934 6804/21/6933 6806/21/6935 
f 6806/21/6935 6804/21/6933 6807/21/6936 
f 6804/21/6933 6802/21/6931 6807/21/6936 
f 6807/21/6936 6802/21/6931 6808/21/6937 
f 6808/21/6937 6802/21/6931 6797/21/6926 
f 6809/21/6938 6808/21/6937 6797/21/6926 
f 6809/21/6939 6797/21/6926 6800/21/6929 
f 6809/21/6939 6800/21/6929 6810/21/6940 
f 6810/21/6940 6800/21/6929 6811/21/6941 
f 6811/21/6941 6800/21/6929 6812/21/6942 
f 6813/21/6943 6811/21/6941 6812/21/6942 
f 6813/21/6943 6812/21/6942 6814/21/6944 
f 6814/21/6944 6815/21/6945 6788/21/6946 
f 6788/21/6946 6815/21/6945 6782/21/6947 
f 6813/21/6943 6788/21/6946 6785/21/6948 
f 6813/21/6943 6814/21/6944 6788/21/6946 
f 6561/21/6925 6796/21/6924 6563/21/6949 
f 6563/21/6949 6796/21/6924 6816/21/6950 
f 6565/21/6951 6563/21/6949 6816/21/6950 
f 6565/21/6951 6816/21/6950 6817/21/6951 
f 6565/21/6951 6817/21/6951 6529/21/6810 
f 6529/21/6810 6817/21/6951 6746/21/6811 
f 6815/21/6952 6814/21/6953 6691/21/6954 
f 6691/21/6954 6690/21/6955 6815/21/6952 
f 6690/21/6956 6818/21/6957 6815/21/6958 
f 6690/21/6956 6692/21/6959 6818/21/6957 
f 6814/21/6960 6812/21/6961 6691/21/6960 
f 6691/21/6960 6812/21/6961 6689/21/6962 
f 6812/21/6961 6694/21/6963 6689/21/6962 
f 6812/21/6961 6800/21/6964 6694/21/6963 
f 6800/21/6965 6799/21/6966 6694/21/6967 
f 6695/21/6968 6694/21/6967 6799/21/6966 
f 6695/21/6968 6799/21/6966 6819/21/6969 
f 6695/21/6968 6819/21/6969 6693/21/6970 
f 6692/21/6959 6693/21/6971 6819/21/6972 
f 6692/21/6959 6819/21/6972 6818/21/6957 
f 6606/21/6973 6608/21/6973 6820/21/6973 
f 6820/21/6974 6608/21/6975 6821/21/6976 
f 6608/21/6975 6609/21/6977 6821/21/6976 
f 6609/21/6977 6822/21/6978 6821/21/6976 
f 6609/21/6977 6610/21/6979 6822/21/6978 
f 6610/21/6980 6823/21/6981 6822/21/6982 
f 6610/21/6980 6611/21/6983 6823/21/6981 
f 6612/21/6984 6823/21/6981 6611/21/6983 
f 6824/21/6985 6825/21/6986 6826/21/6987 
f 6824/21/6985 6826/21/6987 6827/21/6988 
f 6824/21/6985 6827/21/6989 6828/21/6990 
f 6827/21/6989 6829/21/6989 6828/21/6990 
f 6829/21/6989 6830/21/6991 6828/21/6990 
f 6829/21/6989 6831/21/6992 6830/21/6991 
f 6831/21/6993 6551/21/6994 6830/21/6995 
f 6831/21/6993 6547/21/6996 6551/21/6994 
f 6612/21/6997 6825/21/6986 6824/21/6985 
f 6612/21/6997 6832/21/6998 6825/21/6986 
f 6612/21/6997 6824/21/6985 6823/21/6999 
f 6824/21/6985 6828/21/6990 6823/21/6999 
f 6823/21/6999 6828/21/6990 6822/21/7000 
f 6828/21/6990 6830/21/6991 6822/21/7000 
f 6830/21/6995 6553/21/7001 6822/21/7002 
f 6830/21/6995 6551/21/6994 6553/21/7001 
f 6607/21/6713 6832/21/6998 6612/21/6997 
f 6833/21/7003 6832/21/6998 6607/21/6713 
f 6834/21/7004 6607/21/6713 6606/21/6712 
f 6834/21/7004 6833/21/7003 6607/21/6713 
f 6835/21/7005 6834/21/7004 6606/21/6712 
f 6835/21/7005 6836/21/7006 6834/21/7004 
f 6766/21/6867 6836/21/7006 6835/21/7005 
f 6766/21/6867 6835/21/7005 6767/21/6868 
f 6835/21/7005 6606/21/6712 6820/21/7007 
f 6835/21/7005 6820/21/7007 6837/21/7008 
f 6767/21/6868 6835/21/7005 6837/21/7008 
f 6767/21/6868 6837/21/7008 6769/21/6871 
f 6822/21/7002 6555/21/7009 6821/21/7010 
f 6822/21/7002 6553/21/7001 6555/21/7009 
f 6820/21/7011 6821/21/7010 6555/21/7009 
f 6820/21/7011 6555/21/7009 6557/21/7012 
f 6837/21/7013 6820/21/7011 6557/21/7012 
f 6837/21/7013 6557/21/7012 6559/21/7014 
f 6837/21/7013 6559/21/7014 6769/21/6878 
f 6769/21/6878 6559/21/7014 6521/21/6879 
f 6838/21/7015 6827/21/7016 6826/21/7017 
f 6536/21/7018 6839/21/7019 6840/21/7020 
f 6536/21/7018 6535/21/7021 6839/21/7019 
f 6535/21/7021 6539/21/7022 6841/21/7023 
f 6839/21/7019 6535/21/7021 6841/21/7023 
f 6839/21/7019 6841/21/7023 6829/21/7024 
f 6839/21/7019 6829/21/7024 6827/21/7016 
f 6829/21/7024 6841/21/7023 6831/21/7025 
f 6841/21/7026 6547/21/6996 6831/21/6993 
f 6841/21/7026 6539/21/7027 6547/21/6996 
f 6838/21/7015 6839/21/7019 6827/21/7016 
f 6840/21/7020 6839/21/7019 6838/21/7015 
f 6842/21/7028 6826/21/7028 6825/21/7028 
f 6843/21/7029 6842/21/7030 6825/21/6986 
f 6832/21/6998 6843/21/7029 6825/21/6986 
f 6844/21/7031 6843/21/7029 6832/21/6998 
f 6844/21/7031 6832/21/6998 6833/21/7003 
f 6845/21/7032 6844/21/7031 6833/21/7003 
f 6834/21/7004 6845/21/7032 6833/21/7003 
f 6846/21/7033 6845/21/7032 6834/21/7004 
f 6836/21/7006 6846/21/7033 6834/21/7004 
f 6779/21/6899 6846/21/7033 6836/21/7006 
f 6766/21/6867 6779/21/6899 6836/21/7006 
f 6718/21/7034 6719/21/7035 6734/21/7036 
f 6734/21/7036 6719/21/7035 6735/21/7037 
f 6719/21/7035 6720/21/7038 6736/21/7039 
f 6719/21/7035 6736/21/7039 6735/21/7037 
f 6720/21/7038 6721/21/7040 6736/21/7039 
f 6736/21/7039 6721/21/7040 6737/21/7041 
f 6721/21/7040 6722/21/7042 6737/21/7041 
f 6737/21/7041 6722/21/7042 6738/21/7043 
f 6722/21/7042 6723/21/7044 6738/21/7043 
f 6738/21/7043 6723/21/7044 6739/21/7045 
f 6723/21/7044 6724/21/7046 6739/21/7045 
f 6739/21/7045 6724/21/7046 6741/21/7047 
f 6724/21/7046 6744/21/7048 6710/21/7049 
f 6724/21/7046 6710/21/7049 6741/21/7047 
f 6710/21/7049 6744/21/7048 6711/21/7050 
f 6744/21/7048 6745/21/7051 6711/21/7050 
f 6745/21/7051 6746/21/7052 6711/21/7050 
f 6711/21/7050 6746/21/7052 6714/21/7052 
f 6791/21/7053 6790/21/7054 6806/21/7055 
f 6807/21/7056 6791/21/7053 6806/21/7055 
f 6808/21/7057 6792/21/7058 6791/21/7053 
f 6808/21/7057 6791/21/7053 6807/21/7056 
f 6793/21/7059 6792/21/7058 6808/21/7057 
f 6809/21/7060 6793/21/7059 6808/21/7057 
f 6794/21/7061 6793/21/7059 6809/21/7060 
f 6810/21/7062 6794/21/7061 6809/21/7060 
f 6795/21/7063 6794/21/7061 6810/21/7062 
f 6811/21/7064 6795/21/7063 6810/21/7062 
f 6796/21/7065 6795/21/7063 6811/21/7064 
f 6813/21/7066 6796/21/7065 6811/21/7064 
f 6816/21/7067 6796/21/7065 6785/21/7068 
f 6785/21/7068 6796/21/7065 6813/21/7066 
f 6784/21/7069 6816/21/7067 6785/21/7068 
f 6784/21/7069 6817/21/7070 6816/21/7067 
f 6746/21/7052 6817/21/7070 6784/21/7069 
f 6714/21/7052 6746/21/7052 6784/21/7069 
f 6733/21/6792 6731/21/6790 6847/21/7071 
f 6848/21/7072 6733/21/6792 6847/21/7071 
f 6731/21/6790 6729/21/6788 6849/21/7073 
f 6847/21/7071 6731/21/6790 6849/21/7073 
f 6729/21/6788 6727/21/6786 6850/21/7074 
f 6729/21/6788 6850/21/7074 6849/21/7073 
f 6727/21/6786 6748/21/7075 6850/21/7076 
f 6748/21/7075 6851/21/7077 6850/21/7076 
f 6726/21/6785 6748/21/7075 6727/21/6786 
f 6748/21/7075 6747/21/7078 6851/21/7077 
f 6747/21/7078 6852/21/7078 6851/21/7077 
f 6743/21/6804 6852/21/7078 6747/21/7078 
f 6743/21/6804 6853/21/7079 6852/21/7078 
f 6708/21/6805 6854/21/7080 6743/21/6804 
f 6743/21/6804 6854/21/7080 6853/21/7079 
f 6708/21/6805 6704/21/7081 6855/21/7082 
f 6708/21/6805 6855/21/7082 6854/21/7080 
f 6706/21/7083 6855/21/7082 6704/21/7081 
f 6706/21/7083 6856/21/7083 6855/21/7082 
f 6805/21/6934 6857/21/7084 6803/21/6932 
f 6858/21/7085 6857/21/7084 6805/21/6934 
f 6803/21/6932 6859/21/7086 6801/21/6930 
f 6857/21/7084 6859/21/7086 6803/21/6932 
f 6801/21/6930 6860/21/7087 6798/21/6927 
f 6801/21/6930 6859/21/7086 6860/21/7087 
f 6798/21/6927 6860/21/7088 6819/21/7089 
f 6819/21/7089 6860/21/7088 6861/21/7090 
f 6799/21/6928 6798/21/6927 6819/21/7089 
f 6819/21/7089 6861/21/7090 6818/21/7091 
f 6818/21/7091 6861/21/7090 6862/21/7091 
f 6815/21/6945 6818/21/7091 6862/21/7091 
f 6815/21/6945 6862/21/7091 6863/21/7092 
f 6782/21/6947 6815/21/6945 6864/21/7093 
f 6815/21/6945 6863/21/7092 6864/21/7093 
f 6782/21/6947 6865/21/7094 6780/21/7095 
f 6782/21/6947 6864/21/7093 6865/21/7094 
f 6706/21/7083 6780/21/7095 6865/21/7094 
f 6706/21/7083 6865/21/7094 6856/21/7083 
f 6866/21/7096 6867/21/7096 6868/21/7097 
f 6866/21/7096 6868/21/7097 6869/21/7098 
f 6870/21/7099 6866/21/7099 6869/21/7100 
f 6870/21/7099 6869/21/7100 6871/21/7101 
f 6871/21/7102 6872/21/7103 6870/21/7103 
f 6871/21/7102 6873/21/7104 6872/21/7103 
f 6873/21/7105 6867/21/7106 6872/21/7106 
f 6873/21/7105 6868/21/7107 6867/21/7106 
f 6869/21/7098 6868/21/7097 6874/21/7108 
f 6869/21/7098 6874/21/7108 6875/21/7109 
f 6871/21/7101 6869/21/7100 6875/21/7110 
f 6871/21/7101 6875/21/7110 6876/21/7111 
f 6876/21/7112 6873/21/7104 6871/21/7102 
f 6876/21/7112 6877/21/7113 6873/21/7104 
f 6877/21/7114 6868/21/7107 6873/21/7105 
f 6877/21/7114 6874/21/7115 6868/21/7107 
f 6875/21/7109 6874/21/7108 6878/21/7116 
f 6875/21/7109 6878/21/7116 6879/21/7116 
f 6876/21/7111 6875/21/7110 6879/21/7117 
f 6876/21/7111 6879/21/7117 6880/21/7117 
f 6880/21/7118 6877/21/7113 6876/21/7112 
f 6880/21/7118 6881/21/7118 6877/21/7113 
f 6881/21/7119 6874/21/7115 6877/21/7114 
f 6881/21/7119 6878/21/7119 6874/21/7115 
f 6882/21/7120 6883/21/7120 6884/21/7120 
f 6885/21/7120 6883/21/7120 6882/21/7120 
f 6885/21/7121 6886/21/7121 6883/21/7121 
f 6887/21/7121 6886/21/7121 6885/21/7121 
f 6887/21/7122 6888/21/7122 6886/21/7122 
f 6889/21/7122 6888/21/7122 6887/21/7122 
f 6889/21/7123 6884/21/7123 6888/21/7123 
f 6882/21/7123 6884/21/7123 6889/21/7123 
f 6890/21/7120 6891/21/7120 6892/21/7120 
f 6892/21/7120 6891/21/7120 6893/21/7120 
f 6894/21/7121 6892/21/7121 6893/21/7121 
f 6894/21/7121 6893/21/7121 6895/21/7121 
f 6895/21/7122 6896/21/7122 6894/21/7122 
f 6897/21/7122 6896/21/7122 6895/21/7122 
f 6897/21/7123 6890/21/7123 6896/21/7123 
f 6891/21/7123 6890/21/7123 6897/21/7123 
f 6697/21/7120 6699/21/7120 6898/21/7120 
f 6898/21/7120 6699/21/7120 6899/21/7120 
f 6900/21/7121 6898/21/7121 6899/21/7121 
f 6900/21/7121 6899/21/7121 6901/21/7121 
f 6901/21/7122 6902/21/7122 6900/21/7122 
f 6903/21/7122 6902/21/7122 6901/21/7122 
f 6903/21/7123 6697/21/7123 6902/21/7123 
f 6699/21/7123 6697/21/7123 6903/21/7123 
f 6904/21/7120 6905/21/7120 6906/21/7120 
f 6906/21/7120 6905/21/7120 6907/21/7120 
f 6702/21/7121 6906/21/7121 6907/21/7121 
f 6702/21/7121 6907/21/7121 6703/21/7121 
f 6703/21/7122 6908/21/7122 6702/21/7122 
f 6909/21/7122 6908/21/7122 6703/21/7122 
f 6909/21/7123 6904/21/7123 6908/21/7123 
f 6909/21/7123 6905/21/7123 6904/21/7123 
usemtl Material_16
f 6910/21/7124 6911/21/7125 6912/21/7126 
f 6911/21/7125 6910/21/7124 6913/21/7127 
f 6913/21/7128 6914/21/7129 6911/21/7130 
f 6914/21/7129 6913/21/7128 6915/21/7131 
f 6915/21/7132 6916/21/7133 6914/21/7134 
f 6916/21/7133 6915/21/7132 6917/21/7135 
f 6917/21/7136 6912/21/7137 6916/21/7138 
f 6912/21/7137 6917/21/7136 6910/21/7139 
f 6918/21/7140 6913/21/7141 6910/21/7142 
f 6913/21/7141 6918/21/7140 6919/21/7143 
f 6919/21/7144 6915/21/7145 6913/21/7146 
f 6915/21/7145 6919/21/7144 6920/21/7147 
f 6920/21/7148 6917/21/7149 6915/21/7150 
f 6920/21/7148 6921/21/7151 6917/21/7149 
f 6921/21/7152 6910/21/7153 6917/21/7154 
f 6921/21/7152 6918/21/7155 6910/21/7153 
f 6922/21/7156 6919/21/7157 6918/21/7158 
f 6923/21/7159 6919/21/7157 6922/21/7156 
f 6923/21/7160 6920/21/7161 6919/21/7162 
f 6923/21/7160 6924/21/7163 6920/21/7161 
f 6924/21/7164 6921/21/7165 6920/21/7166 
f 6924/21/7164 6925/21/7167 6921/21/7165 
f 6925/21/7168 6918/21/7169 6921/21/7170 
f 6922/21/7171 6918/21/7169 6925/21/7168 
f 6926/21/7172 6923/21/7173 6922/21/7174 
f 6927/21/7175 6923/21/7173 6926/21/7172 
f 6927/21/7176 6924/21/7177 6923/21/7178 
f 6927/21/7176 6928/21/7179 6924/21/7177 
f 6928/21/7180 6925/21/7181 6924/21/7182 
f 6928/21/7180 6929/21/7183 6925/21/7181 
f 6929/21/7184 6922/21/7185 6925/21/7186 
f 6926/21/7187 6922/21/7185 6929/21/7184 
# 0 polygons - 659 triangles

#
# object bars_001
#

v  -0.9623 0.6023 2.2174
v  -0.9623 0.4902 2.2174
v  -0.5909 0.6023 2.4080
v  -0.5909 0.4902 2.4080
v  -0.0079 0.6023 2.4514
v  -0.0079 0.4902 2.4514
v  0.5384 0.6023 2.4174
v  0.5384 0.4902 2.4174
v  0.9674 0.6023 2.2203
v  0.9674 0.4902 2.2203
v  0.8507 0.6208 -2.4227
v  0.9425 0.6208 -2.2160
v  0.9425 0.5101 -2.2160
v  0.8507 0.5101 -2.4227
v  0.7467 0.6208 -2.4975
v  0.7467 0.5101 -2.4975
v  -0.0092 0.6208 -2.5453
v  -0.0092 0.5101 -2.5453
v  -0.7489 0.6208 -2.5017
v  -0.7489 0.5101 -2.5017
v  -0.8890 0.6208 -2.4006
v  -0.8890 0.5101 -2.4006
v  -0.9477 0.6208 -2.2139
v  -0.9477 0.5101 -2.2139
# 24 vertices

vn -0.4565 0.0000 0.8897
vn -0.0744 0.0000 0.9972
vn -0.0061 0.0000 1.0000
vn 0.0621 0.0000 0.9981
vn 0.4175 0.0000 0.9087
vn 0.9139 -0.0000 -0.4060
vn 0.5839 0.0000 -0.8118
vn 0.0631 0.0000 -0.9980
vn 0.0022 0.0000 -1.0000
vn -0.0588 0.0000 -0.9983
vn -0.5852 0.0000 -0.8109
vn -0.9539 0.0000 -0.3001
# 12 vertex normals

vt 0.0000 0.0000 0.0000
# 1 texture coords

g bars_001
usemtl Material_13
s off
f 6930/22/7188 6931/22/7188 6932/22/7188 
f 6932/22/7188 6931/22/7188 6933/22/7188 
f 6932/22/7189 6933/22/7189 6934/22/7190 
f 6934/22/7190 6933/22/7189 6935/22/7190 
f 6934/22/7190 6935/22/7190 6936/22/7191 
f 6936/22/7191 6935/22/7190 6937/22/7191 
f 6936/22/7192 6937/22/7192 6938/22/7192 
f 6938/22/7192 6937/22/7192 6939/22/7192 
f 6940/22/7193 6941/22/7193 6942/22/7193 
f 6940/22/7193 6942/22/7193 6943/22/7193 
f 6940/22/7194 6943/22/7194 6944/22/7194 
f 6944/22/7194 6943/22/7194 6945/22/7194 
f 6944/22/7195 6945/22/7195 6946/22/7196 
f 6946/22/7196 6945/22/7195 6947/22/7196 
f 6946/22/7196 6947/22/7196 6948/22/7197 
f 6948/22/7197 6947/22/7196 6949/22/7197 
f 6948/22/7198 6949/22/7198 6950/22/7198 
f 6950/22/7198 6949/22/7198 6951/22/7198 
f 6951/22/7199 6952/22/7199 6950/22/7199 
f 6951/22/7199 6953/22/7199 6952/22/7199 
# 0 polygons - 20 triangles

#
# object bonnet_hi__001
#

v  0.1875 1.0328 0.9518
v  -0.0060 1.0328 0.9547
v  -0.0060 1.0328 1.1102
v  0.1875 1.0328 1.1080
v  0.3559 1.0277 0.9381
v  0.3642 1.0277 1.1035
v  -0.0060 1.0212 1.2763
v  0.1875 1.0212 1.2741
v  0.3664 1.0161 1.2741
v  -0.0060 1.0052 1.4539
v  0.1875 1.0052 1.4518
v  0.3687 1.0001 1.4518
v  -0.0060 0.9863 1.6142
v  0.1875 0.9863 1.6120
v  0.3687 0.9812 1.6120
v  0.1874 0.9923 1.6141
v  -0.0058 0.9923 1.6162
v  -0.0069 0.9824 1.6460
v  0.1860 0.9824 1.6438
v  0.3647 0.9870 1.6145
v  0.3619 0.9790 1.6433
v  0.3986 0.9570 1.6242
v  0.3747 0.9332 1.7347
v  0.3806 0.9044 1.8351
v  0.4149 0.9411 1.6350
v  0.3718 0.8978 1.8335
v  0.3648 0.9280 1.7314
v  0.3459 0.9186 1.7334
v  0.3525 0.8958 1.8383
v  0.3519 0.9705 1.6424
v  -0.1798 1.0277 0.9424
v  -0.1881 1.0277 1.1079
v  -0.1903 1.0161 1.2784
v  -0.1926 1.0001 1.4561
v  -0.1926 0.9812 1.6138
v  -0.1886 0.9870 1.6162
v  -0.1858 0.9790 1.6451
v  -0.2225 0.9570 1.6260
v  -0.1986 0.9332 1.7317
v  -0.2045 0.9079 1.8347
v  -0.2388 0.9465 1.6378
v  -0.1698 0.9242 1.7316
v  -0.1887 0.9280 1.7285
v  -0.1957 0.9013 1.8332
v  -0.1764 0.8989 1.8374
v  -0.1758 0.9705 1.6442
v  0.4045 0.9344 1.6241
v  0.4191 0.9330 1.6344
v  0.3916 0.8931 1.8473
v  0.3773 0.8901 1.8598
v  0.3525 0.8888 1.8677
v  0.2805 0.8912 1.8671
v  0.2805 0.8993 1.8370
v  0.0005 0.8956 1.8671
v  0.0019 0.9029 1.8369
v  -0.2284 0.9416 1.6269
v  -0.2430 0.9384 1.6372
v  -0.2155 0.8965 1.8470
v  -0.2012 0.8935 1.8594
v  -0.1764 0.8919 1.8668
v  0.2823 0.9215 1.7360
v  -0.0010 0.9233 1.7354
v  0.1855 0.9705 1.6423
v  -0.0028 0.9705 1.6431
v  0.3900 1.0016 1.1084
v  0.3962 0.9891 1.2698
v  0.4086 0.9641 1.4475
v  -0.2139 1.0048 1.1127
v  -0.2201 0.9923 1.2741
v  -0.2325 0.9728 1.4519
v  0.3341 0.9499 1.3367
v  0.3530 1.0081 1.3405
v  -0.1410 0.9499 1.3368
v  -0.1615 1.0091 1.3408
v  0.8759 0.8317 1.9100
v  0.6844 0.8183 2.0683
v  0.8679 0.8038 2.0461
v  0.6840 0.8538 1.9261
v  0.8792 0.8436 1.8657
v  0.6842 0.8659 1.8716
v  0.8818 0.8532 1.8170
v  0.6847 0.8826 1.8174
v  0.8845 0.8664 1.7515
v  0.6842 0.8954 1.7529
v  0.8877 0.8810 1.6705
v  0.6842 0.9077 1.6831
v  0.8904 0.8985 1.5579
v  0.6847 0.9306 1.5632
v  0.8915 0.9148 1.4609
v  0.6844 0.9461 1.4681
v  0.8924 0.9265 1.3763
v  0.6842 0.9584 1.3653
v  0.8926 0.9363 1.2989
v  0.6844 0.9690 1.2978
v  0.8929 0.9549 1.1600
v  0.6840 0.9830 1.1694
v  0.8929 0.9598 1.1023
v  0.6796 0.9879 1.1081
v  0.8942 0.9852 0.7874
v  0.6759 1.0084 0.8646
v  0.4975 0.8240 2.0808
v  0.4976 0.8668 1.9278
v  0.4978 0.8788 1.8734
v  0.4976 0.8939 1.8188
v  0.4972 0.9064 1.7561
v  0.4975 0.9197 1.6854
v  0.4974 0.9428 1.5670
v  0.4975 0.9583 1.4726
v  0.4977 0.9718 1.3701
v  0.4974 0.9814 1.3005
v  0.4972 0.9957 1.1746
v  0.4975 1.0002 1.1069
v  0.4974 1.0134 0.8955
v  0.2839 0.8324 2.0845
v  0.2846 0.8751 1.9296
v  0.2839 0.8871 1.8776
v  0.2839 0.9022 1.8196
v  0.2846 0.9148 1.7597
v  0.2851 0.9292 1.6873
v  0.2841 0.9543 1.5689
v  0.2839 0.9698 1.4772
v  0.2839 0.9843 1.3728
v  0.2842 0.9913 1.3061
v  0.2846 1.0041 1.1816
v  0.2839 1.0092 1.1184
v  0.2839 1.0237 0.9209
v  0.0000 0.8366 2.0881
v  0.0000 0.8772 1.9326
v  0.0000 0.8899 1.8785
v  -0.0000 0.9035 1.8242
v  -0.0000 0.9171 1.7604
v  -0.0000 0.9324 1.6892
v  -0.0000 0.9575 1.5708
v  -0.0000 1.0124 1.1229
v  -0.0000 1.0277 0.9317
v  0.5030 0.7750 2.2487
v  0.2862 0.7777 2.2651
v  0.0000 0.7816 2.2692
v  0.2828 0.7187 2.4415
v  0.4993 0.7178 2.4164
v  -0.0000 0.7193 2.4505
v  0.8829 0.9900 0.7560
v  -0.6844 0.8183 2.0683
v  -0.8759 0.8317 1.9100
v  -0.8679 0.8038 2.0461
v  -0.6840 0.8538 1.9261
v  -0.8792 0.8436 1.8657
v  -0.6842 0.8659 1.8716
v  -0.8818 0.8532 1.8170
v  -0.6847 0.8826 1.8174
v  -0.8845 0.8664 1.7515
v  -0.6842 0.8954 1.7529
v  -0.8877 0.8810 1.6705
v  -0.6842 0.9077 1.6831
v  -0.8904 0.8985 1.5579
v  -0.6847 0.9306 1.5632
v  -0.8915 0.9148 1.4609
v  -0.6844 0.9461 1.4681
v  -0.8924 0.9265 1.3763
v  -0.6842 0.9584 1.3653
v  -0.8926 0.9363 1.2989
v  -0.6844 0.9690 1.2978
v  -0.8929 0.9549 1.1600
v  -0.6840 0.9830 1.1694
v  -0.8929 0.9598 1.1023
v  -0.6796 0.9879 1.1081
v  -0.8942 0.9852 0.7874
v  -0.6759 1.0084 0.8646
v  -0.4975 0.8240 2.0808
v  -0.4976 0.8668 1.9278
v  -0.4978 0.8788 1.8734
v  -0.4976 0.8939 1.8188
v  -0.4972 0.9064 1.7561
v  -0.4975 0.9197 1.6854
v  -0.4974 0.9428 1.5670
v  -0.4975 0.9583 1.4726
v  -0.4977 0.9718 1.3701
v  -0.4974 0.9814 1.3005
v  -0.4972 0.9957 1.1746
v  -0.4975 1.0002 1.1069
v  -0.4974 1.0134 0.8955
v  -0.2839 0.8324 2.0845
v  -0.2846 0.8751 1.9296
v  -0.2839 0.8871 1.8776
v  -0.2839 0.9022 1.8196
v  -0.2846 0.9148 1.7597
v  -0.2851 0.9292 1.6873
v  -0.2841 0.9543 1.5689
v  -0.2839 0.9698 1.4772
v  -0.2839 0.9843 1.3728
v  -0.2842 0.9913 1.3061
v  -0.2846 1.0041 1.1816
v  -0.2839 1.0092 1.1184
v  -0.2839 1.0237 0.9209
v  -0.0000 0.9734 1.4801
v  -0.0000 0.9882 1.3747
v  -0.0000 0.9949 1.3098
v  -0.0000 1.0077 1.1835
v  -0.2862 0.7777 2.2651
v  -0.5030 0.7750 2.2487
v  -0.2828 0.7187 2.4415
v  -0.4993 0.7178 2.4164
v  -0.8829 0.9900 0.7560
v  0.4263 0.9954 0.9919
v  0.4039 0.9965 1.0153
v  0.4039 0.9965 0.9919
v  0.4263 0.9954 1.0153
v  0.4263 1.0223 0.9919
v  0.4263 1.0189 1.0153
v  0.4018 1.0264 0.9919
v  0.4018 1.0230 1.0153
v  -0.4039 0.9965 1.0153
v  -0.4263 0.9954 0.9919
v  -0.4039 0.9965 0.9919
v  -0.4263 0.9954 1.0153
v  -0.4263 1.0223 0.9919
v  -0.4263 1.0189 1.0153
v  -0.4018 1.0264 0.9919
v  -0.4018 1.0230 1.0153
# 219 vertices

vn 0.0156 0.9999 -0.0000
vn -0.0149 0.9999 -0.0000
vn -0.0142 0.9993 0.0350
vn 0.0152 0.9993 0.0349
vn 0.0295 0.9996 -0.0008
vn 0.0291 0.9990 0.0338
vn -0.0131 0.9968 0.0794
vn 0.0149 0.9967 0.0794
vn 0.0283 0.9965 0.0786
vn -0.0124 0.9946 0.1033
vn 0.0146 0.9945 0.1032
vn 0.0280 0.9943 0.1032
vn -0.0126 0.9930 0.1175
vn 0.0146 0.9930 0.1171
vn 0.0279 0.9927 0.1170
vn 0.0160 0.9486 0.3161
vn -0.0117 0.9495 0.3136
vn -0.0121 0.9502 0.3113
vn 0.0149 0.9494 0.3136
vn 0.0204 0.9617 0.2734
vn 0.0194 0.9633 0.2677
vn 0.5976 0.7507 0.2816
vn 0.5945 0.7588 0.2661
vn 0.5973 0.7514 0.2803
vn 0.5994 0.7457 0.2909
vn 0.2384 0.9374 0.2539
vn 0.5899 0.7704 0.2421
vn 0.5911 0.7694 0.2421
vn 0.5557 0.7957 0.2409
vn -0.5851 0.7660 0.2662
vn -0.4560 0.8111 0.3662
vn -0.3892 0.8495 0.3561
vn -0.0158 0.9704 0.2411
vn 0.0401 0.9761 0.2134
vn -0.0051 0.9743 0.2250
vn -0.5806 0.6936 0.4264
vn -0.0286 0.9996 -0.0008
vn -0.0279 0.9990 0.0341
vn -0.0265 0.9965 0.0787
vn -0.0264 0.9942 0.1039
vn -0.0274 0.9925 0.1189
vn -0.0207 0.9618 0.2729
vn -0.0198 0.9633 0.2677
vn -0.5987 0.7478 0.2870
vn -0.5945 0.7588 0.2661
vn -0.5991 0.7466 0.2891
vn -0.6017 0.7391 0.3028
vn -0.0693 0.9697 0.2341
vn -0.3597 0.9009 0.2430
vn -0.5160 0.8187 0.2520
vn -0.4021 0.8828 0.2429
vn 0.0766 0.9505 0.3011
vn 0.1247 0.9218 0.3671
vn 0.0355 0.9674 0.2508
vn 0.0236 0.9722 0.2331
vn 0.1015 0.8821 0.4600
vn -0.0100 0.3256 -0.9455
vn 0.0008 0.3225 -0.9466
vn 0.0112 0.3971 -0.9177
vn 0.0112 0.3983 -0.9172
vn 0.6707 0.6330 -0.3867
vn 0.4597 0.1243 -0.8793
vn 0.4821 0.1300 -0.8664
vn 0.5554 0.1487 -0.8182
vn 0.7526 0.4344 -0.4950
vn 0.5775 0.1543 -0.8017
vn 0.5540 0.7969 0.2408
vn 0.8732 0.4461 0.1964
vn -0.4498 0.4147 0.7910
vn 0.0398 0.9608 0.2743
vn 0.0375 0.9608 0.2747
vn 0.0188 0.9696 0.2441
vn 0.0271 0.9662 0.2563
vn 0.0277 0.9716 0.2349
vn -0.0045 0.9717 0.2360
vn -0.0004 0.9757 0.2192
vn -0.0088 0.3959 -0.9183
vn -0.0088 0.3970 -0.9178
vn -0.6707 0.6330 -0.3867
vn -0.4591 0.1233 -0.8798
vn -0.5709 0.1704 -0.8031
vn -0.5008 0.1527 -0.8520
vn -0.6546 0.3057 -0.6914
vn -0.6948 0.4110 -0.5902
vn -0.5450 0.7998 0.2515
vn -0.8722 0.4450 0.2031
vn 0.4498 0.4148 0.7910
vn -0.0397 0.9608 0.2743
vn -0.0271 0.9605 0.2768
vn -0.0046 0.9695 0.2451
vn 0.0307 0.9760 0.2156
vn 0.0058 0.9800 0.1991
vn -0.5243 0.7815 0.3381
vn -0.6092 0.6713 0.4220
vn -0.5998 0.7556 0.2633
vn 0.0053 -0.1244 0.9922
vn 0.0009 -0.1059 0.9944
vn 0.0055 -0.1270 0.9919
vn 0.0052 -0.2328 0.9725
vn 0.0048 -0.2373 0.9714
vn 0.5992 0.6683 0.4407
vn 0.6045 0.6639 0.4402
vn 0.5236 0.7856 0.3296
vn 0.5252 0.7735 0.3548
vn 0.6007 0.7644 0.2343
vn 0.6070 0.7593 0.2343
vn -0.0033 -0.1081 0.9941
vn -0.0030 -0.1120 0.9937
vn 0.7142 0.6991 -0.0356
vn 0.7095 0.7046 -0.0067
vn 0.7111 0.7031 0.0021
vn 0.6771 0.7343 0.0478
vn 0.6746 0.7366 0.0491
vn 0.6723 0.7336 0.0992
vn 0.6840 0.7237 0.0920
vn 0.7596 0.6444 0.0882
vn 0.7837 0.6169 0.0727
vn -0.6671 0.7442 -0.0332
vn -0.6633 0.7483 0.0063
vn -0.6622 0.7493 -0.0034
vn -0.6297 0.7757 0.0422
vn -0.6226 0.7812 0.0451
vn -0.5728 0.8122 0.1109
vn -0.5840 0.8048 0.1062
vn -0.6945 0.7127 0.0987
vn -0.7262 0.6826 0.0818
vn -0.9548 0.2950 0.0356
vn -0.9808 0.1899 0.0442
vn -0.9791 0.1985 0.0435
vn -0.9515 0.3057 0.0346
vn 0.9440 0.3185 0.0857
vn 0.9522 0.2924 0.0883
vn 0.9529 0.2901 0.0886
vn 0.9431 0.3213 0.0854
vn 0.1241 0.9617 0.2445
vn 0.0808 0.9688 0.2344
vn 0.1021 0.9733 0.2057
vn 0.0943 0.9678 0.2335
vn 0.1233 0.9661 0.2267
vn 0.0986 0.9628 0.2516
vn 0.1336 0.9689 0.2084
vn 0.1032 0.9647 0.2421
vn 0.1433 0.9714 0.1895
vn 0.1007 0.9779 0.1830
vn 0.1397 0.9760 0.1670
vn 0.1041 0.9785 0.1782
vn 0.1502 0.9747 0.1656
vn 0.1111 0.9785 0.1740
vn 0.1539 0.9766 0.1500
vn 0.1087 0.9841 0.1403
vn 0.1473 0.9807 0.1283
vn 0.1099 0.9846 0.1357
vn 0.1493 0.9801 0.1306
vn 0.1090 0.9853 0.1316
vn 0.1421 0.9845 0.1029
vn 0.1030 0.9905 0.0912
vn 0.1343 0.9876 0.0808
vn 0.0997 0.9921 0.0767
vn 0.1371 0.9864 0.0911
vn 0.1002 0.9919 0.0781
vn 0.0462 0.9617 0.2703
vn 0.0550 0.9689 0.2414
vn 0.0534 0.9688 0.2420
vn 0.0505 0.9718 0.2304
vn 0.0517 0.9804 0.1901
vn 0.0551 0.9806 0.1880
vn 0.0597 0.9823 0.1776
vn 0.0628 0.9874 0.1452
vn 0.0650 0.9887 0.1348
vn 0.0609 0.9906 0.1225
vn 0.0566 0.9944 0.0889
vn 0.0524 0.9963 0.0679
vn 0.0441 0.9969 0.0647
vn 0.0296 0.9601 0.2780
vn 0.0266 0.9695 0.2435
vn 0.0253 0.9708 0.2387
vn 0.0245 0.9734 0.2280
vn 0.0258 0.9794 0.2003
vn 0.0298 0.9792 0.2006
vn 0.0338 0.9819 0.1864
vn 0.0356 0.9877 0.1520
vn 0.0349 0.9918 0.1228
vn 0.0307 0.9941 0.1043
vn 0.0289 0.9955 0.0900
vn 0.0307 0.9967 0.0748
vn 0.0366 0.9966 0.0745
vn -0.0000 0.9618 0.2737
vn 0.0000 0.9706 0.2408
vn 0.0000 0.9715 0.2369
vn 0.0000 0.9742 0.2258
vn 0.0000 0.9781 0.2080
vn 0.0000 0.9819 0.1896
vn -0.0000 0.9970 0.0772
vn 0.0000 0.9968 0.0797
vn 0.0357 0.9535 0.2992
vn 0.0265 0.9525 0.3035
vn 0.0000 0.9515 0.3077
vn 0.0246 0.9475 0.3189
vn 0.0414 0.9452 0.3237
vn -0.0000 0.9467 0.3222
vn 0.1400 0.9852 0.0992
vn -0.0808 0.9688 0.2344
vn -0.1241 0.9617 0.2445
vn -0.1021 0.9733 0.2057
vn -0.0943 0.9678 0.2335
vn -0.1233 0.9661 0.2267
vn -0.0986 0.9628 0.2516
vn -0.1336 0.9689 0.2084
vn -0.1032 0.9647 0.2421
vn -0.1433 0.9714 0.1895
vn -0.1007 0.9779 0.1830
vn -0.1397 0.9760 0.1670
vn -0.1041 0.9785 0.1782
vn -0.1502 0.9747 0.1656
vn -0.1111 0.9785 0.1740
vn -0.1539 0.9766 0.1500
vn -0.1087 0.9841 0.1403
vn -0.1473 0.9807 0.1283
vn -0.1099 0.9846 0.1357
vn -0.1493 0.9801 0.1306
vn -0.1090 0.9853 0.1316
vn -0.1421 0.9845 0.1029
vn -0.1030 0.9905 0.0912
vn -0.1343 0.9876 0.0808
vn -0.0997 0.9921 0.0767
vn -0.1371 0.9864 0.0911
vn -0.1002 0.9919 0.0781
vn -0.0462 0.9617 0.2703
vn -0.0550 0.9689 0.2414
vn -0.0534 0.9688 0.2420
vn -0.0505 0.9718 0.2304
vn -0.0517 0.9804 0.1901
vn -0.0551 0.9806 0.1880
vn -0.0597 0.9823 0.1776
vn -0.0628 0.9874 0.1452
vn -0.0650 0.9887 0.1348
vn -0.0609 0.9906 0.1225
vn -0.0566 0.9944 0.0889
vn -0.0524 0.9963 0.0679
vn -0.0441 0.9969 0.0647
vn -0.0296 0.9601 0.2780
vn -0.0266 0.9695 0.2435
vn -0.0253 0.9708 0.2387
vn -0.0245 0.9734 0.2280
vn -0.0258 0.9794 0.2003
vn -0.0298 0.9792 0.2006
vn -0.0338 0.9819 0.1864
vn -0.0356 0.9877 0.1520
vn -0.0349 0.9918 0.1228
vn -0.0307 0.9941 0.1043
vn -0.0289 0.9955 0.0900
vn -0.0307 0.9967 0.0748
vn -0.0366 0.9966 0.0745
vn 0.0000 0.9878 0.1559
vn -0.0000 0.9926 0.1211
vn -0.0000 0.9948 0.1021
vn 0.0000 0.9960 0.0891
vn -0.0265 0.9525 0.3035
vn -0.0357 0.9535 0.2992
vn -0.0246 0.9475 0.3189
vn -0.0414 0.9452 0.3237
vn -0.1400 0.9852 0.0992
vn -0.0457 -0.9990 0.0000
vn 1.0000 0.0000 -0.0000
vn 0.1636 0.9763 0.1419
vn -0.9973 -0.0730 -0.0046
vn -0.9974 -0.0720 -0.0057
vn -0.9976 -0.0683 -0.0099
vn -0.9970 -0.0771 -0.0000
vn 0.0000 0.0000 -1.0000
vn 0.0000 0.0000 1.0000
vn 0.0457 -0.9990 0.0000
vn -1.0000 0.0000 -0.0000
vn -0.1636 0.9763 0.1419
vn 0.9976 -0.0683 -0.0099
vn 0.9974 -0.0720 -0.0057
vn 0.9973 -0.0730 -0.0046
vn 0.9970 -0.0771 -0.0000
# 278 vertex normals

vt 0.0000 0.0000 0.0000
# 1 texture coords

g bonnet_hi__001
usemtl Material_18
s off
f 6954/23/7200 6955/23/7201 6956/23/7202 
f 6954/23/7200 6956/23/7202 6957/23/7203 
f 6958/23/7204 6954/23/7200 6957/23/7203 
f 6959/23/7205 6958/23/7204 6957/23/7203 
f 6957/23/7203 6956/23/7202 6960/23/7206 
f 6957/23/7203 6960/23/7206 6961/23/7207 
f 6959/23/7205 6957/23/7203 6961/23/7207 
f 6962/23/7208 6959/23/7205 6961/23/7207 
f 6961/23/7207 6960/23/7206 6963/23/7209 
f 6961/23/7207 6963/23/7209 6964/23/7210 
f 6962/23/7208 6961/23/7207 6964/23/7210 
f 6965/23/7211 6962/23/7208 6964/23/7210 
f 6964/23/7210 6963/23/7209 6966/23/7212 
f 6964/23/7210 6966/23/7212 6967/23/7213 
f 6965/23/7211 6964/23/7210 6967/23/7213 
f 6965/23/7211 6967/23/7213 6968/23/7214 
f 6969/23/7215 6970/23/7216 6971/23/7217 
f 6969/23/7215 6971/23/7217 6972/23/7218 
f 6973/23/7219 6969/23/7215 6972/23/7218 
f 6973/23/7219 6972/23/7218 6974/23/7220 
f 6975/23/7221 6973/23/7222 6974/23/7223 
f 6975/23/7221 6974/23/7223 6976/23/7224 
f 6975/23/7225 6976/23/7225 6977/23/7225 
f 6978/23/7226 6975/23/7227 6977/23/7228 
f 6979/23/7229 6980/23/7230 6981/23/7231 
f 6979/23/7232 6981/23/7233 6982/23/7234 
f 6980/23/7230 6983/23/7235 6981/23/7231 
f 6955/23/7201 6984/23/7236 6956/23/7202 
f 6956/23/7202 6984/23/7236 6985/23/7237 
f 6956/23/7202 6985/23/7237 6960/23/7206 
f 6960/23/7206 6985/23/7237 6986/23/7238 
f 6960/23/7206 6986/23/7238 6963/23/7209 
f 6963/23/7209 6986/23/7238 6987/23/7239 
f 6963/23/7209 6987/23/7239 6966/23/7212 
f 6966/23/7212 6987/23/7239 6988/23/7240 
f 6970/23/7216 6989/23/7241 6971/23/7217 
f 6971/23/7217 6989/23/7241 6990/23/7242 
f 6990/23/7243 6989/23/7244 6991/23/7245 
f 6990/23/7243 6991/23/7245 6992/23/7246 
f 6992/23/7247 6991/23/7248 6993/23/7249 
f 6993/23/7249 6991/23/7248 6994/23/7250 
f 6995/23/7251 6996/23/7252 6997/23/7253 
f 6995/23/7251 6997/23/7253 6998/23/7254 
f 6995/23/7251 6999/23/7255 6996/23/7252 
f 6970/23/7256 6967/23/7257 6966/23/7256 
f 6969/23/7257 6967/23/7257 6970/23/7256 
f 6969/23/7257 6973/23/7258 6967/23/7257 
f 6973/23/7258 6968/23/7259 6967/23/7257 
f 6968/23/7260 6973/23/7260 6975/23/7260 
f 6968/23/7261 6975/23/7262 7000/23/7263 
f 6975/23/7264 6978/23/7264 7001/23/7264 
f 6975/23/7262 7001/23/7265 7000/23/7263 
f 6978/23/7226 6977/23/7228 7002/23/7266 
f 7001/23/7267 6978/23/7267 7002/23/7267 
f 6977/23/7268 6979/23/7268 7002/23/7268 
f 7002/23/7269 6979/23/7232 7003/23/7270 
f 7003/23/7270 6979/23/7232 7004/23/7271 
f 6979/23/7232 6982/23/7234 7004/23/7271 
f 7004/23/7271 6982/23/7234 7005/23/7272 
f 6982/23/7234 7006/23/7273 7005/23/7272 
f 7006/23/7273 7007/23/7274 7005/23/7272 
f 7006/23/7273 7008/23/7275 7007/23/7274 
f 6970/23/7256 6966/23/7256 6989/23/7276 
f 6989/23/7276 6966/23/7256 6988/23/7277 
f 6988/23/7278 6991/23/7278 6989/23/7278 
f 6988/23/7279 7009/23/7280 6991/23/7281 
f 6991/23/7281 7010/23/7282 6994/23/7283 
f 6991/23/7281 7009/23/7280 7010/23/7282 
f 6993/23/7249 6994/23/7250 7011/23/7284 
f 7010/23/7285 7011/23/7285 6994/23/7285 
f 6993/23/7286 7011/23/7286 6997/23/7286 
f 6997/23/7253 7011/23/7287 7012/23/7288 
f 7013/23/7289 6997/23/7253 7012/23/7288 
f 6998/23/7254 6997/23/7253 7013/23/7289 
f 7007/23/7274 6998/23/7254 7013/23/7289 
f 7008/23/7275 6998/23/7254 7007/23/7274 
f 6982/23/7234 6981/23/7233 7006/23/7273 
f 6981/23/7233 7014/23/7290 7006/23/7273 
f 7014/23/7290 7015/23/7291 7006/23/7273 
f 7006/23/7273 7015/23/7291 7008/23/7275 
f 7008/23/7275 6995/23/7251 6998/23/7254 
f 7008/23/7275 7015/23/7291 6995/23/7251 
f 6976/23/7292 6974/23/7293 6983/23/7235 
f 6976/23/7292 6983/23/7235 6980/23/7230 
f 6977/23/7294 6976/23/7292 6980/23/7230 
f 6977/23/7294 6980/23/7230 6979/23/7229 
f 6972/23/7295 6983/23/7296 6974/23/7296 
f 6972/23/7295 7016/23/7297 6983/23/7296 
f 6971/23/7298 7016/23/7297 6972/23/7295 
f 6971/23/7298 7017/23/7299 7016/23/7297 
f 6999/23/7300 6990/23/7301 6992/23/7302 
f 6999/23/7300 6992/23/7302 6996/23/7303 
f 6996/23/7303 6992/23/7302 6993/23/7304 
f 6996/23/7303 6993/23/7304 6997/23/7305 
f 6971/23/7298 6990/23/7306 6999/23/7307 
f 6971/23/7298 6999/23/7307 7017/23/7299 
f 6958/23/7308 6959/23/7309 7018/23/7310 
f 6959/23/7309 7019/23/7311 7018/23/7310 
f 7019/23/7311 6959/23/7309 6962/23/7312 
f 7020/23/7313 7019/23/7311 6962/23/7312 
f 7020/23/7313 6962/23/7312 6965/23/7314 
f 7020/23/7313 6965/23/7314 7000/23/7315 
f 6965/23/7314 6968/23/7316 7000/23/7315 
f 6984/23/7317 7021/23/7318 6985/23/7319 
f 6985/23/7319 7021/23/7318 7022/23/7320 
f 6985/23/7319 7022/23/7320 6986/23/7321 
f 6986/23/7321 7022/23/7320 7023/23/7322 
f 6986/23/7321 7023/23/7322 6987/23/7323 
f 6987/23/7323 7023/23/7322 7009/23/7324 
f 6987/23/7323 7009/23/7324 6988/23/7325 
f 7024/23/7326 6981/23/7327 6983/23/7328 
f 7024/23/7326 6983/23/7328 7025/23/7329 
f 7026/23/7330 6999/23/7331 6995/23/7332 
f 7026/23/7330 7027/23/7333 6999/23/7331 
f 7028/23/7334 7029/23/7335 7030/23/7336 
f 7028/23/7334 7031/23/7337 7029/23/7335 
f 7032/23/7338 7031/23/7337 7028/23/7334 
f 7032/23/7338 7033/23/7339 7031/23/7337 
f 7034/23/7340 7033/23/7339 7032/23/7338 
f 7034/23/7340 7035/23/7341 7033/23/7339 
f 7036/23/7342 7035/23/7341 7034/23/7340 
f 7036/23/7342 7037/23/7343 7035/23/7341 
f 7038/23/7344 7037/23/7343 7036/23/7342 
f 7038/23/7344 7039/23/7345 7037/23/7343 
f 7040/23/7346 7039/23/7345 7038/23/7344 
f 7040/23/7346 7041/23/7347 7039/23/7345 
f 7042/23/7348 7041/23/7347 7040/23/7346 
f 7042/23/7348 7043/23/7349 7041/23/7347 
f 7044/23/7350 7043/23/7349 7042/23/7348 
f 7044/23/7350 7045/23/7351 7043/23/7349 
f 7046/23/7352 7045/23/7351 7044/23/7350 
f 7046/23/7352 7047/23/7353 7045/23/7351 
f 7048/23/7354 7047/23/7353 7046/23/7352 
f 7048/23/7354 7049/23/7355 7047/23/7353 
f 7050/23/7356 7049/23/7355 7048/23/7354 
f 7050/23/7356 7051/23/7357 7049/23/7355 
f 7052/23/7358 7051/23/7357 7050/23/7356 
f 7052/23/7358 7053/23/7359 7051/23/7357 
f 7029/23/7335 7031/23/7337 7054/23/7360 
f 7031/23/7337 7055/23/7361 7054/23/7360 
f 7033/23/7339 7055/23/7361 7031/23/7337 
f 7033/23/7339 7056/23/7362 7055/23/7361 
f 7035/23/7341 7056/23/7362 7033/23/7339 
f 7035/23/7341 7057/23/7363 7056/23/7362 
f 7035/23/7341 7037/23/7343 7057/23/7363 
f 7037/23/7343 7058/23/7364 7057/23/7363 
f 7037/23/7343 7039/23/7345 7058/23/7364 
f 7039/23/7345 7059/23/7365 7058/23/7364 
f 7041/23/7347 7059/23/7365 7039/23/7345 
f 7041/23/7347 7060/23/7366 7059/23/7365 
f 7041/23/7347 7043/23/7349 7060/23/7366 
f 7043/23/7349 7061/23/7367 7060/23/7366 
f 7043/23/7349 7045/23/7351 7061/23/7367 
f 7045/23/7351 7062/23/7368 7061/23/7367 
f 7047/23/7353 7062/23/7368 7045/23/7351 
f 7047/23/7353 7063/23/7369 7062/23/7368 
f 7047/23/7353 7049/23/7355 7063/23/7369 
f 7049/23/7355 7064/23/7370 7063/23/7369 
f 7049/23/7355 7051/23/7357 7064/23/7370 
f 7051/23/7357 7065/23/7371 7064/23/7370 
f 7051/23/7357 7053/23/7359 7065/23/7371 
f 7053/23/7359 7066/23/7372 7065/23/7371 
f 7055/23/7361 7067/23/7373 7054/23/7360 
f 7055/23/7361 7068/23/7374 7067/23/7373 
f 7056/23/7362 7068/23/7374 7055/23/7361 
f 7056/23/7362 7069/23/7375 7068/23/7374 
f 7056/23/7362 7057/23/7363 7069/23/7375 
f 7057/23/7363 7070/23/7376 7069/23/7375 
f 7057/23/7363 7058/23/7364 7070/23/7376 
f 7058/23/7364 7071/23/7377 7070/23/7376 
f 7059/23/7365 7071/23/7377 7058/23/7364 
f 7059/23/7365 7072/23/7378 7071/23/7377 
f 7059/23/7365 7060/23/7366 7072/23/7378 
f 7060/23/7366 7073/23/7379 7072/23/7378 
f 7061/23/7367 7073/23/7379 7060/23/7366 
f 7061/23/7367 7074/23/7380 7073/23/7379 
f 7062/23/7368 7074/23/7380 7061/23/7367 
f 7062/23/7368 7075/23/7381 7074/23/7380 
f 7062/23/7368 7063/23/7369 7075/23/7381 
f 7063/23/7369 7076/23/7382 7075/23/7381 
f 7063/23/7369 7064/23/7370 7076/23/7382 
f 7064/23/7370 7077/23/7383 7076/23/7382 
f 7065/23/7371 7077/23/7383 7064/23/7370 
f 7065/23/7371 7078/23/7384 7077/23/7383 
f 7065/23/7371 7066/23/7372 7078/23/7384 
f 7066/23/7372 7079/23/7385 7078/23/7384 
f 7068/23/7374 7080/23/7386 7067/23/7373 
f 7068/23/7374 7081/23/7387 7080/23/7386 
f 7068/23/7374 7069/23/7375 7081/23/7387 
f 7069/23/7375 7082/23/7388 7081/23/7387 
f 7070/23/7376 7082/23/7388 7069/23/7375 
f 7070/23/7376 7083/23/7389 7082/23/7388 
f 7071/23/7377 7083/23/7389 7070/23/7376 
f 7071/23/7377 7084/23/7390 7083/23/7389 
f 7072/23/7378 7084/23/7390 7071/23/7377 
f 7072/23/7378 7085/23/7390 7084/23/7390 
f 7072/23/7378 7073/23/7379 7085/23/7390 
f 7073/23/7379 7086/23/7391 7085/23/7390 
f 7079/23/7385 7087/23/7392 7078/23/7384 
f 7079/23/7385 7088/23/7393 7087/23/7392 
f 7089/23/7394 7054/23/7360 7090/23/7395 
f 7054/23/7360 7067/23/7373 7090/23/7395 
f 7090/23/7395 7067/23/7373 7091/23/7396 
f 7067/23/7373 7080/23/7386 7091/23/7396 
f 7089/23/7394 7092/23/7397 7093/23/7398 
f 7089/23/7394 7090/23/7395 7092/23/7397 
f 7090/23/7395 7094/23/7399 7092/23/7397 
f 7090/23/7395 7091/23/7396 7094/23/7399 
f 7052/23/7358 7095/23/7400 7053/23/7359 
f 7096/23/7401 7097/23/7402 7098/23/7403 
f 7099/23/7404 7097/23/7402 7096/23/7401 
f 7099/23/7404 7100/23/7405 7097/23/7402 
f 7099/23/7404 7101/23/7406 7100/23/7405 
f 7101/23/7406 7102/23/7407 7100/23/7405 
f 7101/23/7406 7103/23/7408 7102/23/7407 
f 7103/23/7408 7104/23/7409 7102/23/7407 
f 7105/23/7410 7104/23/7409 7103/23/7408 
f 7105/23/7410 7106/23/7411 7104/23/7409 
f 7107/23/7412 7106/23/7411 7105/23/7410 
f 7107/23/7412 7108/23/7413 7106/23/7411 
f 7107/23/7412 7109/23/7414 7108/23/7413 
f 7109/23/7414 7110/23/7415 7108/23/7413 
f 7111/23/7416 7110/23/7415 7109/23/7414 
f 7111/23/7416 7112/23/7417 7110/23/7415 
f 7113/23/7418 7112/23/7417 7111/23/7416 
f 7113/23/7418 7114/23/7419 7112/23/7417 
f 7113/23/7418 7115/23/7420 7114/23/7419 
f 7115/23/7420 7116/23/7421 7114/23/7419 
f 7117/23/7422 7116/23/7421 7115/23/7420 
f 7117/23/7422 7118/23/7423 7116/23/7421 
f 7119/23/7424 7118/23/7423 7117/23/7422 
f 7119/23/7424 7120/23/7425 7118/23/7423 
f 7121/23/7426 7120/23/7425 7119/23/7424 
f 7122/23/7427 7099/23/7404 7096/23/7401 
f 7122/23/7427 7123/23/7428 7099/23/7404 
f 7123/23/7428 7101/23/7406 7099/23/7404 
f 7123/23/7428 7124/23/7429 7101/23/7406 
f 7124/23/7429 7103/23/7408 7101/23/7406 
f 7125/23/7430 7103/23/7408 7124/23/7429 
f 7125/23/7430 7105/23/7410 7103/23/7408 
f 7126/23/7431 7105/23/7410 7125/23/7430 
f 7126/23/7431 7107/23/7412 7105/23/7410 
f 7126/23/7431 7127/23/7432 7107/23/7412 
f 7127/23/7432 7109/23/7414 7107/23/7412 
f 7128/23/7433 7109/23/7414 7127/23/7432 
f 7128/23/7433 7111/23/7416 7109/23/7414 
f 7128/23/7433 7129/23/7434 7111/23/7416 
f 7129/23/7434 7113/23/7418 7111/23/7416 
f 7129/23/7434 7130/23/7435 7113/23/7418 
f 7130/23/7435 7115/23/7420 7113/23/7418 
f 7131/23/7436 7115/23/7420 7130/23/7435 
f 7131/23/7436 7117/23/7422 7115/23/7420 
f 7132/23/7437 7117/23/7422 7131/23/7436 
f 7132/23/7437 7119/23/7424 7117/23/7422 
f 7132/23/7437 7133/23/7438 7119/23/7424 
f 7133/23/7438 7121/23/7426 7119/23/7424 
f 7134/23/7439 7121/23/7426 7133/23/7438 
f 7135/23/7440 7123/23/7428 7122/23/7427 
f 7135/23/7440 7136/23/7441 7123/23/7428 
f 7136/23/7441 7124/23/7429 7123/23/7428 
f 7137/23/7442 7124/23/7429 7136/23/7441 
f 7137/23/7442 7125/23/7430 7124/23/7429 
f 7138/23/7443 7125/23/7430 7137/23/7442 
f 7138/23/7443 7126/23/7431 7125/23/7430 
f 7138/23/7443 7139/23/7444 7126/23/7431 
f 7139/23/7444 7127/23/7432 7126/23/7431 
f 7139/23/7444 7140/23/7445 7127/23/7432 
f 7140/23/7445 7128/23/7433 7127/23/7432 
f 7141/23/7446 7128/23/7433 7140/23/7445 
f 7141/23/7446 7129/23/7434 7128/23/7433 
f 7142/23/7447 7129/23/7434 7141/23/7446 
f 7142/23/7447 7130/23/7435 7129/23/7434 
f 7142/23/7447 7143/23/7448 7130/23/7435 
f 7143/23/7448 7131/23/7436 7130/23/7435 
f 7143/23/7448 7144/23/7449 7131/23/7436 
f 7144/23/7449 7132/23/7437 7131/23/7436 
f 7144/23/7449 7145/23/7450 7132/23/7437 
f 7145/23/7450 7133/23/7438 7132/23/7437 
f 7146/23/7451 7133/23/7438 7145/23/7450 
f 7146/23/7451 7134/23/7439 7133/23/7438 
f 7147/23/7452 7134/23/7439 7146/23/7451 
f 7080/23/7386 7136/23/7441 7135/23/7440 
f 7081/23/7387 7136/23/7441 7080/23/7386 
f 7081/23/7387 7137/23/7442 7136/23/7441 
f 7082/23/7388 7137/23/7442 7081/23/7387 
f 7082/23/7388 7138/23/7443 7137/23/7442 
f 7082/23/7388 7083/23/7389 7138/23/7443 
f 7083/23/7389 7139/23/7444 7138/23/7443 
f 7083/23/7389 7084/23/7390 7139/23/7444 
f 7084/23/7390 7140/23/7445 7139/23/7444 
f 7085/23/7390 7140/23/7445 7084/23/7390 
f 7085/23/7390 7141/23/7446 7140/23/7445 
f 7086/23/7391 7141/23/7446 7085/23/7390 
f 7086/23/7391 7142/23/7447 7141/23/7446 
f 7086/23/7391 7148/23/7453 7142/23/7447 
f 7148/23/7453 7143/23/7448 7142/23/7447 
f 7149/23/7454 7143/23/7448 7148/23/7453 
f 7149/23/7454 7144/23/7449 7143/23/7448 
f 7150/23/7455 7144/23/7449 7149/23/7454 
f 7150/23/7455 7145/23/7450 7144/23/7449 
f 7151/23/7456 7145/23/7450 7150/23/7455 
f 7151/23/7456 7146/23/7451 7145/23/7450 
f 7151/23/7456 7087/23/7392 7146/23/7451 
f 7087/23/7392 7147/23/7452 7146/23/7451 
f 7088/23/7393 7147/23/7452 7087/23/7392 
f 7152/23/7457 7122/23/7427 7153/23/7458 
f 7135/23/7440 7122/23/7427 7152/23/7457 
f 7091/23/7396 7135/23/7440 7152/23/7457 
f 7091/23/7396 7080/23/7386 7135/23/7440 
f 7154/23/7459 7153/23/7458 7155/23/7460 
f 7154/23/7459 7152/23/7457 7153/23/7458 
f 7094/23/7399 7152/23/7457 7154/23/7459 
f 7091/23/7396 7152/23/7457 7094/23/7399 
f 7121/23/7426 7156/23/7461 7120/23/7425 
usemtl Material_16
f 7073/23/7379 7074/23/7380 7086/23/7391 
f 7074/23/7380 7148/23/7453 7086/23/7391 
f 7075/23/7381 7148/23/7453 7074/23/7380 
f 7075/23/7381 7149/23/7454 7148/23/7453 
f 7076/23/7382 7149/23/7454 7075/23/7381 
f 7076/23/7382 7150/23/7455 7149/23/7454 
f 7077/23/7383 7150/23/7455 7076/23/7382 
f 7077/23/7383 7151/23/7456 7150/23/7455 
f 7077/23/7383 7078/23/7384 7151/23/7456 
f 7078/23/7384 7087/23/7392 7151/23/7456 
usemtl Material_27
f 7157/23/7462 7158/23/7462 7159/23/7462 
f 7160/23/7462 7158/23/7462 7157/23/7462 
f 7161/23/7463 7160/23/7463 7157/23/7463 
f 7161/23/7463 7162/23/7463 7160/23/7463 
f 7161/23/7464 7163/23/7464 7162/23/7464 
f 7162/23/7464 7163/23/7464 7164/23/7464 
f 7159/23/7465 7164/23/7466 7163/23/7467 
f 7159/23/7465 7158/23/7468 7164/23/7466 
f 7161/23/7469 7157/23/7469 7159/23/7469 
f 7163/23/7469 7161/23/7469 7159/23/7469 
f 7162/23/7470 7158/23/7470 7160/23/7470 
f 7164/23/7470 7158/23/7470 7162/23/7470 
f 7165/23/7471 7166/23/7471 7167/23/7471 
f 7165/23/7471 7168/23/7471 7166/23/7471 
f 7166/23/7472 7168/23/7472 7169/23/7472 
f 7169/23/7472 7168/23/7472 7170/23/7472 
f 7171/23/7473 7169/23/7473 7170/23/7473 
f 7171/23/7473 7170/23/7473 7172/23/7473 
f 7171/23/7474 7172/23/7475 7167/23/7476 
f 7167/23/7476 7172/23/7475 7165/23/7477 
f 7169/23/7469 7167/23/7469 7166/23/7469 
f 7171/23/7469 7167/23/7469 7169/23/7469 
f 7170/23/7470 7168/23/7470 7165/23/7470 
f 7172/23/7470 7170/23/7470 7165/23/7470 
# 0 polygons - 348 triangles

#
# object wheel_rf_002
#

v  1.0342 0.2353 1.4119
v  1.0342 0.2264 1.4700
v  1.0342 0.3752 1.4700
v  1.0342 0.2707 1.3656
v  1.0342 0.3187 1.3336
v  1.0342 0.3752 1.3223
v  1.0342 0.4317 1.3336
v  1.0342 0.4796 1.3656
v  1.0342 0.5116 1.4135
v  1.0342 0.5229 1.4700
v  1.0342 0.5116 1.5266
v  1.0342 0.4796 1.5745
v  1.0342 0.4317 1.6065
v  1.0342 0.3739 1.6255
v  1.0342 0.3252 1.6031
v  1.0342 0.2797 1.5876
v  1.0342 0.2387 1.5266
v  1.0350 0.2603 1.3387
v  1.0350 0.2039 1.3380
v  1.0350 0.2109 1.4015
v  1.0350 0.1647 1.4033
v  1.0350 0.3869 1.3081
v  1.0350 0.4608 1.3148
v  1.0350 0.4421 1.2555
v  1.0350 0.3724 1.2499
v  1.0350 0.5348 1.4202
v  1.0350 0.5529 1.4995
v  1.0350 0.5799 1.3890
v  1.0350 0.5961 1.4683
v  1.0350 0.4735 1.6005
v  1.0350 0.4134 1.6449
v  1.0350 0.4429 1.6672
v  1.0350 0.5152 1.6316
v  1.0350 0.2175 1.5248
v  1.0350 0.2680 1.5981
v  1.0350 0.2011 1.5778
v  1.0350 0.2539 1.6348
v  1.0350 0.4429 1.6785
v  1.0350 0.5310 1.6338
v  1.0350 0.6073 1.4758
v  1.0350 0.5850 1.3731
v  1.0350 0.3598 1.2366
v  1.0350 0.4530 1.2454
v  1.0350 0.1947 1.3261
v  1.0350 0.1506 1.4114
v  1.0350 0.1858 1.5850
v  1.0350 0.2553 1.6520
v  1.0193 0.5652 1.3458
v  1.0193 0.5212 1.3800
v  1.0193 0.4975 1.3563
v  1.0193 0.4804 1.3075
v  1.0193 0.4725 1.2785
v  1.0193 0.4883 1.2693
v  1.0193 0.5753 1.5025
v  1.0193 0.5917 1.5156
v  1.0193 0.5476 1.5156
v  1.0193 0.5239 1.5407
v  1.0193 0.5028 1.5697
v  1.0193 0.5453 1.6042
v  1.0193 0.2882 1.6651
v  1.0193 0.3077 1.6168
v  1.0193 0.3283 1.6216
v  1.0193 0.3744 1.6404
v  1.0193 0.4016 1.6559
v  1.0193 0.4011 1.6796
v  1.0193 0.1992 1.5468
v  1.0193 0.1770 1.5569
v  1.0193 0.2104 1.5085
v  1.0193 0.2141 1.4689
v  1.0193 0.2079 1.4478
v  1.0193 0.1558 1.4461
v  1.0193 0.2218 1.3030
v  1.0193 0.2775 1.3136
v  1.0193 0.3271 1.3081
v  1.0193 0.3381 1.2986
v  1.0193 0.3326 1.2709
v  1.0193 0.3136 1.2475
v  1.0192 0.3795 1.2221
v  1.0192 0.3795 1.2580
v  1.0192 0.4193 1.2620
v  1.0192 0.4263 1.2268
v  0.7143 0.3795 1.2221
v  0.7143 0.4193 1.2620
v  0.7143 0.3795 1.2580
v  0.7143 0.4263 1.2268
v  1.0192 0.4577 1.2736
v  1.0192 0.4714 1.2404
v  0.7143 0.4577 1.2736
v  0.7143 0.4714 1.2404
v  1.0192 0.4930 1.2925
v  1.0192 0.5129 1.2626
v  0.7143 0.4930 1.2925
v  0.7143 0.5129 1.2626
v  1.0192 0.5240 1.3179
v  1.0192 0.5493 1.2925
v  0.7143 0.5240 1.3179
v  0.7143 0.5493 1.2925
v  1.0192 0.5494 1.3489
v  1.0192 0.5792 1.3289
v  0.7143 0.5494 1.3489
v  0.7143 0.5792 1.3289
v  1.0192 0.5683 1.3842
v  1.0192 0.6014 1.3705
v  0.7143 0.5683 1.3842
v  0.7143 0.6014 1.3705
v  1.0192 0.5799 1.4225
v  1.0192 0.6151 1.4155
v  0.7143 0.5799 1.4225
v  0.7143 0.6151 1.4155
v  1.0192 0.5838 1.4624
v  1.0192 0.6197 1.4624
v  0.7143 0.5838 1.4624
v  0.7143 0.6197 1.4624
v  1.0192 0.5799 1.5023
v  1.0192 0.6151 1.5093
v  0.7143 0.5799 1.5023
v  0.7143 0.6151 1.5093
v  1.0192 0.5683 1.5406
v  1.0192 0.6014 1.5543
v  0.7143 0.5683 1.5406
v  0.7143 0.6014 1.5543
v  1.0192 0.5494 1.5759
v  1.0192 0.5792 1.5959
v  0.7143 0.5494 1.5759
v  0.7143 0.5792 1.5959
v  1.0192 0.5240 1.6069
v  1.0192 0.5493 1.6323
v  0.7143 0.5240 1.6069
v  0.7143 0.5493 1.6323
v  1.0192 0.4930 1.6323
v  1.0192 0.5129 1.6622
v  0.7143 0.4930 1.6323
v  0.7143 0.5129 1.6622
v  1.0192 0.4577 1.6512
v  1.0192 0.4714 1.6844
v  0.7143 0.4577 1.6512
v  0.7143 0.4714 1.6844
v  1.0192 0.4193 1.6628
v  1.0192 0.4263 1.6980
v  0.7143 0.4193 1.6628
v  0.7143 0.4263 1.6980
v  1.0192 0.3795 1.6667
v  1.0192 0.3795 1.7026
v  0.7143 0.3795 1.6667
v  0.7143 0.3795 1.7026
v  1.0192 0.3396 1.6628
v  1.0192 0.3326 1.6980
v  0.7143 0.3396 1.6628
v  0.7143 0.3326 1.6980
v  1.0192 0.3013 1.6512
v  1.0192 0.2875 1.6844
v  0.7143 0.3013 1.6512
v  0.7143 0.2875 1.6844
v  1.0192 0.2659 1.6323
v  1.0192 0.2460 1.6622
v  0.7143 0.2659 1.6323
v  0.7143 0.2460 1.6622
v  1.0192 0.2350 1.6069
v  1.0192 0.2096 1.6323
v  0.7143 0.2350 1.6069
v  0.7143 0.2096 1.6323
v  1.0192 0.2096 1.5759
v  1.0192 0.1797 1.5959
v  0.7143 0.2096 1.5759
v  0.7143 0.1797 1.5959
v  1.0192 0.1907 1.5406
v  1.0192 0.1575 1.5543
v  0.7143 0.1907 1.5406
v  0.7143 0.1575 1.5543
v  1.0192 0.1790 1.5023
v  1.0192 0.1438 1.5093
v  0.7143 0.1790 1.5023
v  0.7143 0.1438 1.5093
v  1.0192 0.1751 1.4624
v  1.0192 0.1392 1.4624
v  0.7143 0.1751 1.4624
v  0.7143 0.1392 1.4624
v  1.0192 0.1790 1.4225
v  1.0192 0.1438 1.4155
v  0.7143 0.1790 1.4225
v  0.7143 0.1438 1.4155
v  1.0192 0.1907 1.3842
v  1.0192 0.1575 1.3705
v  0.7143 0.1907 1.3842
v  0.7143 0.1575 1.3705
v  1.0192 0.2096 1.3489
v  1.0192 0.1797 1.3289
v  0.7143 0.2096 1.3489
v  0.7143 0.1797 1.3289
v  1.0192 0.2350 1.3179
v  1.0192 0.2096 1.2925
v  0.7143 0.2350 1.3179
v  0.7143 0.2096 1.2925
v  1.0192 0.2659 1.2925
v  1.0192 0.2460 1.2626
v  0.7143 0.2659 1.2925
v  0.7143 0.2460 1.2626
v  1.0192 0.3013 1.2736
v  1.0192 0.2875 1.2404
v  0.7143 0.3013 1.2736
v  0.7143 0.2875 1.2404
v  1.0192 0.3396 1.2620
v  1.0192 0.3326 1.2268
v  0.7143 0.3396 1.2620
v  0.7143 0.3326 1.2268
v  1.0389 0.3757 1.2012
v  1.0389 0.3757 1.2432
v  1.0389 0.4185 1.2474
v  1.0389 0.4267 1.2063
v  0.7186 0.3757 1.2012
v  0.7186 0.4185 1.2474
v  0.7186 0.3757 1.2432
v  0.7186 0.4267 1.2063
v  1.0389 0.4597 1.2599
v  1.0389 0.4758 1.2212
v  0.7186 0.4597 1.2599
v  0.7186 0.4758 1.2212
v  1.0389 0.4977 1.2802
v  1.0389 0.5210 1.2453
v  0.7186 0.4977 1.2802
v  0.7186 0.5210 1.2453
v  1.0389 0.5310 1.3075
v  1.0389 0.5607 1.2779
v  0.7186 0.5310 1.3075
v  0.7186 0.5607 1.2779
v  1.0389 0.5584 1.3408
v  1.0389 0.5932 1.3175
v  0.7186 0.5584 1.3408
v  0.7186 0.5932 1.3175
v  1.0389 0.5787 1.3788
v  1.0389 0.6174 1.3628
v  0.7186 0.5787 1.3788
v  0.7186 0.6174 1.3628
v  1.0389 0.5912 1.4200
v  1.0389 0.6323 1.4118
v  0.7186 0.5912 1.4200
v  0.7186 0.6323 1.4118
v  1.0389 0.5954 1.4629
v  1.0389 0.6373 1.4629
v  0.7186 0.5954 1.4629
v  0.7186 0.6373 1.4629
v  1.0389 0.5912 1.5058
v  1.0389 0.6323 1.5139
v  0.7186 0.5912 1.5058
v  0.7186 0.6323 1.5139
v  1.0389 0.5787 1.5470
v  1.0389 0.6174 1.5630
v  0.7186 0.5787 1.5470
v  0.7186 0.6174 1.5630
v  1.0389 0.5584 1.5850
v  1.0389 0.5932 1.6083
v  0.7186 0.5584 1.5850
v  0.7186 0.5932 1.6083
v  1.0389 0.5310 1.6182
v  1.0389 0.5607 1.6479
v  0.7186 0.5310 1.6182
v  0.7186 0.5607 1.6479
v  1.0389 0.4977 1.6456
v  1.0389 0.5210 1.6804
v  0.7186 0.4977 1.6456
v  0.7186 0.5210 1.6804
v  1.0389 0.4597 1.6659
v  1.0389 0.4758 1.7046
v  0.7186 0.4597 1.6659
v  0.7186 0.4758 1.7046
v  1.0389 0.4185 1.6784
v  1.0389 0.4267 1.7195
v  0.7186 0.4185 1.6784
v  0.7186 0.4267 1.7195
v  1.0389 0.3757 1.6826
v  1.0389 0.3757 1.7245
v  0.7186 0.3757 1.6826
v  0.7186 0.3757 1.7245
v  1.0389 0.3328 1.6784
v  1.0389 0.3246 1.7195
v  0.7186 0.3328 1.6784
v  0.7186 0.3246 1.7195
v  1.0389 0.2916 1.6659
v  1.0389 0.2755 1.7046
v  0.7186 0.2916 1.6659
v  0.7186 0.2755 1.7046
v  1.0389 0.2536 1.6456
v  1.0389 0.2303 1.6804
v  0.7186 0.2536 1.6456
v  0.7186 0.2303 1.6804
v  1.0389 0.2203 1.6182
v  1.0389 0.1907 1.6479
v  0.7186 0.2203 1.6182
v  0.7186 0.1907 1.6479
v  1.0389 0.1930 1.5850
v  1.0389 0.1581 1.6083
v  0.7186 0.1930 1.5850
v  0.7186 0.1581 1.6083
v  1.0389 0.1727 1.5470
v  1.0389 0.1339 1.5630
v  0.7186 0.1727 1.5470
v  0.7186 0.1339 1.5630
v  1.0389 0.1602 1.5058
v  1.0389 0.1191 1.5139
v  0.7186 0.1602 1.5058
v  0.7186 0.1191 1.5139
v  1.0389 0.1560 1.4629
v  1.0389 0.1140 1.4629
v  0.7186 0.1560 1.4629
v  0.7186 0.1140 1.4629
v  1.0389 0.1602 1.4200
v  1.0389 0.1191 1.4118
v  0.7186 0.1602 1.4200
v  0.7186 0.1191 1.4118
v  1.0389 0.1727 1.3788
v  1.0389 0.1339 1.3628
v  0.7186 0.1727 1.3788
v  0.7186 0.1339 1.3628
v  1.0389 0.1930 1.3408
v  1.0389 0.1581 1.3175
v  0.7186 0.1930 1.3408
v  0.7186 0.1581 1.3175
v  1.0389 0.2203 1.3075
v  1.0389 0.1907 1.2779
v  0.7186 0.2203 1.3075
v  0.7186 0.1907 1.2779
v  1.0389 0.2536 1.2802
v  1.0389 0.2303 1.2453
v  0.7186 0.2536 1.2802
v  0.7186 0.2303 1.2453
v  1.0389 0.2916 1.2599
v  1.0389 0.2755 1.2212
v  0.7186 0.2916 1.2599
v  0.7186 0.2755 1.2212
v  1.0389 0.3328 1.2474
v  1.0389 0.3246 1.2063
v  0.7186 0.3328 1.2474
v  0.7186 0.3246 1.2063
v  0.9947 0.4215 1.4699
v  1.0403 0.4215 1.4699
v  0.9947 0.4329 1.4502
v  1.0403 0.4329 1.4502
v  0.9947 0.4557 1.4502
v  1.0403 0.4557 1.4502
v  0.9947 0.4672 1.4699
v  1.0403 0.4672 1.4699
v  0.9947 0.4557 1.4897
v  1.0403 0.4557 1.4897
v  0.9947 0.4329 1.4897
v  1.0403 0.4329 1.4897
v  0.9947 0.4443 1.4699
v  1.0403 0.4443 1.4699
v  0.9947 0.3693 1.5390
v  1.0403 0.3693 1.5390
v  0.9947 0.3807 1.5193
v  1.0403 0.3807 1.5193
v  0.9947 0.4035 1.5193
v  1.0403 0.4035 1.5193
v  0.9947 0.4149 1.5390
v  1.0403 0.4149 1.5390
v  0.9947 0.4035 1.5588
v  1.0403 0.4035 1.5588
v  0.9947 0.3807 1.5588
v  1.0403 0.3807 1.5588
v  0.9947 0.3921 1.5390
v  1.0403 0.3921 1.5390
v  0.9947 0.2896 1.5097
v  1.0403 0.2896 1.5097
v  0.9947 0.3010 1.4900
v  1.0403 0.3010 1.4900
v  0.9947 0.3238 1.4900
v  1.0403 0.3238 1.4900
v  0.9947 0.3352 1.5097
v  1.0403 0.3352 1.5097
v  0.9947 0.3238 1.5295
v  1.0403 0.3238 1.5295
v  0.9947 0.3010 1.5295
v  1.0403 0.3010 1.5295
v  0.9947 0.3124 1.5097
v  1.0403 0.3124 1.5097
v  0.9947 0.2943 1.4238
v  1.0403 0.2943 1.4238
v  0.9947 0.3057 1.4041
v  1.0403 0.3057 1.4041
v  0.9947 0.3286 1.4041
v  1.0403 0.3286 1.4041
v  0.9947 0.3400 1.4238
v  1.0403 0.3400 1.4238
v  0.9947 0.3286 1.4436
v  1.0403 0.3286 1.4436
v  0.9947 0.3057 1.4436
v  1.0403 0.3057 1.4436
v  0.9947 0.3172 1.4238
v  1.0403 0.3172 1.4238
v  0.9947 0.3787 1.4031
v  1.0403 0.3787 1.4031
v  0.9947 0.3901 1.3834
v  1.0403 0.3901 1.3834
v  0.9947 0.4129 1.3834
v  1.0403 0.4129 1.3834
v  0.9947 0.4243 1.4031
v  1.0403 0.4243 1.4031
v  0.9947 0.4129 1.4229
v  1.0403 0.4129 1.4229
v  0.9947 0.3901 1.4229
v  1.0403 0.3901 1.4229
v  0.9947 0.4015 1.4031
v  1.0403 0.4015 1.4031
v  0.9433 0.1958 1.4722
v  0.9621 0.1958 1.4722
v  0.9433 0.2092 1.4046
v  0.9621 0.2092 1.4046
v  0.9433 0.2475 1.3473
v  0.9621 0.2475 1.3473
v  0.9433 0.3047 1.3091
v  0.9621 0.3047 1.3091
v  0.9433 0.3723 1.2956
v  0.9621 0.3723 1.2956
v  0.9433 0.4399 1.3091
v  0.9621 0.4399 1.3091
v  0.9433 0.4972 1.3473
v  0.9621 0.4972 1.3473
v  0.9433 0.5354 1.4046
v  0.9621 0.5354 1.4046
v  0.9433 0.5489 1.4722
v  0.9621 0.5489 1.4722
v  0.9433 0.5354 1.5397
v  0.9621 0.5354 1.5397
v  0.9433 0.4972 1.5970
v  0.9621 0.4972 1.5970
v  0.9433 0.4399 1.6353
v  0.9621 0.4399 1.6353
v  0.9433 0.3723 1.6487
v  0.9621 0.3723 1.6487
v  0.9433 0.3047 1.6353
v  0.9621 0.3047 1.6353
v  0.9433 0.2475 1.5970
v  0.9621 0.2475 1.5970
v  0.9433 0.2092 1.5397
v  0.9621 0.2092 1.5397
v  0.9433 0.3723 1.4722
v  0.9621 0.3723 1.4722
v  1.0378 0.3761 1.0863
v  1.0378 0.3761 1.2044
v  1.0378 0.4265 1.2093
v  1.0378 0.4495 1.0935
v  0.7182 0.3761 1.0863
v  0.7182 0.4265 1.2093
v  0.7182 0.3761 1.2044
v  0.7182 0.4495 1.0935
v  1.0378 0.4749 1.2240
v  1.0378 0.5201 1.1149
v  0.7182 0.4749 1.2240
v  0.7182 0.5201 1.1149
v  1.0378 0.5195 1.2479
v  1.0378 0.5851 1.1496
v  0.7182 0.5195 1.2479
v  0.7182 0.5851 1.1496
v  1.0378 0.5586 1.2799
v  1.0378 0.6421 1.1964
v  0.7182 0.5586 1.2799
v  0.7182 0.6421 1.1964
v  1.0378 0.5907 1.3190
v  1.0378 0.6889 1.2534
v  0.7182 0.5907 1.3190
v  0.7182 0.6889 1.2534
v  1.0378 0.6145 1.3637
v  1.0378 0.7236 1.3185
v  0.7182 0.6145 1.3637
v  0.7182 0.7236 1.3185
v  1.0378 0.6292 1.4121
v  1.0378 0.7451 1.3890
v  0.7182 0.6292 1.4121
v  0.7182 0.7451 1.3890
v  1.0378 0.6342 1.4624
v  1.0378 0.7523 1.4624
v  0.7182 0.6342 1.4624
v  0.7182 0.7523 1.4624
v  1.0378 0.6292 1.5127
v  1.0378 0.7451 1.5358
v  0.7182 0.6292 1.5127
v  0.7182 0.7451 1.5358
v  1.0378 0.6145 1.5611
v  1.0378 0.7236 1.6063
v  0.7182 0.6145 1.5611
v  0.7182 0.7236 1.6063
v  1.0378 0.5907 1.6057
v  1.0378 0.6889 1.6714
v  0.7182 0.5907 1.6057
v  0.7182 0.6889 1.6714
v  1.0378 0.5586 1.6448
v  1.0378 0.6421 1.7284
v  0.7182 0.5586 1.6448
v  0.7182 0.6421 1.7284
v  1.0378 0.5195 1.6769
v  1.0378 0.5851 1.7751
v  0.7182 0.5195 1.6769
v  0.7182 0.5851 1.7751
v  1.0378 0.4749 1.7008
v  1.0378 0.5201 1.8099
v  0.7182 0.4749 1.7008
v  0.7182 0.5201 1.8099
v  1.0378 0.4265 1.7155
v  1.0378 0.4495 1.8313
v  0.7182 0.4265 1.7155
v  0.7182 0.4495 1.8313
v  1.0378 0.3761 1.7204
v  1.0378 0.3761 1.8385
v  0.7182 0.3761 1.7204
v  0.7182 0.3761 1.8385
v  1.0378 0.3258 1.7155
v  1.0378 0.3028 1.8313
v  0.7182 0.3258 1.7155
v  0.7182 0.3028 1.8313
v  1.0378 0.2774 1.7008
v  1.0378 0.2322 1.8099
v  0.7182 0.2774 1.7008
v  0.7182 0.2322 1.8099
v  1.0378 0.2328 1.6769
v  1.0378 0.1672 1.7751
v  0.7182 0.2328 1.6769
v  0.7182 0.1672 1.7751
v  1.0378 0.1937 1.6448
v  1.0378 0.1102 1.7284
v  0.7182 0.1937 1.6448
v  0.7182 0.1102 1.7284
v  1.0378 0.1616 1.6057
v  1.0378 0.0634 1.6714
v  0.7182 0.1616 1.6057
v  0.7182 0.0634 1.6714
v  1.0378 0.1378 1.5611
v  1.0378 0.0286 1.6063
v  0.7182 0.1378 1.5611
v  0.7182 0.0286 1.6063
v  1.0378 0.1231 1.5127
v  1.0378 0.0072 1.5358
v  0.7182 0.1231 1.5127
v  0.7182 0.0072 1.5358
v  1.0378 0.1181 1.4624
v  1.0378 0.0000 1.4624
v  0.7182 0.1181 1.4624
v  0.7182 0.0000 1.4624
v  1.0378 0.1231 1.4121
v  1.0378 0.0072 1.3890
v  0.7182 0.1231 1.4121
v  0.7182 0.0072 1.3890
v  1.0378 0.1378 1.3637
v  1.0378 0.0286 1.3185
v  0.7182 0.1378 1.3637
v  0.7182 0.0286 1.3185
v  1.0378 0.1616 1.3190
v  1.0378 0.0634 1.2534
v  0.7182 0.1616 1.3190
v  0.7182 0.0634 1.2534
v  1.0378 0.1937 1.2799
v  1.0378 0.1102 1.1964
v  0.7182 0.1937 1.2799
v  0.7182 0.1102 1.1964
v  1.0378 0.2328 1.2479
v  1.0378 0.1672 1.1496
v  0.7182 0.2328 1.2479
v  0.7182 0.1672 1.1496
v  1.0378 0.2774 1.2240
v  1.0378 0.2322 1.1149
v  0.7182 0.2774 1.2240
v  0.7182 0.2322 1.1149
v  1.0378 0.3258 1.2093
v  1.0378 0.3028 1.0935
v  0.7182 0.3258 1.2093
v  0.7182 0.3028 1.0935
v  1.0175 0.1635 1.4745
v  1.0195 0.1593 1.4810
v  1.0473 0.1741 1.4810
v  1.0456 0.1775 1.4758
v  1.0142 0.1703 1.4770
v  1.0429 0.1831 1.4778
v  1.0142 0.1703 1.4850
v  1.0429 0.1831 1.4843
v  1.0175 0.1635 1.4875
v  1.0456 0.1775 1.4863
v  1.0166 0.1654 1.4810
v  1.0449 0.1790 1.4810
# 577 vertices

vn 0.9962 -0.0330 0.0809
vn 1.0000 0.0046 -0.0010
vn 1.0000 0.0000 -0.0000
vn 0.9999 0.0121 0.0119
vn 1.0000 0.0025 0.0037
vn 0.9908 -0.0947 -0.0962
vn 0.9998 -0.0042 0.0187
vn 1.0000 -0.0026 0.0039
vn 0.9999 -0.0106 0.0021
vn 0.9998 -0.0178 0.0025
vn 1.0000 -0.0051 -0.0010
vn 1.0000 -0.0053 -0.0079
vn 0.9998 -0.0111 -0.0170
vn 1.0000 -0.0020 -0.0061
vn 0.9947 0.0877 0.0542
vn 0.9997 0.0224 -0.0117
vn 0.9998 0.0146 0.0160
vn 0.9892 -0.0151 0.1455
vn 0.9939 -0.1103 0.0006
vn 0.9998 -0.0067 0.0168
vn 0.9898 -0.1255 0.0669
vn 0.9998 -0.0188 0.0039
vn 0.9999 -0.0163 -0.0005
vn 0.9997 -0.0139 -0.0204
vn 0.9998 -0.0074 -0.0165
vn 0.9995 0.0286 -0.0114
vn 0.9884 0.1371 0.0653
vn 0.9872 0.1557 0.0335
vn 0.9321 -0.2623 -0.2497
vn 0.9260 -0.2847 -0.2478
vn 0.8670 -0.4739 -0.1543
vn 0.9458 0.0655 -0.3181
vn 0.9091 0.1990 -0.3661
vn 0.9376 -0.0830 -0.3376
vn 0.8244 0.5000 -0.2653
vn 0.8046 0.5313 -0.2651
vn 0.7992 0.5743 -0.1775
vn 0.8026 0.5682 -0.1818
vn 0.8099 0.5614 -0.1701
vn 0.8145 0.5532 -0.1747
vn 0.9308 0.2319 0.2827
vn 0.9132 0.2053 0.3519
vn 0.9197 0.2143 0.3291
vn 0.9353 0.2402 0.2599
vn 0.9317 -0.2086 0.2973
vn 0.9331 -0.2202 0.2842
vn 0.9335 -0.2240 0.2798
vn 0.9309 -0.2030 0.3036
vn 0.7025 0.4168 0.5770
vn 0.6286 0.3950 0.6699
vn 0.6766 0.3927 0.6229
vn 0.6269 0.4180 0.6575
vn 0.7481 0.4938 0.4434
vn 0.7718 0.4981 0.3952
vn 0.8093 0.5543 0.1943
vn 0.7562 0.5570 0.3435
vn 0.8270 0.5525 0.1039
vn 0.9379 0.2188 -0.2692
vn 0.9349 0.2187 -0.2795
vn 0.9299 0.1881 -0.3160
vn 0.9230 0.1653 -0.3475
vn 0.8940 0.0627 -0.4437
vn 0.8962 0.4421 -0.0368
vn 0.9341 0.3445 0.0934
vn 0.9407 0.3078 0.1423
vn 0.7805 -0.2020 0.5916
vn 0.7717 -0.1804 0.6099
vn 0.7514 -0.2136 0.6243
vn 0.7427 -0.2160 0.6338
vn 0.6778 -0.3260 0.6590
vn 0.6656 -0.3230 0.6728
vn 0.7045 -0.3778 0.6009
vn 0.7012 -0.3926 0.5952
vn 0.7114 -0.4249 0.5598
vn 0.9354 -0.3536 -0.0072
vn 0.9355 -0.3533 -0.0058
vn 0.9360 -0.3520 -0.0008
vn 0.9362 -0.3513 0.0017
vn 0.8801 -0.1986 -0.4313
vn 0.8808 -0.1966 -0.4308
vn 0.8794 -0.2006 -0.4317
vn 0.8785 -0.2034 -0.4323
vn 0.5758 -0.7823 -0.2377
vn 0.5721 -0.7838 -0.2416
vn 0.5681 -0.7968 -0.2058
vn 0.5628 -0.8113 -0.1584
vn 0.6249 -0.7736 -0.1046
vn 0.6392 -0.7636 -0.0914
vn 0.6387 -0.7606 -0.1167
vn 0.9549 -0.2030 0.2166
vn 0.9257 -0.3628 0.1067
vn 0.9386 0.0426 0.3425
vn 0.9301 0.0813 0.3581
vn 0.9009 0.2173 0.3757
vn 0.9153 0.3178 -0.2475
vn 0.9006 0.0345 -0.4332
vn 0.9134 0.0050 -0.4071
vn 0.8739 0.0293 -0.4852
vn 0.8541 0.0052 -0.5200
vn 0.8468 -0.0706 -0.5273
vn 0.8838 -0.1221 -0.4517
vn 0.9573 -0.2716 -0.0992
vn 0.9457 -0.2927 0.1414
vn 0.9404 -0.2593 0.2201
vn 0.9340 -0.2587 0.2464
vn -1.0000 0.0000 -0.0000
vn 0.0000 -0.1951 0.9808
vn -0.0000 0.0000 1.0000
vn 0.0000 0.1951 -0.9808
vn 0.0000 -0.0000 -1.0000
vn 0.0000 -0.3827 0.9239
vn 0.0000 0.3827 -0.9239
vn -0.0000 -0.5556 0.8315
vn 0.0000 0.5556 -0.8315
vn -0.0000 -0.7071 0.7071
vn 0.0000 0.7071 -0.7071
vn -0.0000 -0.8315 0.5556
vn 0.0000 0.8315 -0.5556
vn -0.0000 -0.9239 0.3827
vn 0.0000 0.9239 -0.3827
vn 0.0000 -0.9808 0.1951
vn -0.0000 0.9808 -0.1951
vn 0.0000 -1.0000 0.0000
vn 0.0000 1.0000 -0.0000
vn -0.0000 -0.9808 -0.1951
vn 0.0000 0.9808 0.1951
vn -0.0000 -0.9239 -0.3827
vn 0.0000 0.9239 0.3827
vn -0.0000 -0.8315 -0.5556
vn 0.0000 0.8315 0.5556
vn -0.0000 -0.7071 -0.7071
vn 0.0000 0.7071 0.7071
vn -0.0000 -0.5556 -0.8315
vn 0.0000 0.5556 0.8315
vn 0.0000 -0.3827 -0.9239
vn -0.0000 0.3827 0.9239
vn -0.0000 -0.1951 -0.9808
vn -0.0000 0.1951 0.9808
vn 0.0000 -0.8660 -0.5000
vn -0.0000 0.8660 -0.5000
vn -0.0000 0.8660 0.5000
vn 0.0000 0.0000 1.0000
vn -0.0000 -0.8660 0.5000
vn 0.0000 -0.8315 -0.5556
vn 0.0000 -0.5556 -0.8315
vn 0.0000 -0.1951 -0.9808
vn 0.0000 0.9808 -0.1951
vn 0.0000 0.1951 0.9808
vn 0.0000 -0.5556 0.8315
vn 0.0000 -0.7071 0.7071
vn -0.0000 0.7071 -0.7071
vn 0.0000 -0.8315 0.5556
vn -0.0000 -0.9808 0.1951
vn -0.0000 -1.0000 0.0000
vn 0.0000 -0.9808 -0.1951
vn 0.0000 -0.7071 -0.7071
vn -0.0000 0.5556 0.8315
vn -0.0000 -0.3827 -0.9239
vn 0.0000 0.3827 0.9239
vn 0.3815 -0.7137 -0.5874
vn -0.1042 0.2924 -0.9506
vn -0.4053 0.9142 -0.0000
vn -0.1055 0.2921 0.9506
vn 0.3808 -0.7141 0.5874
vn -0.9005 -0.4350 0.0000
vn 0.9004 0.4350 0.0001
# 166 vertex normals

vt 0.0000 0.0000 0.0000
# 1 texture coords

g wheel_rf_002
usemtl Material_26
s off
f 7175/24/7480 7174/24/7479 7173/24/7478 
f 7175/24/7480 7173/24/7478 7176/24/7481 
f 7175/24/7480 7176/24/7481 7177/24/7482 
f 7175/24/7480 7177/24/7482 7178/24/7483 
f 7179/24/7484 7175/24/7480 7178/24/7483 
f 7180/24/7485 7175/24/7480 7179/24/7484 
f 7181/24/7486 7175/24/7480 7180/24/7485 
f 7182/24/7487 7175/24/7480 7181/24/7486 
f 7182/24/7487 7183/24/7488 7175/24/7480 
f 7183/24/7488 7184/24/7489 7175/24/7480 
f 7184/24/7489 7185/24/7490 7175/24/7480 
f 7185/24/7490 7186/24/7491 7175/24/7480 
f 7186/24/7491 7187/24/7480 7175/24/7480 
f 7187/24/7480 7188/24/7492 7175/24/7480 
f 7188/24/7492 7189/24/7493 7175/24/7480 
f 7175/24/7480 7189/24/7493 7174/24/7479 
f 7176/24/7481 7190/24/7494 7177/24/7482 
f 7190/24/7494 7192/24/7495 7191/24/7480 
f 7192/24/7495 7193/24/7480 7191/24/7480 
f 7173/24/7478 7192/24/7495 7176/24/7481 
f 7176/24/7481 7192/24/7495 7190/24/7494 
f 7179/24/7484 7178/24/7483 7194/24/7496 
f 7180/24/7485 7179/24/7484 7195/24/7497 
f 7195/24/7497 7179/24/7484 7194/24/7496 
f 7195/24/7497 7194/24/7496 7196/24/7480 
f 7196/24/7480 7194/24/7496 7197/24/7498 
f 7198/24/7499 7182/24/7487 7181/24/7486 
f 7199/24/7500 7183/24/7488 7182/24/7487 
f 7199/24/7500 7182/24/7487 7198/24/7499 
f 7201/24/7480 7199/24/7500 7200/24/7480 
f 7199/24/7500 7198/24/7499 7200/24/7480 
f 7202/24/7501 7185/24/7490 7184/24/7489 
f 7203/24/7502 7186/24/7491 7185/24/7490 
f 7203/24/7502 7185/24/7490 7202/24/7501 
f 7204/24/7480 7203/24/7502 7202/24/7501 
f 7205/24/7480 7204/24/7480 7202/24/7501 
f 7189/24/7493 7206/24/7503 7174/24/7479 
f 7189/24/7493 7207/24/7504 7206/24/7503 
f 7188/24/7492 7207/24/7504 7189/24/7493 
f 7209/24/7505 7208/24/7480 7206/24/7503 
f 7207/24/7504 7209/24/7505 7206/24/7503 
f 7211/24/7480 7210/24/7480 7205/24/7480 
f 7210/24/7480 7204/24/7480 7205/24/7480 
f 7212/24/7480 7201/24/7480 7200/24/7480 
f 7212/24/7480 7200/24/7480 7213/24/7480 
f 7215/24/7480 7196/24/7480 7214/24/7480 
f 7196/24/7480 7197/24/7498 7214/24/7480 
f 7191/24/7480 7217/24/7480 7216/24/7480 
f 7193/24/7480 7217/24/7480 7191/24/7480 
f 7219/24/7480 7218/24/7480 7208/24/7480 
f 7209/24/7505 7219/24/7480 7208/24/7480 
f 7213/24/7508 7200/24/7507 7220/24/7506 
f 7200/24/7507 7221/24/7509 7220/24/7506 
f 7198/24/7511 7181/24/7510 7221/24/7509 
f 7221/24/7509 7181/24/7510 7222/24/7512 
f 7181/24/7510 7180/24/7513 7222/24/7512 
f 7222/24/7512 7180/24/7513 7223/24/7514 
f 7180/24/7513 7195/24/7515 7223/24/7514 
f 7223/24/7514 7195/24/7515 7224/24/7516 
f 7224/24/7516 7195/24/7515 7196/24/7517 
f 7225/24/7520 7224/24/7519 7196/24/7518 
f 7225/24/7520 7196/24/7518 7215/24/7521 
f 7227/24/7524 7226/24/7523 7212/24/7522 
f 7212/24/7522 7226/24/7523 7201/24/7525 
f 7226/24/7528 7199/24/7527 7201/24/7526 
f 7228/24/7529 7199/24/7527 7226/24/7528 
f 7229/24/7531 7183/24/7530 7228/24/7529 
f 7228/24/7529 7183/24/7530 7199/24/7527 
f 7230/24/7533 7184/24/7532 7229/24/7531 
f 7229/24/7531 7184/24/7532 7183/24/7530 
f 7202/24/7534 7184/24/7532 7230/24/7533 
f 7231/24/7537 7202/24/7536 7230/24/7535 
f 7231/24/7537 7205/24/7538 7202/24/7536 
f 7211/24/7539 7205/24/7538 7231/24/7537 
f 7232/24/7541 7219/24/7540 7209/24/7505 
f 7232/24/7541 7209/24/7505 7233/24/7542 
f 7233/24/7542 7209/24/7505 7207/24/7504 
f 7233/24/7542 7207/24/7504 7188/24/7492 
f 7187/24/7545 7233/24/7544 7188/24/7543 
f 7234/24/7546 7233/24/7544 7187/24/7545 
f 7235/24/7547 7234/24/7546 7187/24/7545 
f 7187/24/7545 7186/24/7548 7235/24/7547 
f 7203/24/7550 7236/24/7549 7235/24/7547 
f 7235/24/7547 7186/24/7548 7203/24/7550 
f 7204/24/7551 7236/24/7549 7203/24/7550 
f 7204/24/7554 7237/24/7553 7236/24/7552 
f 7210/24/7555 7237/24/7553 7204/24/7554 
f 7218/24/7558 7239/24/7557 7238/24/7556 
f 7208/24/7559 7218/24/7558 7238/24/7556 
f 7206/24/7562 7208/24/7561 7238/24/7560 
f 7240/24/7563 7206/24/7562 7238/24/7560 
f 7174/24/7564 7206/24/7562 7240/24/7563 
f 7241/24/7565 7174/24/7564 7240/24/7563 
f 7173/24/7566 7174/24/7564 7241/24/7565 
f 7241/24/7568 7242/24/7567 7173/24/7478 
f 7173/24/7478 7242/24/7567 7192/24/7495 
f 7242/24/7567 7243/24/7569 7192/24/7495 
f 7243/24/7569 7193/24/7570 7192/24/7495 
f 7243/24/7569 7217/24/7571 7193/24/7570 
f 7191/24/7572 7216/24/7572 7244/24/7572 
f 7190/24/7575 7191/24/7574 7244/24/7573 
f 7245/24/7576 7190/24/7575 7244/24/7573 
f 7177/24/7577 7190/24/7575 7245/24/7576 
f 7177/24/7577 7245/24/7576 7246/24/7578 
f 7178/24/7483 7177/24/7577 7246/24/7578 
f 7178/24/7483 7246/24/7578 7247/24/7579 
f 7194/24/7496 7178/24/7483 7247/24/7579 
f 7194/24/7496 7247/24/7579 7248/24/7580 
f 7194/24/7496 7248/24/7580 7197/24/7498 
f 7197/24/7498 7248/24/7580 7249/24/7581 
f 7197/24/7498 7249/24/7581 7214/24/7582 
f 7200/24/7507 7198/24/7511 7221/24/7509 
f 7252/24/7480 7251/24/7480 7250/24/7480 
f 7253/24/7480 7252/24/7480 7250/24/7480 
f 7256/24/7583 7255/24/7583 7254/24/7583 
f 7255/24/7583 7257/24/7583 7254/24/7583 
f 7258/24/7480 7252/24/7480 7253/24/7480 
f 7259/24/7480 7258/24/7480 7253/24/7480 
f 7255/24/7583 7260/24/7583 7257/24/7583 
f 7260/24/7583 7261/24/7583 7257/24/7583 
f 7262/24/7480 7258/24/7480 7259/24/7480 
f 7263/24/7480 7262/24/7480 7259/24/7480 
f 7260/24/7583 7264/24/7583 7261/24/7583 
f 7264/24/7583 7265/24/7583 7261/24/7583 
f 7266/24/7480 7262/24/7480 7263/24/7480 
f 7267/24/7480 7266/24/7480 7263/24/7480 
f 7264/24/7583 7268/24/7583 7265/24/7583 
f 7268/24/7583 7269/24/7583 7265/24/7583 
f 7270/24/7480 7266/24/7480 7267/24/7480 
f 7271/24/7480 7270/24/7480 7267/24/7480 
f 7268/24/7583 7272/24/7583 7269/24/7583 
f 7272/24/7583 7273/24/7583 7269/24/7583 
f 7274/24/7480 7270/24/7480 7271/24/7480 
f 7275/24/7480 7274/24/7480 7271/24/7480 
f 7272/24/7583 7276/24/7583 7273/24/7583 
f 7276/24/7583 7277/24/7583 7273/24/7583 
f 7278/24/7480 7274/24/7480 7275/24/7480 
f 7279/24/7480 7278/24/7480 7275/24/7480 
f 7276/24/7583 7280/24/7583 7277/24/7583 
f 7280/24/7583 7281/24/7583 7277/24/7583 
f 7282/24/7480 7278/24/7480 7279/24/7480 
f 7283/24/7480 7282/24/7480 7279/24/7480 
f 7280/24/7583 7284/24/7583 7281/24/7583 
f 7284/24/7583 7285/24/7583 7281/24/7583 
f 7283/24/7480 7286/24/7480 7282/24/7480 
f 7287/24/7480 7286/24/7480 7283/24/7480 
f 7284/24/7583 7288/24/7583 7285/24/7583 
f 7288/24/7583 7289/24/7583 7285/24/7583 
f 7287/24/7480 7290/24/7480 7286/24/7480 
f 7291/24/7480 7290/24/7480 7287/24/7480 
f 7292/24/7583 7289/24/7583 7288/24/7583 
f 7292/24/7583 7293/24/7583 7289/24/7583 
f 7291/24/7480 7294/24/7480 7290/24/7480 
f 7295/24/7480 7294/24/7480 7291/24/7480 
f 7296/24/7583 7293/24/7583 7292/24/7583 
f 7296/24/7583 7297/24/7583 7293/24/7583 
f 7295/24/7480 7298/24/7480 7294/24/7480 
f 7299/24/7480 7298/24/7480 7295/24/7480 
f 7300/24/7583 7297/24/7583 7296/24/7583 
f 7300/24/7583 7301/24/7583 7297/24/7583 
f 7299/24/7480 7302/24/7480 7298/24/7480 
f 7303/24/7480 7302/24/7480 7299/24/7480 
f 7304/24/7583 7301/24/7583 7300/24/7583 
f 7304/24/7583 7305/24/7583 7301/24/7583 
f 7303/24/7480 7306/24/7480 7302/24/7480 
f 7303/24/7480 7307/24/7480 7306/24/7480 
f 7308/24/7583 7305/24/7583 7304/24/7583 
f 7309/24/7583 7305/24/7583 7308/24/7583 
f 7307/24/7480 7310/24/7480 7306/24/7480 
f 7307/24/7480 7311/24/7480 7310/24/7480 
f 7312/24/7583 7309/24/7583 7308/24/7583 
f 7313/24/7583 7309/24/7583 7312/24/7583 
f 7311/24/7480 7314/24/7480 7310/24/7480 
f 7311/24/7480 7315/24/7480 7314/24/7480 
f 7316/24/7583 7313/24/7583 7312/24/7583 
f 7317/24/7583 7313/24/7583 7316/24/7583 
f 7314/24/7480 7315/24/7480 7318/24/7480 
f 7315/24/7480 7319/24/7480 7318/24/7480 
f 7317/24/7583 7316/24/7583 7320/24/7583 
f 7321/24/7583 7317/24/7583 7320/24/7583 
f 7318/24/7480 7319/24/7480 7322/24/7480 
f 7319/24/7480 7323/24/7480 7322/24/7480 
f 7321/24/7583 7320/24/7583 7324/24/7583 
f 7325/24/7583 7321/24/7583 7324/24/7583 
f 7322/24/7480 7323/24/7480 7326/24/7480 
f 7323/24/7480 7327/24/7480 7326/24/7480 
f 7325/24/7583 7324/24/7583 7328/24/7583 
f 7329/24/7583 7325/24/7583 7328/24/7583 
f 7326/24/7480 7327/24/7480 7330/24/7480 
f 7327/24/7480 7331/24/7480 7330/24/7480 
f 7329/24/7583 7328/24/7583 7332/24/7583 
f 7333/24/7583 7329/24/7583 7332/24/7583 
f 7330/24/7480 7331/24/7480 7334/24/7480 
f 7331/24/7480 7335/24/7480 7334/24/7480 
f 7333/24/7583 7332/24/7583 7336/24/7583 
f 7337/24/7583 7333/24/7583 7336/24/7583 
f 7334/24/7480 7335/24/7480 7338/24/7480 
f 7335/24/7480 7339/24/7480 7338/24/7480 
f 7337/24/7583 7336/24/7583 7340/24/7583 
f 7341/24/7583 7337/24/7583 7340/24/7583 
f 7338/24/7480 7339/24/7480 7342/24/7480 
f 7339/24/7480 7343/24/7480 7342/24/7480 
f 7341/24/7583 7340/24/7583 7344/24/7583 
f 7345/24/7583 7341/24/7583 7344/24/7583 
f 7342/24/7480 7343/24/7480 7346/24/7480 
f 7346/24/7480 7343/24/7480 7347/24/7480 
f 7345/24/7583 7344/24/7583 7348/24/7583 
f 7349/24/7583 7345/24/7583 7348/24/7583 
f 7346/24/7480 7347/24/7480 7350/24/7480 
f 7350/24/7480 7347/24/7480 7351/24/7480 
f 7349/24/7583 7348/24/7583 7352/24/7583 
f 7349/24/7583 7352/24/7583 7353/24/7583 
f 7350/24/7480 7351/24/7480 7354/24/7480 
f 7354/24/7480 7351/24/7480 7355/24/7480 
f 7353/24/7583 7352/24/7583 7356/24/7583 
f 7353/24/7583 7356/24/7583 7357/24/7583 
f 7354/24/7480 7355/24/7480 7358/24/7480 
f 7358/24/7480 7355/24/7480 7359/24/7480 
f 7357/24/7583 7356/24/7583 7360/24/7583 
f 7357/24/7583 7360/24/7583 7361/24/7583 
f 7358/24/7480 7359/24/7480 7362/24/7480 
f 7362/24/7480 7359/24/7480 7363/24/7480 
f 7361/24/7583 7360/24/7583 7364/24/7583 
f 7361/24/7583 7364/24/7583 7365/24/7583 
f 7362/24/7480 7363/24/7480 7366/24/7480 
f 7366/24/7480 7363/24/7480 7367/24/7480 
f 7365/24/7583 7364/24/7583 7368/24/7583 
f 7365/24/7583 7368/24/7583 7369/24/7583 
f 7370/24/7480 7366/24/7480 7367/24/7480 
f 7370/24/7480 7367/24/7480 7371/24/7480 
f 7368/24/7583 7372/24/7583 7369/24/7583 
f 7369/24/7583 7372/24/7583 7373/24/7583 
f 7374/24/7480 7370/24/7480 7371/24/7480 
f 7374/24/7480 7371/24/7480 7375/24/7480 
f 7372/24/7583 7376/24/7583 7373/24/7583 
f 7373/24/7583 7376/24/7583 7377/24/7583 
f 7251/24/7480 7374/24/7480 7375/24/7480 
f 7251/24/7480 7375/24/7480 7250/24/7480 
f 7376/24/7583 7256/24/7583 7377/24/7583 
f 7377/24/7583 7256/24/7583 7254/24/7583 
f 7256/24/7585 7251/24/7585 7252/24/7584 
f 7255/24/7584 7256/24/7585 7252/24/7584 
f 7250/24/7587 7254/24/7587 7253/24/7586 
f 7253/24/7586 7254/24/7587 7257/24/7586 
f 7255/24/7584 7252/24/7584 7258/24/7588 
f 7260/24/7588 7255/24/7584 7258/24/7588 
f 7253/24/7586 7257/24/7586 7259/24/7589 
f 7259/24/7589 7257/24/7586 7261/24/7589 
f 7260/24/7588 7258/24/7588 7262/24/7590 
f 7264/24/7590 7260/24/7588 7262/24/7590 
f 7259/24/7589 7261/24/7589 7263/24/7591 
f 7263/24/7591 7261/24/7589 7265/24/7591 
f 7264/24/7590 7262/24/7590 7266/24/7592 
f 7268/24/7592 7264/24/7590 7266/24/7592 
f 7263/24/7591 7265/24/7591 7267/24/7593 
f 7267/24/7593 7265/24/7591 7269/24/7593 
f 7266/24/7592 7270/24/7594 7268/24/7592 
f 7268/24/7592 7270/24/7594 7272/24/7594 
f 7271/24/7595 7267/24/7593 7269/24/7593 
f 7273/24/7595 7271/24/7595 7269/24/7593 
f 7270/24/7594 7274/24/7596 7272/24/7594 
f 7272/24/7594 7274/24/7596 7276/24/7596 
f 7275/24/7597 7271/24/7595 7273/24/7595 
f 7277/24/7597 7275/24/7597 7273/24/7595 
f 7274/24/7596 7278/24/7598 7276/24/7596 
f 7276/24/7596 7278/24/7598 7280/24/7598 
f 7279/24/7599 7275/24/7597 7277/24/7597 
f 7281/24/7599 7279/24/7599 7277/24/7597 
f 7278/24/7598 7282/24/7600 7280/24/7598 
f 7282/24/7600 7284/24/7600 7280/24/7598 
f 7283/24/7601 7279/24/7599 7281/24/7599 
f 7285/24/7601 7283/24/7601 7281/24/7599 
f 7282/24/7600 7286/24/7602 7284/24/7600 
f 7284/24/7600 7286/24/7602 7288/24/7602 
f 7287/24/7603 7283/24/7601 7285/24/7601 
f 7289/24/7603 7287/24/7603 7285/24/7601 
f 7286/24/7602 7290/24/7604 7288/24/7602 
f 7288/24/7602 7290/24/7604 7292/24/7604 
f 7291/24/7605 7287/24/7603 7289/24/7603 
f 7293/24/7605 7291/24/7605 7289/24/7603 
f 7290/24/7604 7294/24/7606 7292/24/7604 
f 7292/24/7604 7294/24/7606 7296/24/7606 
f 7295/24/7607 7291/24/7605 7293/24/7605 
f 7297/24/7607 7295/24/7607 7293/24/7605 
f 7294/24/7606 7298/24/7608 7296/24/7606 
f 7296/24/7606 7298/24/7608 7300/24/7608 
f 7299/24/7609 7295/24/7607 7297/24/7607 
f 7301/24/7609 7299/24/7609 7297/24/7607 
f 7298/24/7608 7302/24/7610 7300/24/7608 
f 7302/24/7610 7304/24/7610 7300/24/7608 
f 7301/24/7609 7303/24/7611 7299/24/7609 
f 7305/24/7611 7303/24/7611 7301/24/7609 
f 7302/24/7610 7306/24/7612 7304/24/7610 
f 7306/24/7612 7308/24/7612 7304/24/7610 
f 7305/24/7611 7307/24/7613 7303/24/7611 
f 7309/24/7613 7307/24/7613 7305/24/7611 
f 7306/24/7612 7310/24/7614 7308/24/7612 
f 7310/24/7614 7312/24/7614 7308/24/7612 
f 7309/24/7613 7311/24/7615 7307/24/7613 
f 7313/24/7615 7311/24/7615 7309/24/7613 
f 7310/24/7614 7314/24/7587 7312/24/7614 
f 7314/24/7587 7316/24/7587 7312/24/7614 
f 7313/24/7615 7315/24/7585 7311/24/7615 
f 7317/24/7585 7315/24/7585 7313/24/7615 
f 7314/24/7587 7318/24/7586 7316/24/7587 
f 7318/24/7586 7320/24/7586 7316/24/7587 
f 7317/24/7585 7319/24/7584 7315/24/7585 
f 7321/24/7584 7319/24/7584 7317/24/7585 
f 7318/24/7586 7322/24/7589 7320/24/7586 
f 7322/24/7589 7324/24/7589 7320/24/7586 
f 7321/24/7584 7323/24/7588 7319/24/7584 
f 7325/24/7588 7323/24/7588 7321/24/7584 
f 7322/24/7589 7326/24/7591 7324/24/7589 
f 7326/24/7591 7328/24/7591 7324/24/7589 
f 7325/24/7588 7327/24/7590 7323/24/7588 
f 7329/24/7590 7327/24/7590 7325/24/7588 
f 7326/24/7591 7330/24/7593 7328/24/7591 
f 7330/24/7593 7332/24/7593 7328/24/7591 
f 7329/24/7590 7331/24/7592 7327/24/7590 
f 7333/24/7592 7331/24/7592 7329/24/7590 
f 7330/24/7593 7334/24/7595 7332/24/7593 
f 7332/24/7593 7334/24/7595 7336/24/7595 
f 7335/24/7594 7331/24/7592 7333/24/7592 
f 7337/24/7594 7335/24/7594 7333/24/7592 
f 7334/24/7595 7338/24/7597 7336/24/7595 
f 7336/24/7595 7338/24/7597 7340/24/7597 
f 7339/24/7596 7335/24/7594 7337/24/7594 
f 7341/24/7596 7339/24/7596 7337/24/7594 
f 7338/24/7597 7342/24/7599 7340/24/7597 
f 7340/24/7597 7342/24/7599 7344/24/7599 
f 7343/24/7598 7339/24/7596 7341/24/7596 
f 7345/24/7598 7343/24/7598 7341/24/7596 
f 7342/24/7599 7346/24/7601 7344/24/7599 
f 7344/24/7599 7346/24/7601 7348/24/7601 
f 7347/24/7600 7343/24/7598 7345/24/7598 
f 7349/24/7600 7347/24/7600 7345/24/7598 
f 7346/24/7601 7350/24/7603 7348/24/7601 
f 7348/24/7601 7350/24/7603 7352/24/7603 
f 7351/24/7602 7347/24/7600 7349/24/7600 
f 7351/24/7602 7349/24/7600 7353/24/7602 
f 7350/24/7603 7354/24/7605 7352/24/7603 
f 7352/24/7603 7354/24/7605 7356/24/7605 
f 7355/24/7604 7351/24/7602 7353/24/7602 
f 7357/24/7604 7355/24/7604 7353/24/7602 
f 7354/24/7605 7358/24/7607 7356/24/7605 
f 7356/24/7605 7358/24/7607 7360/24/7607 
f 7359/24/7606 7355/24/7604 7357/24/7604 
f 7361/24/7606 7359/24/7606 7357/24/7604 
f 7358/24/7607 7362/24/7609 7360/24/7607 
f 7360/24/7607 7362/24/7609 7364/24/7609 
f 7363/24/7608 7359/24/7606 7361/24/7606 
f 7365/24/7608 7363/24/7608 7361/24/7606 
f 7364/24/7609 7362/24/7609 7366/24/7611 
f 7368/24/7611 7364/24/7609 7366/24/7611 
f 7363/24/7608 7365/24/7608 7367/24/7610 
f 7367/24/7610 7365/24/7608 7369/24/7610 
f 7368/24/7611 7366/24/7611 7370/24/7613 
f 7372/24/7613 7368/24/7611 7370/24/7613 
f 7367/24/7610 7369/24/7610 7371/24/7612 
f 7371/24/7612 7369/24/7610 7373/24/7612 
f 7372/24/7613 7370/24/7613 7374/24/7615 
f 7376/24/7615 7372/24/7613 7374/24/7615 
f 7371/24/7612 7373/24/7612 7375/24/7614 
f 7375/24/7614 7373/24/7612 7377/24/7614 
f 7376/24/7615 7374/24/7615 7251/24/7585 
f 7256/24/7585 7376/24/7615 7251/24/7585 
f 7375/24/7614 7377/24/7614 7250/24/7587 
f 7250/24/7587 7377/24/7614 7254/24/7587 
f 7380/24/7480 7379/24/7480 7378/24/7480 
f 7381/24/7480 7380/24/7480 7378/24/7480 
f 7384/24/7583 7383/24/7583 7382/24/7583 
f 7383/24/7583 7385/24/7583 7382/24/7583 
f 7386/24/7480 7380/24/7480 7381/24/7480 
f 7387/24/7480 7386/24/7480 7381/24/7480 
f 7383/24/7583 7388/24/7583 7385/24/7583 
f 7388/24/7583 7389/24/7583 7385/24/7583 
f 7390/24/7480 7386/24/7480 7387/24/7480 
f 7391/24/7480 7390/24/7480 7387/24/7480 
f 7388/24/7583 7392/24/7583 7389/24/7583 
f 7392/24/7583 7393/24/7583 7389/24/7583 
f 7394/24/7480 7390/24/7480 7391/24/7480 
f 7395/24/7480 7394/24/7480 7391/24/7480 
f 7392/24/7583 7396/24/7583 7393/24/7583 
f 7396/24/7583 7397/24/7583 7393/24/7583 
f 7398/24/7480 7394/24/7480 7395/24/7480 
f 7399/24/7480 7398/24/7480 7395/24/7480 
f 7396/24/7583 7400/24/7583 7397/24/7583 
f 7400/24/7583 7401/24/7583 7397/24/7583 
f 7402/24/7480 7398/24/7480 7399/24/7480 
f 7403/24/7480 7402/24/7480 7399/24/7480 
f 7400/24/7583 7404/24/7583 7401/24/7583 
f 7404/24/7583 7405/24/7583 7401/24/7583 
f 7406/24/7480 7402/24/7480 7403/24/7480 
f 7407/24/7480 7406/24/7480 7403/24/7480 
f 7404/24/7583 7408/24/7583 7405/24/7583 
f 7408/24/7583 7409/24/7583 7405/24/7583 
f 7410/24/7480 7406/24/7480 7407/24/7480 
f 7411/24/7480 7410/24/7480 7407/24/7480 
f 7408/24/7583 7412/24/7583 7409/24/7583 
f 7412/24/7583 7413/24/7583 7409/24/7583 
f 7411/24/7480 7414/24/7480 7410/24/7480 
f 7415/24/7480 7414/24/7480 7411/24/7480 
f 7412/24/7583 7416/24/7583 7413/24/7583 
f 7416/24/7583 7417/24/7583 7413/24/7583 
f 7415/24/7480 7418/24/7480 7414/24/7480 
f 7419/24/7480 7418/24/7480 7415/24/7480 
f 7420/24/7583 7417/24/7583 7416/24/7583 
f 7420/24/7583 7421/24/7583 7417/24/7583 
f 7419/24/7480 7422/24/7480 7418/24/7480 
f 7423/24/7480 7422/24/7480 7419/24/7480 
f 7424/24/7583 7421/24/7583 7420/24/7583 
f 7424/24/7583 7425/24/7583 7421/24/7583 
f 7423/24/7480 7426/24/7480 7422/24/7480 
f 7427/24/7480 7426/24/7480 7423/24/7480 
f 7428/24/7583 7425/24/7583 7424/24/7583 
f 7428/24/7583 7429/24/7583 7425/24/7583 
f 7427/24/7480 7430/24/7480 7426/24/7480 
f 7427/24/7480 7431/24/7480 7430/24/7480 
f 7432/24/7583 7429/24/7583 7428/24/7583 
f 7433/24/7583 7429/24/7583 7432/24/7583 
f 7431/24/7480 7434/24/7480 7430/24/7480 
f 7431/24/7480 7435/24/7480 7434/24/7480 
f 7436/24/7583 7433/24/7583 7432/24/7583 
f 7437/24/7583 7433/24/7583 7436/24/7583 
f 7435/24/7480 7438/24/7480 7434/24/7480 
f 7435/24/7480 7439/24/7480 7438/24/7480 
f 7440/24/7583 7437/24/7583 7436/24/7583 
f 7441/24/7583 7437/24/7583 7440/24/7583 
f 7439/24/7480 7442/24/7480 7438/24/7480 
f 7439/24/7480 7443/24/7480 7442/24/7480 
f 7444/24/7583 7441/24/7583 7440/24/7583 
f 7445/24/7583 7441/24/7583 7444/24/7583 
f 7442/24/7480 7443/24/7480 7446/24/7480 
f 7443/24/7480 7447/24/7480 7446/24/7480 
f 7445/24/7583 7444/24/7583 7448/24/7583 
f 7449/24/7583 7445/24/7583 7448/24/7583 
f 7446/24/7480 7447/24/7480 7450/24/7480 
f 7447/24/7480 7451/24/7480 7450/24/7480 
f 7449/24/7583 7448/24/7583 7452/24/7583 
f 7453/24/7583 7449/24/7583 7452/24/7583 
f 7450/24/7480 7451/24/7480 7454/24/7480 
f 7451/24/7480 7455/24/7480 7454/24/7480 
f 7453/24/7583 7452/24/7583 7456/24/7583 
f 7457/24/7583 7453/24/7583 7456/24/7583 
f 7454/24/7480 7455/24/7480 7458/24/7480 
f 7455/24/7480 7459/24/7480 7458/24/7480 
f 7457/24/7583 7456/24/7583 7460/24/7583 
f 7461/24/7583 7457/24/7583 7460/24/7583 
f 7458/24/7480 7459/24/7480 7462/24/7480 
f 7459/24/7480 7463/24/7480 7462/24/7480 
f 7461/24/7583 7460/24/7583 7464/24/7583 
f 7465/24/7583 7461/24/7583 7464/24/7583 
f 7462/24/7480 7463/24/7480 7466/24/7480 
f 7463/24/7480 7467/24/7480 7466/24/7480 
f 7465/24/7583 7464/24/7583 7468/24/7583 
f 7469/24/7583 7465/24/7583 7468/24/7583 
f 7466/24/7480 7467/24/7480 7470/24/7480 
f 7467/24/7480 7471/24/7480 7470/24/7480 
f 7469/24/7583 7468/24/7583 7472/24/7583 
f 7473/24/7583 7469/24/7583 7472/24/7583 
f 7470/24/7480 7471/24/7480 7474/24/7480 
f 7474/24/7480 7471/24/7480 7475/24/7480 
f 7473/24/7583 7472/24/7583 7476/24/7583 
f 7477/24/7583 7473/24/7583 7476/24/7583 
f 7474/24/7480 7475/24/7480 7478/24/7480 
f 7478/24/7480 7475/24/7480 7479/24/7480 
f 7477/24/7583 7476/24/7583 7480/24/7583 
f 7477/24/7583 7480/24/7583 7481/24/7583 
f 7478/24/7480 7479/24/7480 7482/24/7480 
f 7482/24/7480 7479/24/7480 7483/24/7480 
f 7481/24/7583 7480/24/7583 7484/24/7583 
f 7481/24/7583 7484/24/7583 7485/24/7583 
f 7482/24/7480 7483/24/7480 7486/24/7480 
f 7486/24/7480 7483/24/7480 7487/24/7480 
f 7485/24/7583 7484/24/7583 7488/24/7583 
f 7485/24/7583 7488/24/7583 7489/24/7583 
f 7486/24/7480 7487/24/7480 7490/24/7480 
f 7490/24/7480 7487/24/7480 7491/24/7480 
f 7489/24/7583 7488/24/7583 7492/24/7583 
f 7489/24/7583 7492/24/7583 7493/24/7583 
f 7494/24/7480 7490/24/7480 7491/24/7480 
f 7494/24/7480 7491/24/7480 7495/24/7480 
f 7492/24/7583 7496/24/7583 7493/24/7583 
f 7493/24/7583 7496/24/7583 7497/24/7583 
f 7498/24/7480 7494/24/7480 7495/24/7480 
f 7498/24/7480 7495/24/7480 7499/24/7480 
f 7496/24/7583 7500/24/7583 7497/24/7583 
f 7497/24/7583 7500/24/7583 7501/24/7583 
f 7502/24/7480 7498/24/7480 7499/24/7480 
f 7502/24/7480 7499/24/7480 7503/24/7480 
f 7500/24/7583 7504/24/7583 7501/24/7583 
f 7501/24/7583 7504/24/7583 7505/24/7583 
f 7379/24/7480 7502/24/7480 7503/24/7480 
f 7379/24/7480 7503/24/7480 7378/24/7480 
f 7504/24/7583 7384/24/7583 7505/24/7583 
f 7505/24/7583 7384/24/7583 7382/24/7583 
f 7384/24/7585 7379/24/7585 7380/24/7584 
f 7383/24/7584 7384/24/7585 7380/24/7584 
f 7378/24/7587 7382/24/7587 7381/24/7586 
f 7381/24/7586 7382/24/7587 7385/24/7586 
f 7383/24/7584 7380/24/7584 7386/24/7588 
f 7388/24/7588 7383/24/7584 7386/24/7588 
f 7381/24/7586 7385/24/7586 7387/24/7589 
f 7387/24/7589 7385/24/7586 7389/24/7589 
f 7388/24/7588 7386/24/7588 7390/24/7590 
f 7392/24/7590 7388/24/7588 7390/24/7590 
f 7387/24/7589 7389/24/7589 7391/24/7591 
f 7391/24/7591 7389/24/7589 7393/24/7591 
f 7392/24/7590 7390/24/7590 7394/24/7592 
f 7396/24/7592 7392/24/7590 7394/24/7592 
f 7391/24/7591 7393/24/7591 7395/24/7593 
f 7395/24/7593 7393/24/7591 7397/24/7593 
f 7394/24/7592 7398/24/7594 7396/24/7592 
f 7396/24/7592 7398/24/7594 7400/24/7594 
f 7399/24/7595 7395/24/7593 7397/24/7593 
f 7401/24/7595 7399/24/7595 7397/24/7593 
f 7398/24/7594 7402/24/7596 7400/24/7594 
f 7400/24/7594 7402/24/7596 7404/24/7596 
f 7403/24/7597 7399/24/7595 7401/24/7595 
f 7405/24/7597 7403/24/7597 7401/24/7595 
f 7402/24/7596 7406/24/7598 7404/24/7596 
f 7404/24/7596 7406/24/7598 7408/24/7598 
f 7407/24/7599 7403/24/7597 7405/24/7597 
f 7409/24/7599 7407/24/7599 7405/24/7597 
f 7406/24/7598 7410/24/7600 7408/24/7598 
f 7410/24/7600 7412/24/7600 7408/24/7598 
f 7411/24/7601 7407/24/7599 7409/24/7599 
f 7413/24/7601 7411/24/7601 7409/24/7599 
f 7410/24/7600 7414/24/7602 7412/24/7600 
f 7412/24/7600 7414/24/7602 7416/24/7602 
f 7415/24/7603 7411/24/7601 7413/24/7601 
f 7417/24/7603 7415/24/7603 7413/24/7601 
f 7414/24/7602 7418/24/7604 7416/24/7602 
f 7416/24/7602 7418/24/7604 7420/24/7604 
f 7419/24/7605 7415/24/7603 7417/24/7603 
f 7421/24/7605 7419/24/7605 7417/24/7603 
f 7418/24/7604 7422/24/7606 7420/24/7604 
f 7420/24/7604 7422/24/7606 7424/24/7606 
f 7423/24/7607 7419/24/7605 7421/24/7605 
f 7425/24/7607 7423/24/7607 7421/24/7605 
f 7422/24/7606 7426/24/7608 7424/24/7606 
f 7424/24/7606 7426/24/7608 7428/24/7608 
f 7427/24/7609 7423/24/7607 7425/24/7607 
f 7429/24/7609 7427/24/7609 7425/24/7607 
f 7426/24/7608 7430/24/7610 7428/24/7608 
f 7430/24/7610 7432/24/7610 7428/24/7608 
f 7429/24/7609 7431/24/7611 7427/24/7609 
f 7433/24/7611 7431/24/7611 7429/24/7609 
f 7430/24/7610 7434/24/7612 7432/24/7610 
f 7434/24/7612 7436/24/7612 7432/24/7610 
f 7433/24/7611 7435/24/7613 7431/24/7611 
f 7437/24/7613 7435/24/7613 7433/24/7611 
f 7434/24/7612 7438/24/7614 7436/24/7612 
f 7438/24/7614 7440/24/7614 7436/24/7612 
f 7437/24/7613 7439/24/7615 7435/24/7613 
f 7441/24/7615 7439/24/7615 7437/24/7613 
f 7438/24/7614 7442/24/7587 7440/24/7614 
f 7442/24/7587 7444/24/7587 7440/24/7614 
f 7441/24/7615 7443/24/7585 7439/24/7615 
f 7445/24/7585 7443/24/7585 7441/24/7615 
f 7442/24/7587 7446/24/7586 7444/24/7587 
f 7446/24/7586 7448/24/7586 7444/24/7587 
f 7445/24/7585 7447/24/7584 7443/24/7585 
f 7449/24/7584 7447/24/7584 7445/24/7585 
f 7446/24/7586 7450/24/7589 7448/24/7586 
f 7450/24/7589 7452/24/7589 7448/24/7586 
f 7449/24/7584 7451/24/7588 7447/24/7584 
f 7453/24/7588 7451/24/7588 7449/24/7584 
f 7450/24/7589 7454/24/7591 7452/24/7589 
f 7454/24/7591 7456/24/7591 7452/24/7589 
f 7453/24/7588 7455/24/7590 7451/24/7588 
f 7457/24/7590 7455/24/7590 7453/24/7588 
f 7454/24/7591 7458/24/7593 7456/24/7591 
f 7458/24/7593 7460/24/7593 7456/24/7591 
f 7457/24/7590 7459/24/7592 7455/24/7590 
f 7461/24/7592 7459/24/7592 7457/24/7590 
f 7458/24/7593 7462/24/7595 7460/24/7593 
f 7460/24/7593 7462/24/7595 7464/24/7595 
f 7463/24/7594 7459/24/7592 7461/24/7592 
f 7465/24/7594 7463/24/7594 7461/24/7592 
f 7462/24/7595 7466/24/7597 7464/24/7595 
f 7464/24/7595 7466/24/7597 7468/24/7597 
f 7467/24/7596 7463/24/7594 7465/24/7594 
f 7469/24/7596 7467/24/7596 7465/24/7594 
f 7466/24/7597 7470/24/7599 7468/24/7597 
f 7468/24/7597 7470/24/7599 7472/24/7599 
f 7471/24/7598 7467/24/7596 7469/24/7596 
f 7473/24/7598 7471/24/7598 7469/24/7596 
f 7470/24/7599 7474/24/7601 7472/24/7599 
f 7472/24/7599 7474/24/7601 7476/24/7601 
f 7475/24/7600 7471/24/7598 7473/24/7598 
f 7477/24/7600 7475/24/7600 7473/24/7598 
f 7474/24/7601 7478/24/7603 7476/24/7601 
f 7476/24/7601 7478/24/7603 7480/24/7603 
f 7479/24/7602 7475/24/7600 7477/24/7600 
f 7479/24/7602 7477/24/7600 7481/24/7602 
f 7478/24/7603 7482/24/7605 7480/24/7603 
f 7480/24/7603 7482/24/7605 7484/24/7605 
f 7483/24/7604 7479/24/7602 7481/24/7602 
f 7485/24/7604 7483/24/7604 7481/24/7602 
f 7482/24/7605 7486/24/7607 7484/24/7605 
f 7484/24/7605 7486/24/7607 7488/24/7607 
f 7487/24/7606 7483/24/7604 7485/24/7604 
f 7489/24/7606 7487/24/7606 7485/24/7604 
f 7486/24/7607 7490/24/7609 7488/24/7607 
f 7488/24/7607 7490/24/7609 7492/24/7609 
f 7491/24/7608 7487/24/7606 7489/24/7606 
f 7493/24/7608 7491/24/7608 7489/24/7606 
f 7492/24/7609 7490/24/7609 7494/24/7611 
f 7496/24/7611 7492/24/7609 7494/24/7611 
f 7491/24/7608 7493/24/7608 7495/24/7610 
f 7495/24/7610 7493/24/7608 7497/24/7610 
f 7496/24/7611 7494/24/7611 7498/24/7613 
f 7500/24/7613 7496/24/7611 7498/24/7613 
f 7495/24/7610 7497/24/7610 7499/24/7612 
f 7499/24/7612 7497/24/7610 7501/24/7612 
f 7500/24/7613 7498/24/7613 7502/24/7615 
f 7504/24/7615 7500/24/7613 7502/24/7615 
f 7499/24/7612 7501/24/7612 7503/24/7614 
f 7503/24/7614 7501/24/7612 7505/24/7614 
f 7504/24/7615 7502/24/7615 7379/24/7585 
f 7384/24/7585 7504/24/7615 7379/24/7585 
f 7503/24/7614 7505/24/7614 7378/24/7587 
f 7378/24/7587 7505/24/7614 7382/24/7587 
usemtl Material_5
f 7508/24/7616 7507/24/7616 7506/24/7616 
f 7509/24/7616 7507/24/7616 7508/24/7616 
f 7509/24/7587 7508/24/7587 7510/24/7587 
f 7511/24/7587 7509/24/7587 7510/24/7587 
f 7512/24/7617 7511/24/7617 7510/24/7617 
f 7513/24/7617 7511/24/7617 7512/24/7617 
f 7514/24/7618 7513/24/7618 7512/24/7618 
f 7515/24/7618 7513/24/7618 7514/24/7618 
f 7514/24/7619 7516/24/7619 7515/24/7619 
f 7516/24/7619 7517/24/7619 7515/24/7619 
f 7506/24/7620 7517/24/7620 7516/24/7620 
f 7507/24/7620 7517/24/7620 7506/24/7620 
f 7506/24/7583 7518/24/7583 7508/24/7583 
f 7519/24/7480 7507/24/7480 7509/24/7480 
f 7508/24/7583 7518/24/7583 7510/24/7583 
f 7511/24/7480 7519/24/7480 7509/24/7480 
f 7518/24/7583 7512/24/7583 7510/24/7583 
f 7513/24/7480 7519/24/7480 7511/24/7480 
f 7518/24/7583 7514/24/7583 7512/24/7583 
f 7513/24/7480 7515/24/7480 7519/24/7480 
f 7516/24/7583 7514/24/7583 7518/24/7583 
f 7515/24/7480 7517/24/7480 7519/24/7480 
f 7506/24/7583 7516/24/7583 7518/24/7583 
f 7519/24/7480 7517/24/7480 7507/24/7480 
f 7522/24/7616 7521/24/7616 7520/24/7616 
f 7523/24/7616 7521/24/7616 7522/24/7616 
f 7523/24/7587 7522/24/7587 7524/24/7587 
f 7525/24/7587 7523/24/7587 7524/24/7587 
f 7526/24/7617 7525/24/7617 7524/24/7617 
f 7527/24/7617 7525/24/7617 7526/24/7617 
f 7528/24/7618 7527/24/7618 7526/24/7618 
f 7529/24/7618 7527/24/7618 7528/24/7618 
f 7528/24/7619 7530/24/7619 7529/24/7619 
f 7530/24/7619 7531/24/7619 7529/24/7619 
f 7520/24/7620 7531/24/7620 7530/24/7620 
f 7521/24/7620 7531/24/7620 7520/24/7620 
f 7520/24/7583 7532/24/7583 7522/24/7583 
f 7533/24/7480 7521/24/7480 7523/24/7480 
f 7522/24/7583 7532/24/7583 7524/24/7583 
f 7525/24/7480 7533/24/7480 7523/24/7480 
f 7532/24/7583 7526/24/7583 7524/24/7583 
f 7527/24/7480 7533/24/7480 7525/24/7480 
f 7532/24/7583 7528/24/7583 7526/24/7583 
f 7527/24/7480 7529/24/7480 7533/24/7480 
f 7530/24/7583 7528/24/7583 7532/24/7583 
f 7529/24/7480 7531/24/7480 7533/24/7480 
f 7520/24/7583 7530/24/7583 7532/24/7583 
f 7533/24/7480 7531/24/7480 7521/24/7480 
f 7536/24/7616 7535/24/7616 7534/24/7616 
f 7537/24/7616 7535/24/7616 7536/24/7616 
f 7537/24/7587 7536/24/7587 7538/24/7587 
f 7539/24/7587 7537/24/7587 7538/24/7587 
f 7540/24/7617 7539/24/7617 7538/24/7617 
f 7541/24/7617 7539/24/7617 7540/24/7617 
f 7542/24/7618 7541/24/7618 7540/24/7618 
f 7543/24/7618 7541/24/7618 7542/24/7618 
f 7542/24/7619 7544/24/7619 7543/24/7619 
f 7544/24/7619 7545/24/7619 7543/24/7619 
f 7534/24/7620 7545/24/7620 7544/24/7620 
f 7535/24/7620 7545/24/7620 7534/24/7620 
f 7534/24/7583 7546/24/7583 7536/24/7583 
f 7547/24/7480 7535/24/7480 7537/24/7480 
f 7536/24/7583 7546/24/7583 7538/24/7583 
f 7539/24/7480 7547/24/7480 7537/24/7480 
f 7546/24/7583 7540/24/7583 7538/24/7583 
f 7541/24/7480 7547/24/7480 7539/24/7480 
f 7546/24/7583 7542/24/7583 7540/24/7583 
f 7541/24/7480 7543/24/7480 7547/24/7480 
f 7544/24/7583 7542/24/7583 7546/24/7583 
f 7543/24/7480 7545/24/7480 7547/24/7480 
f 7534/24/7583 7544/24/7583 7546/24/7583 
f 7547/24/7480 7545/24/7480 7535/24/7480 
f 7550/24/7616 7549/24/7616 7548/24/7616 
f 7551/24/7616 7549/24/7616 7550/24/7616 
f 7551/24/7587 7550/24/7587 7552/24/7587 
f 7553/24/7587 7551/24/7587 7552/24/7587 
f 7554/24/7617 7553/24/7617 7552/24/7617 
f 7555/24/7617 7553/24/7617 7554/24/7617 
f 7556/24/7618 7555/24/7618 7554/24/7618 
f 7557/24/7618 7555/24/7618 7556/24/7618 
f 7558/24/7619 7557/24/7619 7556/24/7619 
f 7558/24/7619 7559/24/7619 7557/24/7619 
f 7548/24/7620 7559/24/7620 7558/24/7620 
f 7549/24/7620 7559/24/7620 7548/24/7620 
f 7548/24/7583 7560/24/7583 7550/24/7583 
f 7561/24/7480 7549/24/7480 7551/24/7480 
f 7550/24/7583 7560/24/7583 7552/24/7583 
f 7553/24/7480 7561/24/7480 7551/24/7480 
f 7560/24/7583 7554/24/7583 7552/24/7583 
f 7555/24/7480 7561/24/7480 7553/24/7480 
f 7560/24/7583 7556/24/7583 7554/24/7583 
f 7555/24/7480 7557/24/7480 7561/24/7480 
f 7558/24/7583 7556/24/7583 7560/24/7583 
f 7557/24/7480 7559/24/7480 7561/24/7480 
f 7548/24/7583 7558/24/7583 7560/24/7583 
f 7561/24/7480 7559/24/7480 7549/24/7480 
f 7564/24/7616 7563/24/7616 7562/24/7616 
f 7565/24/7616 7563/24/7616 7564/24/7616 
f 7565/24/7587 7564/24/7587 7566/24/7587 
f 7567/24/7587 7565/24/7587 7566/24/7587 
f 7568/24/7617 7567/24/7617 7566/24/7617 
f 7569/24/7617 7567/24/7617 7568/24/7617 
f 7570/24/7618 7569/24/7618 7568/24/7618 
f 7571/24/7618 7569/24/7618 7570/24/7618 
f 7572/24/7619 7571/24/7619 7570/24/7619 
f 7572/24/7619 7573/24/7619 7571/24/7619 
f 7562/24/7620 7573/24/7620 7572/24/7620 
f 7563/24/7620 7573/24/7620 7562/24/7620 
f 7562/24/7583 7574/24/7583 7564/24/7583 
f 7575/24/7480 7563/24/7480 7565/24/7480 
f 7564/24/7583 7574/24/7583 7566/24/7583 
f 7567/24/7480 7575/24/7480 7565/24/7480 
f 7574/24/7583 7568/24/7583 7566/24/7583 
f 7569/24/7480 7575/24/7480 7567/24/7480 
f 7574/24/7583 7570/24/7583 7568/24/7583 
f 7569/24/7480 7571/24/7480 7575/24/7480 
f 7572/24/7583 7570/24/7583 7574/24/7583 
f 7571/24/7480 7573/24/7480 7575/24/7480 
f 7562/24/7583 7572/24/7583 7574/24/7583 
f 7575/24/7480 7573/24/7480 7563/24/7480 
f 7578/24/7602 7577/24/7602 7576/24/7602 
f 7579/24/7602 7577/24/7602 7578/24/7602 
f 7580/24/7621 7579/24/7621 7578/24/7621 
f 7581/24/7621 7579/24/7621 7580/24/7621 
f 7581/24/7622 7580/24/7622 7582/24/7622 
f 7583/24/7622 7581/24/7622 7582/24/7622 
f 7583/24/7623 7582/24/7623 7584/24/7623 
f 7585/24/7623 7583/24/7623 7584/24/7623 
f 7585/24/7586 7584/24/7586 7586/24/7586 
f 7587/24/7586 7585/24/7586 7586/24/7586 
f 7587/24/7591 7586/24/7591 7588/24/7591 
f 7589/24/7591 7587/24/7591 7588/24/7591 
f 7590/24/7595 7589/24/7595 7588/24/7595 
f 7591/24/7595 7589/24/7595 7590/24/7595 
f 7592/24/7624 7591/24/7624 7590/24/7624 
f 7593/24/7624 7591/24/7624 7592/24/7624 
f 7594/24/7603 7593/24/7603 7592/24/7603 
f 7595/24/7603 7593/24/7603 7594/24/7603 
f 7596/24/7607 7595/24/7607 7594/24/7607 
f 7597/24/7607 7595/24/7607 7596/24/7607 
f 7598/24/7611 7597/24/7611 7596/24/7611 
f 7598/24/7611 7599/24/7611 7597/24/7611 
f 7600/24/7625 7599/24/7625 7598/24/7625 
f 7600/24/7625 7601/24/7625 7599/24/7625 
f 7600/24/7584 7602/24/7584 7601/24/7584 
f 7602/24/7584 7603/24/7584 7601/24/7584 
f 7604/24/7590 7603/24/7590 7602/24/7590 
f 7604/24/7590 7605/24/7590 7603/24/7590 
f 7606/24/7594 7605/24/7594 7604/24/7594 
f 7607/24/7594 7605/24/7594 7606/24/7594 
f 7576/24/7598 7607/24/7598 7606/24/7598 
f 7577/24/7598 7607/24/7598 7576/24/7598 
f 7576/24/7583 7608/24/7583 7578/24/7583 
f 7609/24/7480 7577/24/7480 7579/24/7480 
f 7578/24/7583 7608/24/7583 7580/24/7583 
f 7609/24/7480 7579/24/7480 7581/24/7480 
f 7580/24/7583 7608/24/7583 7582/24/7583 
f 7609/24/7480 7581/24/7480 7583/24/7480 
f 7582/24/7583 7608/24/7583 7584/24/7583 
f 7609/24/7480 7583/24/7480 7585/24/7480 
f 7608/24/7583 7586/24/7583 7584/24/7583 
f 7587/24/7480 7609/24/7480 7585/24/7480 
f 7608/24/7583 7588/24/7583 7586/24/7583 
f 7589/24/7480 7609/24/7480 7587/24/7480 
f 7608/24/7583 7590/24/7583 7588/24/7583 
f 7591/24/7480 7609/24/7480 7589/24/7480 
f 7608/24/7583 7592/24/7583 7590/24/7583 
f 7593/24/7480 7609/24/7480 7591/24/7480 
f 7608/24/7583 7594/24/7583 7592/24/7583 
f 7593/24/7480 7595/24/7480 7609/24/7480 
f 7596/24/7583 7594/24/7583 7608/24/7583 
f 7595/24/7480 7597/24/7480 7609/24/7480 
f 7598/24/7583 7596/24/7583 7608/24/7583 
f 7597/24/7480 7599/24/7480 7609/24/7480 
f 7600/24/7583 7598/24/7583 7608/24/7583 
f 7599/24/7480 7601/24/7480 7609/24/7480 
f 7602/24/7583 7600/24/7583 7608/24/7583 
f 7601/24/7480 7603/24/7480 7609/24/7480 
f 7604/24/7583 7602/24/7583 7608/24/7583 
f 7603/24/7480 7605/24/7480 7609/24/7480 
f 7606/24/7583 7604/24/7583 7608/24/7583 
f 7605/24/7480 7607/24/7480 7609/24/7480 
f 7576/24/7583 7606/24/7583 7608/24/7583 
f 7609/24/7480 7607/24/7480 7577/24/7480 
usemtl Material_28
f 7612/24/7480 7611/24/7480 7610/24/7480 
f 7613/24/7480 7612/24/7480 7610/24/7480 
f 7616/24/7583 7615/24/7583 7614/24/7583 
f 7615/24/7583 7617/24/7583 7614/24/7583 
f 7618/24/7480 7612/24/7480 7613/24/7480 
f 7619/24/7480 7618/24/7480 7613/24/7480 
f 7615/24/7583 7620/24/7583 7617/24/7583 
f 7620/24/7583 7621/24/7583 7617/24/7583 
f 7622/24/7480 7618/24/7480 7619/24/7480 
f 7623/24/7480 7622/24/7480 7619/24/7480 
f 7620/24/7583 7624/24/7583 7621/24/7583 
f 7624/24/7583 7625/24/7583 7621/24/7583 
f 7626/24/7480 7622/24/7480 7623/24/7480 
f 7627/24/7480 7626/24/7480 7623/24/7480 
f 7624/24/7583 7628/24/7583 7625/24/7583 
f 7628/24/7583 7629/24/7583 7625/24/7583 
f 7630/24/7480 7626/24/7480 7627/24/7480 
f 7631/24/7480 7630/24/7480 7627/24/7480 
f 7628/24/7583 7632/24/7583 7629/24/7583 
f 7632/24/7583 7633/24/7583 7629/24/7583 
f 7634/24/7480 7630/24/7480 7631/24/7480 
f 7635/24/7480 7634/24/7480 7631/24/7480 
f 7632/24/7583 7636/24/7583 7633/24/7583 
f 7636/24/7583 7637/24/7583 7633/24/7583 
f 7638/24/7480 7634/24/7480 7635/24/7480 
f 7639/24/7480 7638/24/7480 7635/24/7480 
f 7636/24/7583 7640/24/7583 7637/24/7583 
f 7640/24/7583 7641/24/7583 7637/24/7583 
f 7642/24/7480 7638/24/7480 7639/24/7480 
f 7643/24/7480 7642/24/7480 7639/24/7480 
f 7640/24/7583 7644/24/7583 7641/24/7583 
f 7644/24/7583 7645/24/7583 7641/24/7583 
f 7643/24/7480 7646/24/7480 7642/24/7480 
f 7647/24/7480 7646/24/7480 7643/24/7480 
f 7644/24/7583 7648/24/7583 7645/24/7583 
f 7648/24/7583 7649/24/7583 7645/24/7583 
f 7647/24/7480 7650/24/7480 7646/24/7480 
f 7651/24/7480 7650/24/7480 7647/24/7480 
f 7652/24/7583 7649/24/7583 7648/24/7583 
f 7652/24/7583 7653/24/7583 7649/24/7583 
f 7651/24/7480 7654/24/7480 7650/24/7480 
f 7651/24/7480 7655/24/7480 7654/24/7480 
f 7656/24/7583 7653/24/7583 7652/24/7583 
f 7657/24/7583 7653/24/7583 7656/24/7583 
f 7655/24/7480 7658/24/7480 7654/24/7480 
f 7655/24/7480 7659/24/7480 7658/24/7480 
f 7660/24/7583 7657/24/7583 7656/24/7583 
f 7661/24/7583 7657/24/7583 7660/24/7583 
f 7659/24/7480 7662/24/7480 7658/24/7480 
f 7659/24/7480 7663/24/7480 7662/24/7480 
f 7664/24/7583 7661/24/7583 7660/24/7583 
f 7665/24/7583 7661/24/7583 7664/24/7583 
f 7663/24/7480 7666/24/7480 7662/24/7480 
f 7663/24/7480 7667/24/7480 7666/24/7480 
f 7668/24/7583 7665/24/7583 7664/24/7583 
f 7669/24/7583 7665/24/7583 7668/24/7583 
f 7667/24/7480 7670/24/7480 7666/24/7480 
f 7667/24/7480 7671/24/7480 7670/24/7480 
f 7672/24/7583 7669/24/7583 7668/24/7583 
f 7673/24/7583 7669/24/7583 7672/24/7583 
f 7671/24/7480 7674/24/7480 7670/24/7480 
f 7671/24/7480 7675/24/7480 7674/24/7480 
f 7676/24/7583 7673/24/7583 7672/24/7583 
f 7677/24/7583 7673/24/7583 7676/24/7583 
f 7674/24/7480 7675/24/7480 7678/24/7480 
f 7675/24/7480 7679/24/7480 7678/24/7480 
f 7677/24/7583 7676/24/7583 7680/24/7583 
f 7681/24/7583 7677/24/7583 7680/24/7583 
f 7678/24/7480 7679/24/7480 7682/24/7480 
f 7679/24/7480 7683/24/7480 7682/24/7480 
f 7681/24/7583 7680/24/7583 7684/24/7583 
f 7685/24/7583 7681/24/7583 7684/24/7583 
f 7682/24/7480 7683/24/7480 7686/24/7480 
f 7683/24/7480 7687/24/7480 7686/24/7480 
f 7685/24/7583 7684/24/7583 7688/24/7583 
f 7689/24/7583 7685/24/7583 7688/24/7583 
f 7686/24/7480 7687/24/7480 7690/24/7480 
f 7687/24/7480 7691/24/7480 7690/24/7480 
f 7689/24/7583 7688/24/7583 7692/24/7583 
f 7693/24/7583 7689/24/7583 7692/24/7583 
f 7690/24/7480 7691/24/7480 7694/24/7480 
f 7691/24/7480 7695/24/7480 7694/24/7480 
f 7693/24/7583 7692/24/7583 7696/24/7583 
f 7697/24/7583 7693/24/7583 7696/24/7583 
f 7694/24/7480 7695/24/7480 7698/24/7480 
f 7695/24/7480 7699/24/7480 7698/24/7480 
f 7697/24/7583 7696/24/7583 7700/24/7583 
f 7701/24/7583 7697/24/7583 7700/24/7583 
f 7698/24/7480 7699/24/7480 7702/24/7480 
f 7699/24/7480 7703/24/7480 7702/24/7480 
f 7701/24/7583 7700/24/7583 7704/24/7583 
f 7705/24/7583 7701/24/7583 7704/24/7583 
f 7702/24/7480 7703/24/7480 7706/24/7480 
f 7706/24/7480 7703/24/7480 7707/24/7480 
f 7705/24/7583 7704/24/7583 7708/24/7583 
f 7709/24/7583 7705/24/7583 7708/24/7583 
f 7706/24/7480 7707/24/7480 7710/24/7480 
f 7710/24/7480 7707/24/7480 7711/24/7480 
f 7709/24/7583 7708/24/7583 7712/24/7583 
f 7709/24/7583 7712/24/7583 7713/24/7583 
f 7710/24/7480 7711/24/7480 7714/24/7480 
f 7714/24/7480 7711/24/7480 7715/24/7480 
f 7713/24/7583 7712/24/7583 7716/24/7583 
f 7713/24/7583 7716/24/7583 7717/24/7583 
f 7718/24/7480 7714/24/7480 7715/24/7480 
f 7718/24/7480 7715/24/7480 7719/24/7480 
f 7716/24/7583 7720/24/7583 7717/24/7583 
f 7717/24/7583 7720/24/7583 7721/24/7583 
f 7722/24/7480 7718/24/7480 7719/24/7480 
f 7722/24/7480 7719/24/7480 7723/24/7480 
f 7720/24/7583 7724/24/7583 7721/24/7583 
f 7721/24/7583 7724/24/7583 7725/24/7583 
f 7726/24/7480 7722/24/7480 7723/24/7480 
f 7726/24/7480 7723/24/7480 7727/24/7480 
f 7724/24/7583 7728/24/7583 7725/24/7583 
f 7725/24/7583 7728/24/7583 7729/24/7583 
f 7730/24/7480 7726/24/7480 7727/24/7480 
f 7730/24/7480 7727/24/7480 7731/24/7480 
f 7728/24/7583 7732/24/7583 7729/24/7583 
f 7729/24/7583 7732/24/7583 7733/24/7583 
f 7734/24/7480 7730/24/7480 7731/24/7480 
f 7734/24/7480 7731/24/7480 7735/24/7480 
f 7732/24/7583 7736/24/7583 7733/24/7583 
f 7733/24/7583 7736/24/7583 7737/24/7583 
f 7611/24/7480 7734/24/7480 7735/24/7480 
f 7611/24/7480 7735/24/7480 7610/24/7480 
f 7736/24/7583 7616/24/7583 7737/24/7583 
f 7737/24/7583 7616/24/7583 7614/24/7583 
f 7616/24/7619 7611/24/7619 7612/24/7584 
f 7615/24/7584 7616/24/7619 7612/24/7584 
f 7610/24/7587 7614/24/7587 7613/24/7586 
f 7613/24/7586 7614/24/7587 7617/24/7586 
f 7615/24/7584 7612/24/7584 7618/24/7588 
f 7620/24/7588 7615/24/7584 7618/24/7588 
f 7613/24/7586 7617/24/7586 7619/24/7589 
f 7619/24/7589 7617/24/7586 7621/24/7589 
f 7620/24/7588 7618/24/7588 7622/24/7626 
f 7624/24/7626 7620/24/7588 7622/24/7626 
f 7619/24/7589 7621/24/7589 7623/24/7591 
f 7623/24/7591 7621/24/7589 7625/24/7591 
f 7624/24/7626 7622/24/7626 7626/24/7627 
f 7628/24/7627 7624/24/7626 7626/24/7627 
f 7623/24/7591 7625/24/7591 7627/24/7628 
f 7627/24/7628 7625/24/7591 7629/24/7628 
f 7626/24/7627 7630/24/7629 7628/24/7627 
f 7628/24/7627 7630/24/7629 7632/24/7629 
f 7631/24/7595 7627/24/7628 7629/24/7628 
f 7633/24/7595 7631/24/7595 7629/24/7628 
f 7630/24/7629 7634/24/7596 7632/24/7629 
f 7632/24/7629 7634/24/7596 7636/24/7596 
f 7635/24/7597 7631/24/7595 7633/24/7595 
f 7637/24/7597 7635/24/7597 7633/24/7595 
f 7634/24/7596 7638/24/7630 7636/24/7596 
f 7636/24/7596 7638/24/7630 7640/24/7630 
f 7639/24/7599 7635/24/7597 7637/24/7597 
f 7641/24/7599 7639/24/7599 7637/24/7597 
f 7638/24/7630 7642/24/7631 7640/24/7630 
f 7642/24/7631 7644/24/7631 7640/24/7630 
f 7643/24/7601 7639/24/7599 7641/24/7599 
f 7645/24/7601 7643/24/7601 7641/24/7599 
f 7642/24/7631 7646/24/7632 7644/24/7631 
f 7644/24/7631 7646/24/7632 7648/24/7632 
f 7647/24/7603 7643/24/7601 7645/24/7601 
f 7649/24/7603 7647/24/7603 7645/24/7601 
f 7646/24/7632 7650/24/7604 7648/24/7632 
f 7648/24/7632 7650/24/7604 7652/24/7604 
f 7651/24/7605 7647/24/7603 7649/24/7603 
f 7653/24/7605 7651/24/7605 7649/24/7603 
f 7650/24/7604 7654/24/7606 7652/24/7604 
f 7652/24/7604 7654/24/7606 7656/24/7606 
f 7655/24/7607 7651/24/7605 7653/24/7605 
f 7657/24/7607 7655/24/7607 7653/24/7605 
f 7654/24/7606 7658/24/7633 7656/24/7606 
f 7656/24/7606 7658/24/7633 7660/24/7633 
f 7659/24/7609 7655/24/7607 7657/24/7607 
f 7661/24/7609 7659/24/7609 7657/24/7607 
f 7658/24/7633 7662/24/7622 7660/24/7633 
f 7662/24/7622 7664/24/7622 7660/24/7633 
f 7661/24/7609 7663/24/7634 7659/24/7609 
f 7665/24/7634 7663/24/7634 7661/24/7609 
f 7662/24/7622 7666/24/7635 7664/24/7622 
f 7666/24/7635 7668/24/7635 7664/24/7622 
f 7665/24/7634 7667/24/7636 7663/24/7634 
f 7669/24/7636 7667/24/7636 7665/24/7634 
f 7666/24/7635 7670/24/7623 7668/24/7635 
f 7670/24/7623 7672/24/7623 7668/24/7635 
f 7669/24/7636 7671/24/7615 7667/24/7636 
f 7673/24/7615 7671/24/7615 7669/24/7636 
f 7670/24/7623 7674/24/7587 7672/24/7623 
f 7674/24/7587 7676/24/7587 7672/24/7623 
f 7673/24/7615 7675/24/7619 7671/24/7615 
f 7677/24/7619 7675/24/7619 7673/24/7615 
f 7674/24/7587 7678/24/7586 7676/24/7587 
f 7678/24/7586 7680/24/7586 7676/24/7587 
f 7677/24/7619 7679/24/7584 7675/24/7619 
f 7681/24/7584 7679/24/7584 7677/24/7619 
f 7678/24/7586 7682/24/7589 7680/24/7586 
f 7682/24/7589 7684/24/7589 7680/24/7586 
f 7681/24/7584 7683/24/7588 7679/24/7584 
f 7685/24/7588 7683/24/7588 7681/24/7584 
f 7682/24/7589 7686/24/7591 7684/24/7589 
f 7686/24/7591 7688/24/7591 7684/24/7589 
f 7685/24/7588 7687/24/7626 7683/24/7588 
f 7689/24/7626 7687/24/7626 7685/24/7588 
f 7686/24/7591 7690/24/7628 7688/24/7591 
f 7690/24/7628 7692/24/7628 7688/24/7591 
f 7689/24/7626 7691/24/7627 7687/24/7626 
f 7693/24/7627 7691/24/7627 7689/24/7626 
f 7690/24/7628 7694/24/7595 7692/24/7628 
f 7692/24/7628 7694/24/7595 7696/24/7595 
f 7695/24/7629 7691/24/7627 7693/24/7627 
f 7697/24/7629 7695/24/7629 7693/24/7627 
f 7694/24/7595 7698/24/7597 7696/24/7595 
f 7696/24/7595 7698/24/7597 7700/24/7597 
f 7699/24/7596 7695/24/7629 7697/24/7629 
f 7701/24/7596 7699/24/7596 7697/24/7629 
f 7698/24/7597 7702/24/7599 7700/24/7597 
f 7700/24/7597 7702/24/7599 7704/24/7599 
f 7703/24/7630 7699/24/7596 7701/24/7596 
f 7705/24/7630 7703/24/7630 7701/24/7596 
f 7702/24/7599 7706/24/7601 7704/24/7599 
f 7704/24/7599 7706/24/7601 7708/24/7601 
f 7707/24/7631 7703/24/7630 7705/24/7630 
f 7709/24/7631 7707/24/7631 7705/24/7630 
f 7706/24/7601 7710/24/7603 7708/24/7601 
f 7708/24/7601 7710/24/7603 7712/24/7603 
f 7711/24/7632 7707/24/7631 7709/24/7631 
f 7711/24/7632 7709/24/7631 7713/24/7632 
f 7710/24/7603 7714/24/7605 7712/24/7603 
f 7712/24/7603 7714/24/7605 7716/24/7605 
f 7715/24/7604 7711/24/7632 7713/24/7632 
f 7717/24/7604 7715/24/7604 7713/24/7632 
f 7714/24/7605 7718/24/7607 7716/24/7605 
f 7716/24/7605 7718/24/7607 7720/24/7607 
f 7719/24/7606 7715/24/7604 7717/24/7604 
f 7721/24/7606 7719/24/7606 7717/24/7604 
f 7718/24/7607 7722/24/7609 7720/24/7607 
f 7720/24/7607 7722/24/7609 7724/24/7609 
f 7723/24/7633 7719/24/7606 7721/24/7606 
f 7725/24/7633 7723/24/7633 7721/24/7606 
f 7724/24/7609 7722/24/7609 7726/24/7634 
f 7728/24/7634 7724/24/7609 7726/24/7634 
f 7723/24/7633 7725/24/7633 7727/24/7622 
f 7727/24/7622 7725/24/7633 7729/24/7622 
f 7728/24/7634 7726/24/7634 7730/24/7636 
f 7732/24/7636 7728/24/7634 7730/24/7636 
f 7727/24/7622 7729/24/7622 7731/24/7635 
f 7731/24/7635 7729/24/7622 7733/24/7635 
f 7732/24/7636 7730/24/7636 7734/24/7615 
f 7736/24/7615 7732/24/7636 7734/24/7615 
f 7731/24/7635 7733/24/7635 7735/24/7623 
f 7735/24/7623 7733/24/7635 7737/24/7623 
f 7736/24/7615 7734/24/7615 7611/24/7619 
f 7616/24/7619 7736/24/7615 7611/24/7619 
f 7735/24/7623 7737/24/7623 7610/24/7587 
f 7610/24/7587 7737/24/7623 7614/24/7587 
usemtl Material_17
f 7740/24/7637 7739/24/7637 7738/24/7637 
f 7741/24/7637 7740/24/7637 7738/24/7637 
f 7738/24/7638 7742/24/7638 7741/24/7638 
f 7741/24/7638 7742/24/7638 7743/24/7638 
f 7744/24/7639 7743/24/7639 7742/24/7639 
f 7745/24/7639 7743/24/7639 7744/24/7639 
f 7744/24/7640 7746/24/7640 7745/24/7640 
f 7746/24/7640 7747/24/7640 7745/24/7640 
f 7739/24/7641 7747/24/7641 7746/24/7641 
f 7740/24/7641 7747/24/7641 7739/24/7641 
f 7739/24/7642 7748/24/7642 7738/24/7642 
f 7749/24/7643 7740/24/7643 7741/24/7643 
f 7748/24/7642 7742/24/7642 7738/24/7642 
f 7743/24/7643 7749/24/7643 7741/24/7643 
f 7748/24/7642 7744/24/7642 7742/24/7642 
f 7745/24/7643 7749/24/7643 7743/24/7643 
f 7746/24/7642 7744/24/7642 7748/24/7642 
f 7745/24/7643 7747/24/7643 7749/24/7643 
f 7739/24/7642 7746/24/7642 7748/24/7642 
f 7749/24/7643 7747/24/7643 7740/24/7643 
# 0 polygons - 1084 triangles

#
# object wheel_rf_001
#

v  1.0342 0.2353 -1.5014
v  1.0342 0.2264 -1.4433
v  1.0342 0.3752 -1.4433
v  1.0342 0.2707 -1.5478
v  1.0342 0.3187 -1.5798
v  1.0342 0.3752 -1.5911
v  1.0342 0.4317 -1.5798
v  1.0342 0.4796 -1.5478
v  1.0342 0.5116 -1.4999
v  1.0342 0.5229 -1.4433
v  1.0342 0.5116 -1.3868
v  1.0342 0.4796 -1.3389
v  1.0342 0.4317 -1.3069
v  1.0342 0.3739 -1.2879
v  1.0342 0.3252 -1.3103
v  1.0342 0.2797 -1.3258
v  1.0342 0.2387 -1.3868
v  1.0350 0.2603 -1.5747
v  1.0350 0.2039 -1.5754
v  1.0350 0.2109 -1.5119
v  1.0350 0.1647 -1.5101
v  1.0350 0.3869 -1.6053
v  1.0350 0.4608 -1.5986
v  1.0350 0.4421 -1.6579
v  1.0350 0.3724 -1.6635
v  1.0350 0.5348 -1.4932
v  1.0350 0.5529 -1.4138
v  1.0350 0.5799 -1.5244
v  1.0350 0.5961 -1.4451
v  1.0350 0.4735 -1.3129
v  1.0350 0.4134 -1.2685
v  1.0350 0.4429 -1.2461
v  1.0350 0.5152 -1.2818
v  1.0350 0.2175 -1.3886
v  1.0350 0.2680 -1.3153
v  1.0350 0.2011 -1.3356
v  1.0350 0.2539 -1.2786
v  1.0350 0.4429 -1.2349
v  1.0350 0.5310 -1.2796
v  1.0350 0.6073 -1.4376
v  1.0350 0.5850 -1.5403
v  1.0350 0.3598 -1.6767
v  1.0350 0.4530 -1.6679
v  1.0350 0.1947 -1.5873
v  1.0350 0.1506 -1.5019
v  1.0350 0.1858 -1.3284
v  1.0350 0.2553 -1.2614
v  1.0193 0.5652 -1.5676
v  1.0193 0.5212 -1.5334
v  1.0193 0.4975 -1.5571
v  1.0193 0.4804 -1.6059
v  1.0193 0.4725 -1.6349
v  1.0193 0.4883 -1.6441
v  1.0193 0.5753 -1.4109
v  1.0193 0.5917 -1.3978
v  1.0193 0.5476 -1.3977
v  1.0193 0.5239 -1.3727
v  1.0193 0.5028 -1.3437
v  1.0193 0.5453 -1.3092
v  1.0193 0.2882 -1.2483
v  1.0193 0.3077 -1.2966
v  1.0193 0.3283 -1.2918
v  1.0193 0.3744 -1.2730
v  1.0193 0.4016 -1.2575
v  1.0193 0.4011 -1.2337
v  1.0193 0.1992 -1.3666
v  1.0193 0.1770 -1.3564
v  1.0193 0.2104 -1.4049
v  1.0193 0.2141 -1.4445
v  1.0193 0.2079 -1.4655
v  1.0193 0.1558 -1.4673
v  1.0193 0.2218 -1.6104
v  1.0193 0.2775 -1.5998
v  1.0193 0.3271 -1.6053
v  1.0193 0.3381 -1.6148
v  1.0193 0.3326 -1.6425
v  1.0193 0.3136 -1.6658
v  1.0192 0.3795 -1.6912
v  1.0192 0.3795 -1.6553
v  1.0192 0.4193 -1.6514
v  1.0192 0.4263 -1.6866
v  0.7143 0.3795 -1.6912
v  0.7143 0.4193 -1.6514
v  0.7143 0.3795 -1.6553
v  0.7143 0.4263 -1.6866
v  1.0192 0.4577 -1.6398
v  1.0192 0.4714 -1.6730
v  0.7143 0.4577 -1.6398
v  0.7143 0.4714 -1.6730
v  1.0192 0.4930 -1.6209
v  1.0192 0.5129 -1.6508
v  0.7143 0.4930 -1.6209
v  0.7143 0.5129 -1.6508
v  1.0192 0.5240 -1.5955
v  1.0192 0.5493 -1.6209
v  0.7143 0.5240 -1.5955
v  0.7143 0.5493 -1.6209
v  1.0192 0.5494 -1.5645
v  1.0192 0.5792 -1.5845
v  0.7143 0.5494 -1.5645
v  0.7143 0.5792 -1.5845
v  1.0192 0.5683 -1.5292
v  1.0192 0.6014 -1.5429
v  0.7143 0.5683 -1.5292
v  0.7143 0.6014 -1.5429
v  1.0192 0.5799 -1.4909
v  1.0192 0.6151 -1.4979
v  0.7143 0.5799 -1.4909
v  0.7143 0.6151 -1.4979
v  1.0192 0.5838 -1.4510
v  1.0192 0.6197 -1.4510
v  0.7143 0.5838 -1.4510
v  0.7143 0.6197 -1.4510
v  1.0192 0.5799 -1.4111
v  1.0192 0.6151 -1.4041
v  0.7143 0.5799 -1.4111
v  0.7143 0.6151 -1.4041
v  1.0192 0.5683 -1.3728
v  1.0192 0.6014 -1.3591
v  0.7143 0.5683 -1.3728
v  0.7143 0.6014 -1.3591
v  1.0192 0.5494 -1.3375
v  1.0192 0.5792 -1.3175
v  0.7143 0.5494 -1.3375
v  0.7143 0.5792 -1.3175
v  1.0192 0.5240 -1.3065
v  1.0192 0.5493 -1.2811
v  0.7143 0.5240 -1.3065
v  0.7143 0.5493 -1.2811
v  1.0192 0.4930 -1.2811
v  1.0192 0.5129 -1.2512
v  0.7143 0.4930 -1.2811
v  0.7143 0.5129 -1.2512
v  1.0192 0.4577 -1.2622
v  1.0192 0.4714 -1.2290
v  0.7143 0.4577 -1.2622
v  0.7143 0.4714 -1.2290
v  1.0192 0.4193 -1.2506
v  1.0192 0.4263 -1.2154
v  0.7143 0.4193 -1.2506
v  0.7143 0.4263 -1.2154
v  1.0192 0.3795 -1.2467
v  1.0192 0.3795 -1.2107
v  0.7143 0.3795 -1.2467
v  0.7143 0.3795 -1.2107
v  1.0192 0.3396 -1.2506
v  1.0192 0.3326 -1.2154
v  0.7143 0.3396 -1.2506
v  0.7143 0.3326 -1.2154
v  1.0192 0.3013 -1.2622
v  1.0192 0.2875 -1.2290
v  0.7143 0.3013 -1.2622
v  0.7143 0.2875 -1.2290
v  1.0192 0.2659 -1.2811
v  1.0192 0.2460 -1.2512
v  0.7143 0.2659 -1.2811
v  0.7143 0.2460 -1.2512
v  1.0192 0.2350 -1.3065
v  1.0192 0.2096 -1.2811
v  0.7143 0.2350 -1.3065
v  0.7143 0.2096 -1.2811
v  1.0192 0.2096 -1.3375
v  1.0192 0.1797 -1.3175
v  0.7143 0.2096 -1.3375
v  0.7143 0.1797 -1.3175
v  1.0192 0.1907 -1.3728
v  1.0192 0.1575 -1.3591
v  0.7143 0.1907 -1.3728
v  0.7143 0.1575 -1.3591
v  1.0192 0.1790 -1.4111
v  1.0192 0.1438 -1.4041
v  0.7143 0.1790 -1.4111
v  0.7143 0.1438 -1.4041
v  1.0192 0.1751 -1.4510
v  1.0192 0.1392 -1.4510
v  0.7143 0.1751 -1.4510
v  0.7143 0.1392 -1.4510
v  1.0192 0.1790 -1.4909
v  1.0192 0.1438 -1.4979
v  0.7143 0.1790 -1.4909
v  0.7143 0.1438 -1.4979
v  1.0192 0.1907 -1.5292
v  1.0192 0.1575 -1.5429
v  0.7143 0.1907 -1.5292
v  0.7143 0.1575 -1.5429
v  1.0192 0.2096 -1.5645
v  1.0192 0.1797 -1.5845
v  0.7143 0.2096 -1.5645
v  0.7143 0.1797 -1.5845
v  1.0192 0.2350 -1.5955
v  1.0192 0.2096 -1.6209
v  0.7143 0.2350 -1.5955
v  0.7143 0.2096 -1.6209
v  1.0192 0.2659 -1.6209
v  1.0192 0.2460 -1.6508
v  0.7143 0.2659 -1.6209
v  0.7143 0.2460 -1.6508
v  1.0192 0.3013 -1.6398
v  1.0192 0.2875 -1.6730
v  0.7143 0.3013 -1.6398
v  0.7143 0.2875 -1.6730
v  1.0192 0.3396 -1.6514
v  1.0192 0.3326 -1.6866
v  0.7143 0.3396 -1.6514
v  0.7143 0.3326 -1.6866
v  1.0389 0.3757 -1.7121
v  1.0389 0.3757 -1.6702
v  1.0389 0.4185 -1.6660
v  1.0389 0.4267 -1.7071
v  0.7186 0.3757 -1.7121
v  0.7186 0.4185 -1.6660
v  0.7186 0.3757 -1.6702
v  0.7186 0.4267 -1.7071
v  1.0389 0.4597 -1.6535
v  1.0389 0.4758 -1.6922
v  0.7186 0.4597 -1.6535
v  0.7186 0.4758 -1.6922
v  1.0389 0.4977 -1.6332
v  1.0389 0.5210 -1.6680
v  0.7186 0.4977 -1.6332
v  0.7186 0.5210 -1.6680
v  1.0389 0.5310 -1.6059
v  1.0389 0.5607 -1.6355
v  0.7186 0.5310 -1.6059
v  0.7186 0.5607 -1.6355
v  1.0389 0.5584 -1.5726
v  1.0389 0.5932 -1.5959
v  0.7186 0.5584 -1.5726
v  0.7186 0.5932 -1.5959
v  1.0389 0.5787 -1.5346
v  1.0389 0.6174 -1.5506
v  0.7186 0.5787 -1.5346
v  0.7186 0.6174 -1.5506
v  1.0389 0.5912 -1.4934
v  1.0389 0.6323 -1.5015
v  0.7186 0.5912 -1.4934
v  0.7186 0.6323 -1.5015
v  1.0389 0.5954 -1.4505
v  1.0389 0.6373 -1.4505
v  0.7186 0.5954 -1.4505
v  0.7186 0.6373 -1.4505
v  1.0389 0.5912 -1.4076
v  1.0389 0.6323 -1.3995
v  0.7186 0.5912 -1.4076
v  0.7186 0.6323 -1.3995
v  1.0389 0.5787 -1.3664
v  1.0389 0.6174 -1.3504
v  0.7186 0.5787 -1.3664
v  0.7186 0.6174 -1.3504
v  1.0389 0.5584 -1.3284
v  1.0389 0.5932 -1.3051
v  0.7186 0.5584 -1.3284
v  0.7186 0.5932 -1.3051
v  1.0389 0.5310 -1.2951
v  1.0389 0.5607 -1.2655
v  0.7186 0.5310 -1.2951
v  0.7186 0.5607 -1.2655
v  1.0389 0.4977 -1.2678
v  1.0389 0.5210 -1.2329
v  0.7186 0.4977 -1.2678
v  0.7186 0.5210 -1.2329
v  1.0389 0.4597 -1.2475
v  1.0389 0.4758 -1.2088
v  0.7186 0.4597 -1.2475
v  0.7186 0.4758 -1.2088
v  1.0389 0.4185 -1.2350
v  1.0389 0.4267 -1.1939
v  0.7186 0.4185 -1.2350
v  0.7186 0.4267 -1.1939
v  1.0389 0.3757 -1.2308
v  1.0389 0.3757 -1.1889
v  0.7186 0.3757 -1.2308
v  0.7186 0.3757 -1.1889
v  1.0389 0.3328 -1.2350
v  1.0389 0.3246 -1.1939
v  0.7186 0.3328 -1.2350
v  0.7186 0.3246 -1.1939
v  1.0389 0.2916 -1.2475
v  1.0389 0.2755 -1.2088
v  0.7186 0.2916 -1.2475
v  0.7186 0.2755 -1.2088
v  1.0389 0.2536 -1.2678
v  1.0389 0.2303 -1.2329
v  0.7186 0.2536 -1.2678
v  0.7186 0.2303 -1.2329
v  1.0389 0.2203 -1.2951
v  1.0389 0.1907 -1.2655
v  0.7186 0.2203 -1.2951
v  0.7186 0.1907 -1.2655
v  1.0389 0.1930 -1.3284
v  1.0389 0.1581 -1.3051
v  0.7186 0.1930 -1.3284
v  0.7186 0.1581 -1.3051
v  1.0389 0.1727 -1.3664
v  1.0389 0.1339 -1.3504
v  0.7186 0.1727 -1.3664
v  0.7186 0.1339 -1.3504
v  1.0389 0.1602 -1.4076
v  1.0389 0.1191 -1.3995
v  0.7186 0.1602 -1.4076
v  0.7186 0.1191 -1.3995
v  1.0389 0.1560 -1.4505
v  1.0389 0.1140 -1.4505
v  0.7186 0.1560 -1.4505
v  0.7186 0.1140 -1.4505
v  1.0389 0.1602 -1.4934
v  1.0389 0.1191 -1.5015
v  0.7186 0.1602 -1.4934
v  0.7186 0.1191 -1.5015
v  1.0389 0.1727 -1.5346
v  1.0389 0.1339 -1.5506
v  0.7186 0.1727 -1.5346
v  0.7186 0.1339 -1.5506
v  1.0389 0.1930 -1.5726
v  1.0389 0.1581 -1.5959
v  0.7186 0.1930 -1.5726
v  0.7186 0.1581 -1.5959
v  1.0389 0.2203 -1.6059
v  1.0389 0.1907 -1.6355
v  0.7186 0.2203 -1.6059
v  0.7186 0.1907 -1.6355
v  1.0389 0.2536 -1.6332
v  1.0389 0.2303 -1.6680
v  0.7186 0.2536 -1.6332
v  0.7186 0.2303 -1.6680
v  1.0389 0.2916 -1.6535
v  1.0389 0.2755 -1.6922
v  0.7186 0.2916 -1.6535
v  0.7186 0.2755 -1.6922
v  1.0389 0.3328 -1.6660
v  1.0389 0.3246 -1.7071
v  0.7186 0.3328 -1.6660
v  0.7186 0.3246 -1.7071
v  0.9947 0.4215 -1.4434
v  1.0403 0.4215 -1.4434
v  0.9947 0.4329 -1.4632
v  1.0403 0.4329 -1.4632
v  0.9947 0.4557 -1.4632
v  1.0403 0.4557 -1.4632
v  0.9947 0.4672 -1.4434
v  1.0403 0.4672 -1.4434
v  0.9947 0.4557 -1.4237
v  1.0403 0.4557 -1.4237
v  0.9947 0.4329 -1.4237
v  1.0403 0.4329 -1.4237
v  0.9947 0.4443 -1.4434
v  1.0403 0.4443 -1.4434
v  0.9947 0.3693 -1.3743
v  1.0403 0.3693 -1.3743
v  0.9947 0.3807 -1.3941
v  1.0403 0.3807 -1.3941
v  0.9947 0.4035 -1.3941
v  1.0403 0.4035 -1.3941
v  0.9947 0.4149 -1.3743
v  1.0403 0.4149 -1.3743
v  0.9947 0.4035 -1.3546
v  1.0403 0.4035 -1.3546
v  0.9947 0.3807 -1.3546
v  1.0403 0.3807 -1.3546
v  0.9947 0.3921 -1.3743
v  1.0403 0.3921 -1.3743
v  0.9947 0.2896 -1.4036
v  1.0403 0.2896 -1.4036
v  0.9947 0.3010 -1.4234
v  1.0403 0.3010 -1.4234
v  0.9947 0.3238 -1.4234
v  1.0403 0.3238 -1.4234
v  0.9947 0.3352 -1.4036
v  1.0403 0.3352 -1.4036
v  0.9947 0.3238 -1.3839
v  1.0403 0.3238 -1.3839
v  0.9947 0.3010 -1.3839
v  1.0403 0.3010 -1.3839
v  0.9947 0.3124 -1.4036
v  1.0403 0.3124 -1.4036
v  0.9947 0.2943 -1.4896
v  1.0403 0.2943 -1.4896
v  0.9947 0.3057 -1.5093
v  1.0403 0.3057 -1.5093
v  0.9947 0.3286 -1.5093
v  1.0403 0.3286 -1.5093
v  0.9947 0.3400 -1.4896
v  1.0403 0.3400 -1.4896
v  0.9947 0.3286 -1.4698
v  1.0403 0.3286 -1.4698
v  0.9947 0.3057 -1.4698
v  1.0403 0.3057 -1.4698
v  0.9947 0.3172 -1.4896
v  1.0403 0.3172 -1.4896
v  0.9947 0.3787 -1.5102
v  1.0403 0.3787 -1.5102
v  0.9947 0.3901 -1.5300
v  1.0403 0.3901 -1.5300
v  0.9947 0.4129 -1.5300
v  1.0403 0.4129 -1.5300
v  0.9947 0.4243 -1.5102
v  1.0403 0.4243 -1.5102
v  0.9947 0.4129 -1.4905
v  1.0403 0.4129 -1.4905
v  0.9947 0.3901 -1.4905
v  1.0403 0.3901 -1.4905
v  0.9947 0.4015 -1.5102
v  1.0403 0.4015 -1.5102
v  0.9433 0.1958 -1.4412
v  0.9621 0.1958 -1.4412
v  0.9433 0.2092 -1.5088
v  0.9621 0.2092 -1.5088
v  0.9433 0.2475 -1.5660
v  0.9621 0.2475 -1.5660
v  0.9433 0.3047 -1.6043
v  0.9621 0.3047 -1.6043
v  0.9433 0.3723 -1.6178
v  0.9621 0.3723 -1.6178
v  0.9433 0.4399 -1.6043
v  0.9621 0.4399 -1.6043
v  0.9433 0.4972 -1.5660
v  0.9621 0.4972 -1.5660
v  0.9433 0.5354 -1.5088
v  0.9621 0.5354 -1.5088
v  0.9433 0.5489 -1.4412
v  0.9621 0.5489 -1.4412
v  0.9433 0.5354 -1.3736
v  0.9621 0.5354 -1.3736
v  0.9433 0.4972 -1.3164
v  0.9621 0.4972 -1.3164
v  0.9433 0.4399 -1.2781
v  0.9621 0.4399 -1.2781
v  0.9433 0.3723 -1.2646
v  0.9621 0.3723 -1.2646
v  0.9433 0.3047 -1.2781
v  0.9621 0.3047 -1.2781
v  0.9433 0.2475 -1.3164
v  0.9621 0.2475 -1.3164
v  0.9433 0.2092 -1.3736
v  0.9621 0.2092 -1.3736
v  0.9433 0.3723 -1.4412
v  0.9621 0.3723 -1.4412
v  1.0378 0.3761 -1.8271
v  1.0378 0.3761 -1.7090
v  1.0378 0.4265 -1.7041
v  1.0378 0.4495 -1.8199
v  0.7182 0.3761 -1.8271
v  0.7182 0.4265 -1.7041
v  0.7182 0.3761 -1.7090
v  0.7182 0.4495 -1.8199
v  1.0378 0.4749 -1.6894
v  1.0378 0.5201 -1.7985
v  0.7182 0.4749 -1.6894
v  0.7182 0.5201 -1.7985
v  1.0378 0.5195 -1.6655
v  1.0378 0.5851 -1.7637
v  0.7182 0.5195 -1.6655
v  0.7182 0.5851 -1.7637
v  1.0378 0.5586 -1.6334
v  1.0378 0.6421 -1.7170
v  0.7182 0.5586 -1.6334
v  0.7182 0.6421 -1.7170
v  1.0378 0.5907 -1.5943
v  1.0378 0.6889 -1.6600
v  0.7182 0.5907 -1.5943
v  0.7182 0.6889 -1.6600
v  1.0378 0.6145 -1.5497
v  1.0378 0.7236 -1.5949
v  0.7182 0.6145 -1.5497
v  0.7182 0.7236 -1.5949
v  1.0378 0.6292 -1.5013
v  1.0378 0.7451 -1.5244
v  0.7182 0.6292 -1.5013
v  0.7182 0.7451 -1.5244
v  1.0378 0.6342 -1.4510
v  1.0378 0.7523 -1.4510
v  0.7182 0.6342 -1.4510
v  0.7182 0.7523 -1.4510
v  1.0378 0.6292 -1.4007
v  1.0378 0.7451 -1.3776
v  0.7182 0.6292 -1.4007
v  0.7182 0.7451 -1.3776
v  1.0378 0.6145 -1.3523
v  1.0378 0.7236 -1.3070
v  0.7182 0.6145 -1.3523
v  0.7182 0.7236 -1.3070
v  1.0378 0.5907 -1.3076
v  1.0378 0.6889 -1.2420
v  0.7182 0.5907 -1.3076
v  0.7182 0.6889 -1.2420
v  1.0378 0.5586 -1.2685
v  1.0378 0.6421 -1.1850
v  0.7182 0.5586 -1.2685
v  0.7182 0.6421 -1.1850
v  1.0378 0.5195 -1.2365
v  1.0378 0.5851 -1.1382
v  0.7182 0.5195 -1.2365
v  0.7182 0.5851 -1.1382
v  1.0378 0.4749 -1.2126
v  1.0378 0.5201 -1.1035
v  0.7182 0.4749 -1.2126
v  0.7182 0.5201 -1.1035
v  1.0378 0.4265 -1.1979
v  1.0378 0.4495 -1.0821
v  0.7182 0.4265 -1.1979
v  0.7182 0.4495 -1.0821
v  1.0378 0.3761 -1.1930
v  1.0378 0.3761 -1.0749
v  0.7182 0.3761 -1.1930
v  0.7182 0.3761 -1.0749
v  1.0378 0.3258 -1.1979
v  1.0378 0.3028 -1.0821
v  0.7182 0.3258 -1.1979
v  0.7182 0.3028 -1.0821
v  1.0378 0.2774 -1.2126
v  1.0378 0.2322 -1.1035
v  0.7182 0.2774 -1.2126
v  0.7182 0.2322 -1.1035
v  1.0378 0.2328 -1.2365
v  1.0378 0.1672 -1.1382
v  0.7182 0.2328 -1.2365
v  0.7182 0.1672 -1.1382
v  1.0378 0.1937 -1.2685
v  1.0378 0.1102 -1.1850
v  0.7182 0.1937 -1.2685
v  0.7182 0.1102 -1.1850
v  1.0378 0.1616 -1.3076
v  1.0378 0.0634 -1.2420
v  0.7182 0.1616 -1.3076
v  0.7182 0.0634 -1.2420
v  1.0378 0.1378 -1.3523
v  1.0378 0.0286 -1.3070
v  0.7182 0.1378 -1.3523
v  0.7182 0.0286 -1.3070
v  1.0378 0.1231 -1.4007
v  1.0378 0.0072 -1.3776
v  0.7182 0.1231 -1.4007
v  0.7182 0.0072 -1.3776
v  1.0378 0.1181 -1.4510
v  1.0378 0.0000 -1.4510
v  0.7182 0.1181 -1.4510
v  0.7182 0.0000 -1.4510
v  1.0378 0.1231 -1.5013
v  1.0378 0.0072 -1.5244
v  0.7182 0.1231 -1.5013
v  0.7182 0.0072 -1.5244
v  1.0378 0.1378 -1.5497
v  1.0378 0.0286 -1.5949
v  0.7182 0.1378 -1.5497
v  0.7182 0.0286 -1.5949
v  1.0378 0.1616 -1.5943
v  1.0378 0.0634 -1.6600
v  0.7182 0.1616 -1.5943
v  0.7182 0.0634 -1.6600
v  1.0378 0.1937 -1.6334
v  1.0378 0.1102 -1.7170
v  0.7182 0.1937 -1.6334
v  0.7182 0.1102 -1.7170
v  1.0378 0.2328 -1.6655
v  1.0378 0.1672 -1.7637
v  0.7182 0.2328 -1.6655
v  0.7182 0.1672 -1.7637
v  1.0378 0.2774 -1.6894
v  1.0378 0.2322 -1.7985
v  0.7182 0.2774 -1.6894
v  0.7182 0.2322 -1.7985
v  1.0378 0.3258 -1.7041
v  1.0378 0.3028 -1.8199
v  0.7182 0.3258 -1.7041
v  0.7182 0.3028 -1.8199
v  1.0175 0.1635 -1.4389
v  1.0195 0.1593 -1.4324
v  1.0473 0.1741 -1.4324
v  1.0456 0.1775 -1.4376
v  1.0142 0.1703 -1.4364
v  1.0429 0.1831 -1.4356
v  1.0142 0.1703 -1.4284
v  1.0429 0.1831 -1.4291
v  1.0175 0.1635 -1.4259
v  1.0456 0.1775 -1.4271
v  1.0166 0.1654 -1.4324
v  1.0449 0.1790 -1.4324
# 577 vertices

vn 0.9962 -0.0330 0.0809
vn 1.0000 0.0046 -0.0010
vn 1.0000 0.0000 -0.0000
vn 0.9999 0.0121 0.0119
vn 1.0000 0.0025 0.0037
vn 0.9908 -0.0947 -0.0962
vn 0.9998 -0.0042 0.0187
vn 1.0000 -0.0026 0.0039
vn 0.9999 -0.0106 0.0021
vn 0.9998 -0.0178 0.0025
vn 1.0000 -0.0051 -0.0010
vn 1.0000 -0.0053 -0.0079
vn 0.9998 -0.0111 -0.0170
vn 1.0000 -0.0020 -0.0061
vn 0.9947 0.0877 0.0542
vn 0.9997 0.0224 -0.0117
vn 0.9998 0.0146 0.0160
vn 0.9892 -0.0151 0.1455
vn 0.9939 -0.1103 0.0006
vn 0.9998 -0.0067 0.0168
vn 0.9898 -0.1255 0.0669
vn 0.9998 -0.0188 0.0039
vn 0.9999 -0.0163 -0.0005
vn 0.9997 -0.0139 -0.0204
vn 0.9998 -0.0074 -0.0165
vn 0.9995 0.0286 -0.0114
vn 0.9884 0.1371 0.0653
vn 0.9872 0.1557 0.0335
vn 0.9321 -0.2623 -0.2497
vn 0.9260 -0.2847 -0.2478
vn 0.8670 -0.4739 -0.1543
vn 0.9458 0.0655 -0.3181
vn 0.9091 0.1990 -0.3661
vn 0.9376 -0.0830 -0.3376
vn 0.8244 0.5000 -0.2653
vn 0.8046 0.5313 -0.2651
vn 0.7992 0.5743 -0.1775
vn 0.8026 0.5682 -0.1818
vn 0.8099 0.5614 -0.1701
vn 0.8145 0.5532 -0.1747
vn 0.9308 0.2319 0.2827
vn 0.9132 0.2053 0.3519
vn 0.9197 0.2143 0.3291
vn 0.9353 0.2402 0.2599
vn 0.9317 -0.2086 0.2973
vn 0.9331 -0.2202 0.2842
vn 0.9335 -0.2240 0.2798
vn 0.9309 -0.2030 0.3036
vn 0.7025 0.4168 0.5770
vn 0.6286 0.3950 0.6699
vn 0.6766 0.3927 0.6229
vn 0.6269 0.4180 0.6575
vn 0.7481 0.4938 0.4434
vn 0.7718 0.4981 0.3952
vn 0.8093 0.5543 0.1943
vn 0.7562 0.5570 0.3435
vn 0.8270 0.5525 0.1039
vn 0.9379 0.2188 -0.2692
vn 0.9349 0.2187 -0.2795
vn 0.9299 0.1881 -0.3160
vn 0.9230 0.1653 -0.3475
vn 0.8940 0.0627 -0.4437
vn 0.8962 0.4421 -0.0368
vn 0.9341 0.3445 0.0934
vn 0.9407 0.3078 0.1423
vn 0.7805 -0.2020 0.5916
vn 0.7717 -0.1804 0.6099
vn 0.7514 -0.2136 0.6243
vn 0.7427 -0.2160 0.6338
vn 0.6778 -0.3260 0.6590
vn 0.6656 -0.3230 0.6728
vn 0.7045 -0.3778 0.6009
vn 0.7012 -0.3926 0.5952
vn 0.7114 -0.4249 0.5598
vn 0.9354 -0.3536 -0.0072
vn 0.9355 -0.3533 -0.0058
vn 0.9360 -0.3520 -0.0008
vn 0.9362 -0.3513 0.0017
vn 0.8801 -0.1986 -0.4313
vn 0.8808 -0.1966 -0.4308
vn 0.8794 -0.2006 -0.4317
vn 0.8785 -0.2034 -0.4323
vn 0.5758 -0.7823 -0.2377
vn 0.5721 -0.7838 -0.2416
vn 0.5681 -0.7968 -0.2058
vn 0.5628 -0.8113 -0.1584
vn 0.6249 -0.7736 -0.1046
vn 0.6392 -0.7636 -0.0914
vn 0.6387 -0.7606 -0.1167
vn 0.9549 -0.2030 0.2166
vn 0.9257 -0.3628 0.1067
vn 0.9386 0.0426 0.3425
vn 0.9301 0.0813 0.3581
vn 0.9009 0.2173 0.3757
vn 0.9153 0.3178 -0.2475
vn 0.9006 0.0345 -0.4332
vn 0.9134 0.0050 -0.4071
vn 0.8739 0.0293 -0.4852
vn 0.8541 0.0052 -0.5200
vn 0.8468 -0.0706 -0.5273
vn 0.8838 -0.1221 -0.4517
vn 0.9573 -0.2716 -0.0992
vn 0.9457 -0.2927 0.1414
vn 0.9404 -0.2593 0.2201
vn 0.9340 -0.2587 0.2464
vn -1.0000 0.0000 -0.0000
vn 0.0000 -0.1951 0.9808
vn -0.0000 0.0000 1.0000
vn 0.0000 0.1951 -0.9808
vn 0.0000 -0.0000 -1.0000
vn 0.0000 -0.3827 0.9239
vn 0.0000 0.3827 -0.9239
vn -0.0000 -0.5556 0.8315
vn 0.0000 0.5556 -0.8315
vn -0.0000 -0.7071 0.7071
vn 0.0000 0.7071 -0.7071
vn -0.0000 -0.8315 0.5556
vn 0.0000 0.8315 -0.5556
vn -0.0000 -0.9239 0.3827
vn 0.0000 0.9239 -0.3827
vn 0.0000 -0.9808 0.1951
vn -0.0000 0.9808 -0.1951
vn 0.0000 -1.0000 0.0000
vn 0.0000 1.0000 -0.0000
vn -0.0000 -0.9808 -0.1951
vn 0.0000 0.9808 0.1951
vn -0.0000 -0.9239 -0.3827
vn 0.0000 0.9239 0.3827
vn -0.0000 -0.8315 -0.5556
vn 0.0000 0.8315 0.5556
vn -0.0000 -0.7071 -0.7071
vn 0.0000 0.7071 0.7071
vn -0.0000 -0.5556 -0.8315
vn 0.0000 0.5556 0.8315
vn 0.0000 -0.3827 -0.9239
vn -0.0000 0.3827 0.9239
vn -0.0000 -0.1951 -0.9808
vn -0.0000 0.1951 0.9808
vn 0.0000 -0.8660 -0.5000
vn -0.0000 0.8660 -0.5000
vn -0.0000 0.8660 0.5000
vn 0.0000 0.0000 1.0000
vn -0.0000 -0.8660 0.5000
vn 0.0000 -0.8315 -0.5556
vn 0.0000 -0.5556 -0.8315
vn 0.0000 -0.1951 -0.9808
vn 0.0000 0.9808 -0.1951
vn 0.0000 0.1951 0.9808
vn 0.0000 -0.5556 0.8315
vn 0.0000 -0.7071 0.7071
vn -0.0000 0.7071 -0.7071
vn 0.0000 -0.8315 0.5556
vn -0.0000 -0.9808 0.1951
vn -0.0000 -1.0000 0.0000
vn 0.0000 -0.9808 -0.1951
vn 0.0000 -0.7071 -0.7071
vn -0.0000 0.5556 0.8315
vn -0.0000 -0.3827 -0.9239
vn 0.0000 0.3827 0.9239
vn 0.3815 -0.7137 -0.5874
vn -0.1042 0.2924 -0.9506
vn -0.4053 0.9142 -0.0000
vn -0.1055 0.2921 0.9506
vn 0.3808 -0.7141 0.5874
vn -0.9005 -0.4350 0.0000
vn 0.9004 0.4350 0.0001
# 166 vertex normals

vt 0.0000 0.0000 0.0000
# 1 texture coords

g wheel_rf_001
usemtl Material_26
s off
f 7752/25/7646 7751/25/7645 7750/25/7644 
f 7752/25/7646 7750/25/7644 7753/25/7647 
f 7752/25/7646 7753/25/7647 7754/25/7648 
f 7752/25/7646 7754/25/7648 7755/25/7649 
f 7756/25/7650 7752/25/7646 7755/25/7649 
f 7757/25/7651 7752/25/7646 7756/25/7650 
f 7758/25/7652 7752/25/7646 7757/25/7651 
f 7759/25/7653 7752/25/7646 7758/25/7652 
f 7759/25/7653 7760/25/7654 7752/25/7646 
f 7760/25/7654 7761/25/7655 7752/25/7646 
f 7761/25/7655 7762/25/7656 7752/25/7646 
f 7762/25/7656 7763/25/7657 7752/25/7646 
f 7763/25/7657 7764/25/7646 7752/25/7646 
f 7764/25/7646 7765/25/7658 7752/25/7646 
f 7765/25/7658 7766/25/7659 7752/25/7646 
f 7752/25/7646 7766/25/7659 7751/25/7645 
f 7753/25/7647 7767/25/7660 7754/25/7648 
f 7767/25/7660 7769/25/7661 7768/25/7646 
f 7769/25/7661 7770/25/7646 7768/25/7646 
f 7750/25/7644 7769/25/7661 7753/25/7647 
f 7753/25/7647 7769/25/7661 7767/25/7660 
f 7756/25/7650 7755/25/7649 7771/25/7662 
f 7757/25/7651 7756/25/7650 7772/25/7663 
f 7772/25/7663 7756/25/7650 7771/25/7662 
f 7772/25/7663 7771/25/7662 7773/25/7646 
f 7773/25/7646 7771/25/7662 7774/25/7664 
f 7775/25/7665 7759/25/7653 7758/25/7652 
f 7776/25/7666 7760/25/7654 7759/25/7653 
f 7776/25/7666 7759/25/7653 7775/25/7665 
f 7778/25/7646 7776/25/7666 7777/25/7646 
f 7776/25/7666 7775/25/7665 7777/25/7646 
f 7779/25/7667 7762/25/7656 7761/25/7655 
f 7780/25/7668 7763/25/7657 7762/25/7656 
f 7780/25/7668 7762/25/7656 7779/25/7667 
f 7781/25/7646 7780/25/7668 7779/25/7667 
f 7782/25/7646 7781/25/7646 7779/25/7667 
f 7766/25/7659 7783/25/7669 7751/25/7645 
f 7766/25/7659 7784/25/7670 7783/25/7669 
f 7765/25/7658 7784/25/7670 7766/25/7659 
f 7786/25/7671 7785/25/7646 7783/25/7669 
f 7784/25/7670 7786/25/7671 7783/25/7669 
f 7788/25/7646 7787/25/7646 7782/25/7646 
f 7787/25/7646 7781/25/7646 7782/25/7646 
f 7789/25/7646 7778/25/7646 7777/25/7646 
f 7789/25/7646 7777/25/7646 7790/25/7646 
f 7792/25/7646 7773/25/7646 7791/25/7646 
f 7773/25/7646 7774/25/7664 7791/25/7646 
f 7768/25/7646 7794/25/7646 7793/25/7646 
f 7770/25/7646 7794/25/7646 7768/25/7646 
f 7796/25/7646 7795/25/7646 7785/25/7646 
f 7786/25/7671 7796/25/7646 7785/25/7646 
f 7790/25/7674 7777/25/7673 7797/25/7672 
f 7777/25/7673 7798/25/7675 7797/25/7672 
f 7775/25/7677 7758/25/7676 7798/25/7675 
f 7798/25/7675 7758/25/7676 7799/25/7678 
f 7758/25/7676 7757/25/7679 7799/25/7678 
f 7799/25/7678 7757/25/7679 7800/25/7680 
f 7757/25/7679 7772/25/7681 7800/25/7680 
f 7800/25/7680 7772/25/7681 7801/25/7682 
f 7801/25/7682 7772/25/7681 7773/25/7683 
f 7802/25/7686 7801/25/7685 7773/25/7684 
f 7802/25/7686 7773/25/7684 7792/25/7687 
f 7804/25/7690 7803/25/7689 7789/25/7688 
f 7789/25/7688 7803/25/7689 7778/25/7691 
f 7803/25/7694 7776/25/7693 7778/25/7692 
f 7805/25/7695 7776/25/7693 7803/25/7694 
f 7806/25/7697 7760/25/7696 7805/25/7695 
f 7805/25/7695 7760/25/7696 7776/25/7693 
f 7807/25/7699 7761/25/7698 7806/25/7697 
f 7806/25/7697 7761/25/7698 7760/25/7696 
f 7779/25/7700 7761/25/7698 7807/25/7699 
f 7808/25/7703 7779/25/7702 7807/25/7701 
f 7808/25/7703 7782/25/7704 7779/25/7702 
f 7788/25/7705 7782/25/7704 7808/25/7703 
f 7809/25/7707 7796/25/7706 7786/25/7671 
f 7809/25/7707 7786/25/7671 7810/25/7708 
f 7810/25/7708 7786/25/7671 7784/25/7670 
f 7810/25/7708 7784/25/7670 7765/25/7658 
f 7764/25/7711 7810/25/7710 7765/25/7709 
f 7811/25/7712 7810/25/7710 7764/25/7711 
f 7812/25/7713 7811/25/7712 7764/25/7711 
f 7764/25/7711 7763/25/7714 7812/25/7713 
f 7780/25/7716 7813/25/7715 7812/25/7713 
f 7812/25/7713 7763/25/7714 7780/25/7716 
f 7781/25/7717 7813/25/7715 7780/25/7716 
f 7781/25/7720 7814/25/7719 7813/25/7718 
f 7787/25/7721 7814/25/7719 7781/25/7720 
f 7795/25/7724 7816/25/7723 7815/25/7722 
f 7785/25/7725 7795/25/7724 7815/25/7722 
f 7783/25/7728 7785/25/7727 7815/25/7726 
f 7817/25/7729 7783/25/7728 7815/25/7726 
f 7751/25/7730 7783/25/7728 7817/25/7729 
f 7818/25/7731 7751/25/7730 7817/25/7729 
f 7750/25/7732 7751/25/7730 7818/25/7731 
f 7818/25/7734 7819/25/7733 7750/25/7644 
f 7750/25/7644 7819/25/7733 7769/25/7661 
f 7819/25/7733 7820/25/7735 7769/25/7661 
f 7820/25/7735 7770/25/7736 7769/25/7661 
f 7820/25/7735 7794/25/7737 7770/25/7736 
f 7768/25/7738 7793/25/7738 7821/25/7738 
f 7767/25/7741 7768/25/7740 7821/25/7739 
f 7822/25/7742 7767/25/7741 7821/25/7739 
f 7754/25/7743 7767/25/7741 7822/25/7742 
f 7754/25/7743 7822/25/7742 7823/25/7744 
f 7755/25/7649 7754/25/7743 7823/25/7744 
f 7755/25/7649 7823/25/7744 7824/25/7745 
f 7771/25/7662 7755/25/7649 7824/25/7745 
f 7771/25/7662 7824/25/7745 7825/25/7746 
f 7771/25/7662 7825/25/7746 7774/25/7664 
f 7774/25/7664 7825/25/7746 7826/25/7747 
f 7774/25/7664 7826/25/7747 7791/25/7748 
f 7777/25/7673 7775/25/7677 7798/25/7675 
f 7829/25/7646 7828/25/7646 7827/25/7646 
f 7830/25/7646 7829/25/7646 7827/25/7646 
f 7833/25/7749 7832/25/7749 7831/25/7749 
f 7832/25/7749 7834/25/7749 7831/25/7749 
f 7835/25/7646 7829/25/7646 7830/25/7646 
f 7836/25/7646 7835/25/7646 7830/25/7646 
f 7832/25/7749 7837/25/7749 7834/25/7749 
f 7837/25/7749 7838/25/7749 7834/25/7749 
f 7839/25/7646 7835/25/7646 7836/25/7646 
f 7840/25/7646 7839/25/7646 7836/25/7646 
f 7837/25/7749 7841/25/7749 7838/25/7749 
f 7841/25/7749 7842/25/7749 7838/25/7749 
f 7843/25/7646 7839/25/7646 7840/25/7646 
f 7844/25/7646 7843/25/7646 7840/25/7646 
f 7841/25/7749 7845/25/7749 7842/25/7749 
f 7845/25/7749 7846/25/7749 7842/25/7749 
f 7847/25/7646 7843/25/7646 7844/25/7646 
f 7848/25/7646 7847/25/7646 7844/25/7646 
f 7845/25/7749 7849/25/7749 7846/25/7749 
f 7849/25/7749 7850/25/7749 7846/25/7749 
f 7851/25/7646 7847/25/7646 7848/25/7646 
f 7852/25/7646 7851/25/7646 7848/25/7646 
f 7849/25/7749 7853/25/7749 7850/25/7749 
f 7853/25/7749 7854/25/7749 7850/25/7749 
f 7855/25/7646 7851/25/7646 7852/25/7646 
f 7856/25/7646 7855/25/7646 7852/25/7646 
f 7853/25/7749 7857/25/7749 7854/25/7749 
f 7857/25/7749 7858/25/7749 7854/25/7749 
f 7859/25/7646 7855/25/7646 7856/25/7646 
f 7860/25/7646 7859/25/7646 7856/25/7646 
f 7857/25/7749 7861/25/7749 7858/25/7749 
f 7861/25/7749 7862/25/7749 7858/25/7749 
f 7860/25/7646 7863/25/7646 7859/25/7646 
f 7864/25/7646 7863/25/7646 7860/25/7646 
f 7861/25/7749 7865/25/7749 7862/25/7749 
f 7865/25/7749 7866/25/7749 7862/25/7749 
f 7864/25/7646 7867/25/7646 7863/25/7646 
f 7868/25/7646 7867/25/7646 7864/25/7646 
f 7869/25/7749 7866/25/7749 7865/25/7749 
f 7869/25/7749 7870/25/7749 7866/25/7749 
f 7868/25/7646 7871/25/7646 7867/25/7646 
f 7872/25/7646 7871/25/7646 7868/25/7646 
f 7873/25/7749 7870/25/7749 7869/25/7749 
f 7873/25/7749 7874/25/7749 7870/25/7749 
f 7872/25/7646 7875/25/7646 7871/25/7646 
f 7876/25/7646 7875/25/7646 7872/25/7646 
f 7877/25/7749 7874/25/7749 7873/25/7749 
f 7877/25/7749 7878/25/7749 7874/25/7749 
f 7876/25/7646 7879/25/7646 7875/25/7646 
f 7880/25/7646 7879/25/7646 7876/25/7646 
f 7881/25/7749 7878/25/7749 7877/25/7749 
f 7881/25/7749 7882/25/7749 7878/25/7749 
f 7880/25/7646 7883/25/7646 7879/25/7646 
f 7880/25/7646 7884/25/7646 7883/25/7646 
f 7885/25/7749 7882/25/7749 7881/25/7749 
f 7886/25/7749 7882/25/7749 7885/25/7749 
f 7884/25/7646 7887/25/7646 7883/25/7646 
f 7884/25/7646 7888/25/7646 7887/25/7646 
f 7889/25/7749 7886/25/7749 7885/25/7749 
f 7890/25/7749 7886/25/7749 7889/25/7749 
f 7888/25/7646 7891/25/7646 7887/25/7646 
f 7888/25/7646 7892/25/7646 7891/25/7646 
f 7893/25/7749 7890/25/7749 7889/25/7749 
f 7894/25/7749 7890/25/7749 7893/25/7749 
f 7891/25/7646 7892/25/7646 7895/25/7646 
f 7892/25/7646 7896/25/7646 7895/25/7646 
f 7894/25/7749 7893/25/7749 7897/25/7749 
f 7898/25/7749 7894/25/7749 7897/25/7749 
f 7895/25/7646 7896/25/7646 7899/25/7646 
f 7896/25/7646 7900/25/7646 7899/25/7646 
f 7898/25/7749 7897/25/7749 7901/25/7749 
f 7902/25/7749 7898/25/7749 7901/25/7749 
f 7899/25/7646 7900/25/7646 7903/25/7646 
f 7900/25/7646 7904/25/7646 7903/25/7646 
f 7902/25/7749 7901/25/7749 7905/25/7749 
f 7906/25/7749 7902/25/7749 7905/25/7749 
f 7903/25/7646 7904/25/7646 7907/25/7646 
f 7904/25/7646 7908/25/7646 7907/25/7646 
f 7906/25/7749 7905/25/7749 7909/25/7749 
f 7910/25/7749 7906/25/7749 7909/25/7749 
f 7907/25/7646 7908/25/7646 7911/25/7646 
f 7908/25/7646 7912/25/7646 7911/25/7646 
f 7910/25/7749 7909/25/7749 7913/25/7749 
f 7914/25/7749 7910/25/7749 7913/25/7749 
f 7911/25/7646 7912/25/7646 7915/25/7646 
f 7912/25/7646 7916/25/7646 7915/25/7646 
f 7914/25/7749 7913/25/7749 7917/25/7749 
f 7918/25/7749 7914/25/7749 7917/25/7749 
f 7915/25/7646 7916/25/7646 7919/25/7646 
f 7916/25/7646 7920/25/7646 7919/25/7646 
f 7918/25/7749 7917/25/7749 7921/25/7749 
f 7922/25/7749 7918/25/7749 7921/25/7749 
f 7919/25/7646 7920/25/7646 7923/25/7646 
f 7923/25/7646 7920/25/7646 7924/25/7646 
f 7922/25/7749 7921/25/7749 7925/25/7749 
f 7926/25/7749 7922/25/7749 7925/25/7749 
f 7923/25/7646 7924/25/7646 7927/25/7646 
f 7927/25/7646 7924/25/7646 7928/25/7646 
f 7926/25/7749 7925/25/7749 7929/25/7749 
f 7926/25/7749 7929/25/7749 7930/25/7749 
f 7927/25/7646 7928/25/7646 7931/25/7646 
f 7931/25/7646 7928/25/7646 7932/25/7646 
f 7930/25/7749 7929/25/7749 7933/25/7749 
f 7930/25/7749 7933/25/7749 7934/25/7749 
f 7931/25/7646 7932/25/7646 7935/25/7646 
f 7935/25/7646 7932/25/7646 7936/25/7646 
f 7934/25/7749 7933/25/7749 7937/25/7749 
f 7934/25/7749 7937/25/7749 7938/25/7749 
f 7935/25/7646 7936/25/7646 7939/25/7646 
f 7939/25/7646 7936/25/7646 7940/25/7646 
f 7938/25/7749 7937/25/7749 7941/25/7749 
f 7938/25/7749 7941/25/7749 7942/25/7749 
f 7939/25/7646 7940/25/7646 7943/25/7646 
f 7943/25/7646 7940/25/7646 7944/25/7646 
f 7942/25/7749 7941/25/7749 7945/25/7749 
f 7942/25/7749 7945/25/7749 7946/25/7749 
f 7947/25/7646 7943/25/7646 7944/25/7646 
f 7947/25/7646 7944/25/7646 7948/25/7646 
f 7945/25/7749 7949/25/7749 7946/25/7749 
f 7946/25/7749 7949/25/7749 7950/25/7749 
f 7951/25/7646 7947/25/7646 7948/25/7646 
f 7951/25/7646 7948/25/7646 7952/25/7646 
f 7949/25/7749 7953/25/7749 7950/25/7749 
f 7950/25/7749 7953/25/7749 7954/25/7749 
f 7828/25/7646 7951/25/7646 7952/25/7646 
f 7828/25/7646 7952/25/7646 7827/25/7646 
f 7953/25/7749 7833/25/7749 7954/25/7749 
f 7954/25/7749 7833/25/7749 7831/25/7749 
f 7833/25/7751 7828/25/7751 7829/25/7750 
f 7832/25/7750 7833/25/7751 7829/25/7750 
f 7827/25/7753 7831/25/7753 7830/25/7752 
f 7830/25/7752 7831/25/7753 7834/25/7752 
f 7832/25/7750 7829/25/7750 7835/25/7754 
f 7837/25/7754 7832/25/7750 7835/25/7754 
f 7830/25/7752 7834/25/7752 7836/25/7755 
f 7836/25/7755 7834/25/7752 7838/25/7755 
f 7837/25/7754 7835/25/7754 7839/25/7756 
f 7841/25/7756 7837/25/7754 7839/25/7756 
f 7836/25/7755 7838/25/7755 7840/25/7757 
f 7840/25/7757 7838/25/7755 7842/25/7757 
f 7841/25/7756 7839/25/7756 7843/25/7758 
f 7845/25/7758 7841/25/7756 7843/25/7758 
f 7840/25/7757 7842/25/7757 7844/25/7759 
f 7844/25/7759 7842/25/7757 7846/25/7759 
f 7843/25/7758 7847/25/7760 7845/25/7758 
f 7845/25/7758 7847/25/7760 7849/25/7760 
f 7848/25/7761 7844/25/7759 7846/25/7759 
f 7850/25/7761 7848/25/7761 7846/25/7759 
f 7847/25/7760 7851/25/7762 7849/25/7760 
f 7849/25/7760 7851/25/7762 7853/25/7762 
f 7852/25/7763 7848/25/7761 7850/25/7761 
f 7854/25/7763 7852/25/7763 7850/25/7761 
f 7851/25/7762 7855/25/7764 7853/25/7762 
f 7853/25/7762 7855/25/7764 7857/25/7764 
f 7856/25/7765 7852/25/7763 7854/25/7763 
f 7858/25/7765 7856/25/7765 7854/25/7763 
f 7855/25/7764 7859/25/7766 7857/25/7764 
f 7859/25/7766 7861/25/7766 7857/25/7764 
f 7860/25/7767 7856/25/7765 7858/25/7765 
f 7862/25/7767 7860/25/7767 7858/25/7765 
f 7859/25/7766 7863/25/7768 7861/25/7766 
f 7861/25/7766 7863/25/7768 7865/25/7768 
f 7864/25/7769 7860/25/7767 7862/25/7767 
f 7866/25/7769 7864/25/7769 7862/25/7767 
f 7863/25/7768 7867/25/7770 7865/25/7768 
f 7865/25/7768 7867/25/7770 7869/25/7770 
f 7868/25/7771 7864/25/7769 7866/25/7769 
f 7870/25/7771 7868/25/7771 7866/25/7769 
f 7867/25/7770 7871/25/7772 7869/25/7770 
f 7869/25/7770 7871/25/7772 7873/25/7772 
f 7872/25/7773 7868/25/7771 7870/25/7771 
f 7874/25/7773 7872/25/7773 7870/25/7771 
f 7871/25/7772 7875/25/7774 7873/25/7772 
f 7873/25/7772 7875/25/7774 7877/25/7774 
f 7876/25/7775 7872/25/7773 7874/25/7773 
f 7878/25/7775 7876/25/7775 7874/25/7773 
f 7875/25/7774 7879/25/7776 7877/25/7774 
f 7879/25/7776 7881/25/7776 7877/25/7774 
f 7878/25/7775 7880/25/7777 7876/25/7775 
f 7882/25/7777 7880/25/7777 7878/25/7775 
f 7879/25/7776 7883/25/7778 7881/25/7776 
f 7883/25/7778 7885/25/7778 7881/25/7776 
f 7882/25/7777 7884/25/7779 7880/25/7777 
f 7886/25/7779 7884/25/7779 7882/25/7777 
f 7883/25/7778 7887/25/7780 7885/25/7778 
f 7887/25/7780 7889/25/7780 7885/25/7778 
f 7886/25/7779 7888/25/7781 7884/25/7779 
f 7890/25/7781 7888/25/7781 7886/25/7779 
f 7887/25/7780 7891/25/7753 7889/25/7780 
f 7891/25/7753 7893/25/7753 7889/25/7780 
f 7890/25/7781 7892/25/7751 7888/25/7781 
f 7894/25/7751 7892/25/7751 7890/25/7781 
f 7891/25/7753 7895/25/7752 7893/25/7753 
f 7895/25/7752 7897/25/7752 7893/25/7753 
f 7894/25/7751 7896/25/7750 7892/25/7751 
f 7898/25/7750 7896/25/7750 7894/25/7751 
f 7895/25/7752 7899/25/7755 7897/25/7752 
f 7899/25/7755 7901/25/7755 7897/25/7752 
f 7898/25/7750 7900/25/7754 7896/25/7750 
f 7902/25/7754 7900/25/7754 7898/25/7750 
f 7899/25/7755 7903/25/7757 7901/25/7755 
f 7903/25/7757 7905/25/7757 7901/25/7755 
f 7902/25/7754 7904/25/7756 7900/25/7754 
f 7906/25/7756 7904/25/7756 7902/25/7754 
f 7903/25/7757 7907/25/7759 7905/25/7757 
f 7907/25/7759 7909/25/7759 7905/25/7757 
f 7906/25/7756 7908/25/7758 7904/25/7756 
f 7910/25/7758 7908/25/7758 7906/25/7756 
f 7907/25/7759 7911/25/7761 7909/25/7759 
f 7909/25/7759 7911/25/7761 7913/25/7761 
f 7912/25/7760 7908/25/7758 7910/25/7758 
f 7914/25/7760 7912/25/7760 7910/25/7758 
f 7911/25/7761 7915/25/7763 7913/25/7761 
f 7913/25/7761 7915/25/7763 7917/25/7763 
f 7916/25/7762 7912/25/7760 7914/25/7760 
f 7918/25/7762 7916/25/7762 7914/25/7760 
f 7915/25/7763 7919/25/7765 7917/25/7763 
f 7917/25/7763 7919/25/7765 7921/25/7765 
f 7920/25/7764 7916/25/7762 7918/25/7762 
f 7922/25/7764 7920/25/7764 7918/25/7762 
f 7919/25/7765 7923/25/7767 7921/25/7765 
f 7921/25/7765 7923/25/7767 7925/25/7767 
f 7924/25/7766 7920/25/7764 7922/25/7764 
f 7926/25/7766 7924/25/7766 7922/25/7764 
f 7923/25/7767 7927/25/7769 7925/25/7767 
f 7925/25/7767 7927/25/7769 7929/25/7769 
f 7928/25/7768 7924/25/7766 7926/25/7766 
f 7928/25/7768 7926/25/7766 7930/25/7768 
f 7927/25/7769 7931/25/7771 7929/25/7769 
f 7929/25/7769 7931/25/7771 7933/25/7771 
f 7932/25/7770 7928/25/7768 7930/25/7768 
f 7934/25/7770 7932/25/7770 7930/25/7768 
f 7931/25/7771 7935/25/7773 7933/25/7771 
f 7933/25/7771 7935/25/7773 7937/25/7773 
f 7936/25/7772 7932/25/7770 7934/25/7770 
f 7938/25/7772 7936/25/7772 7934/25/7770 
f 7935/25/7773 7939/25/7775 7937/25/7773 
f 7937/25/7773 7939/25/7775 7941/25/7775 
f 7940/25/7774 7936/25/7772 7938/25/7772 
f 7942/25/7774 7940/25/7774 7938/25/7772 
f 7941/25/7775 7939/25/7775 7943/25/7777 
f 7945/25/7777 7941/25/7775 7943/25/7777 
f 7940/25/7774 7942/25/7774 7944/25/7776 
f 7944/25/7776 7942/25/7774 7946/25/7776 
f 7945/25/7777 7943/25/7777 7947/25/7779 
f 7949/25/7779 7945/25/7777 7947/25/7779 
f 7944/25/7776 7946/25/7776 7948/25/7778 
f 7948/25/7778 7946/25/7776 7950/25/7778 
f 7949/25/7779 7947/25/7779 7951/25/7781 
f 7953/25/7781 7949/25/7779 7951/25/7781 
f 7948/25/7778 7950/25/7778 7952/25/7780 
f 7952/25/7780 7950/25/7778 7954/25/7780 
f 7953/25/7781 7951/25/7781 7828/25/7751 
f 7833/25/7751 7953/25/7781 7828/25/7751 
f 7952/25/7780 7954/25/7780 7827/25/7753 
f 7827/25/7753 7954/25/7780 7831/25/7753 
f 7957/25/7646 7956/25/7646 7955/25/7646 
f 7958/25/7646 7957/25/7646 7955/25/7646 
f 7961/25/7749 7960/25/7749 7959/25/7749 
f 7960/25/7749 7962/25/7749 7959/25/7749 
f 7963/25/7646 7957/25/7646 7958/25/7646 
f 7964/25/7646 7963/25/7646 7958/25/7646 
f 7960/25/7749 7965/25/7749 7962/25/7749 
f 7965/25/7749 7966/25/7749 7962/25/7749 
f 7967/25/7646 7963/25/7646 7964/25/7646 
f 7968/25/7646 7967/25/7646 7964/25/7646 
f 7965/25/7749 7969/25/7749 7966/25/7749 
f 7969/25/7749 7970/25/7749 7966/25/7749 
f 7971/25/7646 7967/25/7646 7968/25/7646 
f 7972/25/7646 7971/25/7646 7968/25/7646 
f 7969/25/7749 7973/25/7749 7970/25/7749 
f 7973/25/7749 7974/25/7749 7970/25/7749 
f 7975/25/7646 7971/25/7646 7972/25/7646 
f 7976/25/7646 7975/25/7646 7972/25/7646 
f 7973/25/7749 7977/25/7749 7974/25/7749 
f 7977/25/7749 7978/25/7749 7974/25/7749 
f 7979/25/7646 7975/25/7646 7976/25/7646 
f 7980/25/7646 7979/25/7646 7976/25/7646 
f 7977/25/7749 7981/25/7749 7978/25/7749 
f 7981/25/7749 7982/25/7749 7978/25/7749 
f 7983/25/7646 7979/25/7646 7980/25/7646 
f 7984/25/7646 7983/25/7646 7980/25/7646 
f 7981/25/7749 7985/25/7749 7982/25/7749 
f 7985/25/7749 7986/25/7749 7982/25/7749 
f 7987/25/7646 7983/25/7646 7984/25/7646 
f 7988/25/7646 7987/25/7646 7984/25/7646 
f 7985/25/7749 7989/25/7749 7986/25/7749 
f 7989/25/7749 7990/25/7749 7986/25/7749 
f 7988/25/7646 7991/25/7646 7987/25/7646 
f 7992/25/7646 7991/25/7646 7988/25/7646 
f 7989/25/7749 7993/25/7749 7990/25/7749 
f 7993/25/7749 7994/25/7749 7990/25/7749 
f 7992/25/7646 7995/25/7646 7991/25/7646 
f 7996/25/7646 7995/25/7646 7992/25/7646 
f 7997/25/7749 7994/25/7749 7993/25/7749 
f 7997/25/7749 7998/25/7749 7994/25/7749 
f 7996/25/7646 7999/25/7646 7995/25/7646 
f 8000/25/7646 7999/25/7646 7996/25/7646 
f 8001/25/7749 7998/25/7749 7997/25/7749 
f 8001/25/7749 8002/25/7749 7998/25/7749 
f 8000/25/7646 8003/25/7646 7999/25/7646 
f 8004/25/7646 8003/25/7646 8000/25/7646 
f 8005/25/7749 8002/25/7749 8001/25/7749 
f 8005/25/7749 8006/25/7749 8002/25/7749 
f 8004/25/7646 8007/25/7646 8003/25/7646 
f 8004/25/7646 8008/25/7646 8007/25/7646 
f 8009/25/7749 8006/25/7749 8005/25/7749 
f 8010/25/7749 8006/25/7749 8009/25/7749 
f 8008/25/7646 8011/25/7646 8007/25/7646 
f 8008/25/7646 8012/25/7646 8011/25/7646 
f 8013/25/7749 8010/25/7749 8009/25/7749 
f 8014/25/7749 8010/25/7749 8013/25/7749 
f 8012/25/7646 8015/25/7646 8011/25/7646 
f 8012/25/7646 8016/25/7646 8015/25/7646 
f 8017/25/7749 8014/25/7749 8013/25/7749 
f 8018/25/7749 8014/25/7749 8017/25/7749 
f 8016/25/7646 8019/25/7646 8015/25/7646 
f 8016/25/7646 8020/25/7646 8019/25/7646 
f 8021/25/7749 8018/25/7749 8017/25/7749 
f 8022/25/7749 8018/25/7749 8021/25/7749 
f 8019/25/7646 8020/25/7646 8023/25/7646 
f 8020/25/7646 8024/25/7646 8023/25/7646 
f 8022/25/7749 8021/25/7749 8025/25/7749 
f 8026/25/7749 8022/25/7749 8025/25/7749 
f 8023/25/7646 8024/25/7646 8027/25/7646 
f 8024/25/7646 8028/25/7646 8027/25/7646 
f 8026/25/7749 8025/25/7749 8029/25/7749 
f 8030/25/7749 8026/25/7749 8029/25/7749 
f 8027/25/7646 8028/25/7646 8031/25/7646 
f 8028/25/7646 8032/25/7646 8031/25/7646 
f 8030/25/7749 8029/25/7749 8033/25/7749 
f 8034/25/7749 8030/25/7749 8033/25/7749 
f 8031/25/7646 8032/25/7646 8035/25/7646 
f 8032/25/7646 8036/25/7646 8035/25/7646 
f 8034/25/7749 8033/25/7749 8037/25/7749 
f 8038/25/7749 8034/25/7749 8037/25/7749 
f 8035/25/7646 8036/25/7646 8039/25/7646 
f 8036/25/7646 8040/25/7646 8039/25/7646 
f 8038/25/7749 8037/25/7749 8041/25/7749 
f 8042/25/7749 8038/25/7749 8041/25/7749 
f 8039/25/7646 8040/25/7646 8043/25/7646 
f 8040/25/7646 8044/25/7646 8043/25/7646 
f 8042/25/7749 8041/25/7749 8045/25/7749 
f 8046/25/7749 8042/25/7749 8045/25/7749 
f 8043/25/7646 8044/25/7646 8047/25/7646 
f 8044/25/7646 8048/25/7646 8047/25/7646 
f 8046/25/7749 8045/25/7749 8049/25/7749 
f 8050/25/7749 8046/25/7749 8049/25/7749 
f 8047/25/7646 8048/25/7646 8051/25/7646 
f 8051/25/7646 8048/25/7646 8052/25/7646 
f 8050/25/7749 8049/25/7749 8053/25/7749 
f 8054/25/7749 8050/25/7749 8053/25/7749 
f 8051/25/7646 8052/25/7646 8055/25/7646 
f 8055/25/7646 8052/25/7646 8056/25/7646 
f 8054/25/7749 8053/25/7749 8057/25/7749 
f 8054/25/7749 8057/25/7749 8058/25/7749 
f 8055/25/7646 8056/25/7646 8059/25/7646 
f 8059/25/7646 8056/25/7646 8060/25/7646 
f 8058/25/7749 8057/25/7749 8061/25/7749 
f 8058/25/7749 8061/25/7749 8062/25/7749 
f 8059/25/7646 8060/25/7646 8063/25/7646 
f 8063/25/7646 8060/25/7646 8064/25/7646 
f 8062/25/7749 8061/25/7749 8065/25/7749 
f 8062/25/7749 8065/25/7749 8066/25/7749 
f 8063/25/7646 8064/25/7646 8067/25/7646 
f 8067/25/7646 8064/25/7646 8068/25/7646 
f 8066/25/7749 8065/25/7749 8069/25/7749 
f 8066/25/7749 8069/25/7749 8070/25/7749 
f 8071/25/7646 8067/25/7646 8068/25/7646 
f 8071/25/7646 8068/25/7646 8072/25/7646 
f 8069/25/7749 8073/25/7749 8070/25/7749 
f 8070/25/7749 8073/25/7749 8074/25/7749 
f 8075/25/7646 8071/25/7646 8072/25/7646 
f 8075/25/7646 8072/25/7646 8076/25/7646 
f 8073/25/7749 8077/25/7749 8074/25/7749 
f 8074/25/7749 8077/25/7749 8078/25/7749 
f 8079/25/7646 8075/25/7646 8076/25/7646 
f 8079/25/7646 8076/25/7646 8080/25/7646 
f 8077/25/7749 8081/25/7749 8078/25/7749 
f 8078/25/7749 8081/25/7749 8082/25/7749 
f 7956/25/7646 8079/25/7646 8080/25/7646 
f 7956/25/7646 8080/25/7646 7955/25/7646 
f 8081/25/7749 7961/25/7749 8082/25/7749 
f 8082/25/7749 7961/25/7749 7959/25/7749 
f 7961/25/7751 7956/25/7751 7957/25/7750 
f 7960/25/7750 7961/25/7751 7957/25/7750 
f 7955/25/7753 7959/25/7753 7958/25/7752 
f 7958/25/7752 7959/25/7753 7962/25/7752 
f 7960/25/7750 7957/25/7750 7963/25/7754 
f 7965/25/7754 7960/25/7750 7963/25/7754 
f 7958/25/7752 7962/25/7752 7964/25/7755 
f 7964/25/7755 7962/25/7752 7966/25/7755 
f 7965/25/7754 7963/25/7754 7967/25/7756 
f 7969/25/7756 7965/25/7754 7967/25/7756 
f 7964/25/7755 7966/25/7755 7968/25/7757 
f 7968/25/7757 7966/25/7755 7970/25/7757 
f 7969/25/7756 7967/25/7756 7971/25/7758 
f 7973/25/7758 7969/25/7756 7971/25/7758 
f 7968/25/7757 7970/25/7757 7972/25/7759 
f 7972/25/7759 7970/25/7757 7974/25/7759 
f 7971/25/7758 7975/25/7760 7973/25/7758 
f 7973/25/7758 7975/25/7760 7977/25/7760 
f 7976/25/7761 7972/25/7759 7974/25/7759 
f 7978/25/7761 7976/25/7761 7974/25/7759 
f 7975/25/7760 7979/25/7762 7977/25/7760 
f 7977/25/7760 7979/25/7762 7981/25/7762 
f 7980/25/7763 7976/25/7761 7978/25/7761 
f 7982/25/7763 7980/25/7763 7978/25/7761 
f 7979/25/7762 7983/25/7764 7981/25/7762 
f 7981/25/7762 7983/25/7764 7985/25/7764 
f 7984/25/7765 7980/25/7763 7982/25/7763 
f 7986/25/7765 7984/25/7765 7982/25/7763 
f 7983/25/7764 7987/25/7766 7985/25/7764 
f 7987/25/7766 7989/25/7766 7985/25/7764 
f 7988/25/7767 7984/25/7765 7986/25/7765 
f 7990/25/7767 7988/25/7767 7986/25/7765 
f 7987/25/7766 7991/25/7768 7989/25/7766 
f 7989/25/7766 7991/25/7768 7993/25/7768 
f 7992/25/7769 7988/25/7767 7990/25/7767 
f 7994/25/7769 7992/25/7769 7990/25/7767 
f 7991/25/7768 7995/25/7770 7993/25/7768 
f 7993/25/7768 7995/25/7770 7997/25/7770 
f 7996/25/7771 7992/25/7769 7994/25/7769 
f 7998/25/7771 7996/25/7771 7994/25/7769 
f 7995/25/7770 7999/25/7772 7997/25/7770 
f 7997/25/7770 7999/25/7772 8001/25/7772 
f 8000/25/7773 7996/25/7771 7998/25/7771 
f 8002/25/7773 8000/25/7773 7998/25/7771 
f 7999/25/7772 8003/25/7774 8001/25/7772 
f 8001/25/7772 8003/25/7774 8005/25/7774 
f 8004/25/7775 8000/25/7773 8002/25/7773 
f 8006/25/7775 8004/25/7775 8002/25/7773 
f 8003/25/7774 8007/25/7776 8005/25/7774 
f 8007/25/7776 8009/25/7776 8005/25/7774 
f 8006/25/7775 8008/25/7777 8004/25/7775 
f 8010/25/7777 8008/25/7777 8006/25/7775 
f 8007/25/7776 8011/25/7778 8009/25/7776 
f 8011/25/7778 8013/25/7778 8009/25/7776 
f 8010/25/7777 8012/25/7779 8008/25/7777 
f 8014/25/7779 8012/25/7779 8010/25/7777 
f 8011/25/7778 8015/25/7780 8013/25/7778 
f 8015/25/7780 8017/25/7780 8013/25/7778 
f 8014/25/7779 8016/25/7781 8012/25/7779 
f 8018/25/7781 8016/25/7781 8014/25/7779 
f 8015/25/7780 8019/25/7753 8017/25/7780 
f 8019/25/7753 8021/25/7753 8017/25/7780 
f 8018/25/7781 8020/25/7751 8016/25/7781 
f 8022/25/7751 8020/25/7751 8018/25/7781 
f 8019/25/7753 8023/25/7752 8021/25/7753 
f 8023/25/7752 8025/25/7752 8021/25/7753 
f 8022/25/7751 8024/25/7750 8020/25/7751 
f 8026/25/7750 8024/25/7750 8022/25/7751 
f 8023/25/7752 8027/25/7755 8025/25/7752 
f 8027/25/7755 8029/25/7755 8025/25/7752 
f 8026/25/7750 8028/25/7754 8024/25/7750 
f 8030/25/7754 8028/25/7754 8026/25/7750 
f 8027/25/7755 8031/25/7757 8029/25/7755 
f 8031/25/7757 8033/25/7757 8029/25/7755 
f 8030/25/7754 8032/25/7756 8028/25/7754 
f 8034/25/7756 8032/25/7756 8030/25/7754 
f 8031/25/7757 8035/25/7759 8033/25/7757 
f 8035/25/7759 8037/25/7759 8033/25/7757 
f 8034/25/7756 8036/25/7758 8032/25/7756 
f 8038/25/7758 8036/25/7758 8034/25/7756 
f 8035/25/7759 8039/25/7761 8037/25/7759 
f 8037/25/7759 8039/25/7761 8041/25/7761 
f 8040/25/7760 8036/25/7758 8038/25/7758 
f 8042/25/7760 8040/25/7760 8038/25/7758 
f 8039/25/7761 8043/25/7763 8041/25/7761 
f 8041/25/7761 8043/25/7763 8045/25/7763 
f 8044/25/7762 8040/25/7760 8042/25/7760 
f 8046/25/7762 8044/25/7762 8042/25/7760 
f 8043/25/7763 8047/25/7765 8045/25/7763 
f 8045/25/7763 8047/25/7765 8049/25/7765 
f 8048/25/7764 8044/25/7762 8046/25/7762 
f 8050/25/7764 8048/25/7764 8046/25/7762 
f 8047/25/7765 8051/25/7767 8049/25/7765 
f 8049/25/7765 8051/25/7767 8053/25/7767 
f 8052/25/7766 8048/25/7764 8050/25/7764 
f 8054/25/7766 8052/25/7766 8050/25/7764 
f 8051/25/7767 8055/25/7769 8053/25/7767 
f 8053/25/7767 8055/25/7769 8057/25/7769 
f 8056/25/7768 8052/25/7766 8054/25/7766 
f 8056/25/7768 8054/25/7766 8058/25/7768 
f 8055/25/7769 8059/25/7771 8057/25/7769 
f 8057/25/7769 8059/25/7771 8061/25/7771 
f 8060/25/7770 8056/25/7768 8058/25/7768 
f 8062/25/7770 8060/25/7770 8058/25/7768 
f 8059/25/7771 8063/25/7773 8061/25/7771 
f 8061/25/7771 8063/25/7773 8065/25/7773 
f 8064/25/7772 8060/25/7770 8062/25/7770 
f 8066/25/7772 8064/25/7772 8062/25/7770 
f 8063/25/7773 8067/25/7775 8065/25/7773 
f 8065/25/7773 8067/25/7775 8069/25/7775 
f 8068/25/7774 8064/25/7772 8066/25/7772 
f 8070/25/7774 8068/25/7774 8066/25/7772 
f 8069/25/7775 8067/25/7775 8071/25/7777 
f 8073/25/7777 8069/25/7775 8071/25/7777 
f 8068/25/7774 8070/25/7774 8072/25/7776 
f 8072/25/7776 8070/25/7774 8074/25/7776 
f 8073/25/7777 8071/25/7777 8075/25/7779 
f 8077/25/7779 8073/25/7777 8075/25/7779 
f 8072/25/7776 8074/25/7776 8076/25/7778 
f 8076/25/7778 8074/25/7776 8078/25/7778 
f 8077/25/7779 8075/25/7779 8079/25/7781 
f 8081/25/7781 8077/25/7779 8079/25/7781 
f 8076/25/7778 8078/25/7778 8080/25/7780 
f 8080/25/7780 8078/25/7778 8082/25/7780 
f 8081/25/7781 8079/25/7781 7956/25/7751 
f 7961/25/7751 8081/25/7781 7956/25/7751 
f 8080/25/7780 8082/25/7780 7955/25/7753 
f 7955/25/7753 8082/25/7780 7959/25/7753 
usemtl Material_5
f 8085/25/7782 8084/25/7782 8083/25/7782 
f 8086/25/7782 8084/25/7782 8085/25/7782 
f 8086/25/7753 8085/25/7753 8087/25/7753 
f 8088/25/7753 8086/25/7753 8087/25/7753 
f 8089/25/7783 8088/25/7783 8087/25/7783 
f 8090/25/7783 8088/25/7783 8089/25/7783 
f 8091/25/7784 8090/25/7784 8089/25/7784 
f 8092/25/7784 8090/25/7784 8091/25/7784 
f 8091/25/7785 8093/25/7785 8092/25/7785 
f 8093/25/7785 8094/25/7785 8092/25/7785 
f 8083/25/7786 8094/25/7786 8093/25/7786 
f 8084/25/7786 8094/25/7786 8083/25/7786 
f 8083/25/7749 8095/25/7749 8085/25/7749 
f 8096/25/7646 8084/25/7646 8086/25/7646 
f 8085/25/7749 8095/25/7749 8087/25/7749 
f 8088/25/7646 8096/25/7646 8086/25/7646 
f 8095/25/7749 8089/25/7749 8087/25/7749 
f 8090/25/7646 8096/25/7646 8088/25/7646 
f 8095/25/7749 8091/25/7749 8089/25/7749 
f 8090/25/7646 8092/25/7646 8096/25/7646 
f 8093/25/7749 8091/25/7749 8095/25/7749 
f 8092/25/7646 8094/25/7646 8096/25/7646 
f 8083/25/7749 8093/25/7749 8095/25/7749 
f 8096/25/7646 8094/25/7646 8084/25/7646 
f 8099/25/7782 8098/25/7782 8097/25/7782 
f 8100/25/7782 8098/25/7782 8099/25/7782 
f 8100/25/7753 8099/25/7753 8101/25/7753 
f 8102/25/7753 8100/25/7753 8101/25/7753 
f 8103/25/7783 8102/25/7783 8101/25/7783 
f 8104/25/7783 8102/25/7783 8103/25/7783 
f 8105/25/7784 8104/25/7784 8103/25/7784 
f 8106/25/7784 8104/25/7784 8105/25/7784 
f 8105/25/7785 8107/25/7785 8106/25/7785 
f 8107/25/7785 8108/25/7785 8106/25/7785 
f 8097/25/7786 8108/25/7786 8107/25/7786 
f 8098/25/7786 8108/25/7786 8097/25/7786 
f 8097/25/7749 8109/25/7749 8099/25/7749 
f 8110/25/7646 8098/25/7646 8100/25/7646 
f 8099/25/7749 8109/25/7749 8101/25/7749 
f 8102/25/7646 8110/25/7646 8100/25/7646 
f 8109/25/7749 8103/25/7749 8101/25/7749 
f 8104/25/7646 8110/25/7646 8102/25/7646 
f 8109/25/7749 8105/25/7749 8103/25/7749 
f 8104/25/7646 8106/25/7646 8110/25/7646 
f 8107/25/7749 8105/25/7749 8109/25/7749 
f 8106/25/7646 8108/25/7646 8110/25/7646 
f 8097/25/7749 8107/25/7749 8109/25/7749 
f 8110/25/7646 8108/25/7646 8098/25/7646 
f 8113/25/7782 8112/25/7782 8111/25/7782 
f 8114/25/7782 8112/25/7782 8113/25/7782 
f 8114/25/7753 8113/25/7753 8115/25/7753 
f 8116/25/7753 8114/25/7753 8115/25/7753 
f 8117/25/7783 8116/25/7783 8115/25/7783 
f 8118/25/7783 8116/25/7783 8117/25/7783 
f 8119/25/7784 8118/25/7784 8117/25/7784 
f 8120/25/7784 8118/25/7784 8119/25/7784 
f 8119/25/7785 8121/25/7785 8120/25/7785 
f 8121/25/7785 8122/25/7785 8120/25/7785 
f 8111/25/7786 8122/25/7786 8121/25/7786 
f 8112/25/7786 8122/25/7786 8111/25/7786 
f 8111/25/7749 8123/25/7749 8113/25/7749 
f 8124/25/7646 8112/25/7646 8114/25/7646 
f 8113/25/7749 8123/25/7749 8115/25/7749 
f 8116/25/7646 8124/25/7646 8114/25/7646 
f 8123/25/7749 8117/25/7749 8115/25/7749 
f 8118/25/7646 8124/25/7646 8116/25/7646 
f 8123/25/7749 8119/25/7749 8117/25/7749 
f 8118/25/7646 8120/25/7646 8124/25/7646 
f 8121/25/7749 8119/25/7749 8123/25/7749 
f 8120/25/7646 8122/25/7646 8124/25/7646 
f 8111/25/7749 8121/25/7749 8123/25/7749 
f 8124/25/7646 8122/25/7646 8112/25/7646 
f 8127/25/7782 8126/25/7782 8125/25/7782 
f 8128/25/7782 8126/25/7782 8127/25/7782 
f 8128/25/7753 8127/25/7753 8129/25/7753 
f 8130/25/7753 8128/25/7753 8129/25/7753 
f 8131/25/7783 8130/25/7783 8129/25/7783 
f 8132/25/7783 8130/25/7783 8131/25/7783 
f 8133/25/7784 8132/25/7784 8131/25/7784 
f 8134/25/7784 8132/25/7784 8133/25/7784 
f 8135/25/7785 8134/25/7785 8133/25/7785 
f 8135/25/7785 8136/25/7785 8134/25/7785 
f 8125/25/7786 8136/25/7786 8135/25/7786 
f 8126/25/7786 8136/25/7786 8125/25/7786 
f 8125/25/7749 8137/25/7749 8127/25/7749 
f 8138/25/7646 8126/25/7646 8128/25/7646 
f 8127/25/7749 8137/25/7749 8129/25/7749 
f 8130/25/7646 8138/25/7646 8128/25/7646 
f 8137/25/7749 8131/25/7749 8129/25/7749 
f 8132/25/7646 8138/25/7646 8130/25/7646 
f 8137/25/7749 8133/25/7749 8131/25/7749 
f 8132/25/7646 8134/25/7646 8138/25/7646 
f 8135/25/7749 8133/25/7749 8137/25/7749 
f 8134/25/7646 8136/25/7646 8138/25/7646 
f 8125/25/7749 8135/25/7749 8137/25/7749 
f 8138/25/7646 8136/25/7646 8126/25/7646 
f 8141/25/7782 8140/25/7782 8139/25/7782 
f 8142/25/7782 8140/25/7782 8141/25/7782 
f 8142/25/7753 8141/25/7753 8143/25/7753 
f 8144/25/7753 8142/25/7753 8143/25/7753 
f 8145/25/7783 8144/25/7783 8143/25/7783 
f 8146/25/7783 8144/25/7783 8145/25/7783 
f 8147/25/7784 8146/25/7784 8145/25/7784 
f 8148/25/7784 8146/25/7784 8147/25/7784 
f 8149/25/7785 8148/25/7785 8147/25/7785 
f 8149/25/7785 8150/25/7785 8148/25/7785 
f 8139/25/7786 8150/25/7786 8149/25/7786 
f 8140/25/7786 8150/25/7786 8139/25/7786 
f 8139/25/7749 8151/25/7749 8141/25/7749 
f 8152/25/7646 8140/25/7646 8142/25/7646 
f 8141/25/7749 8151/25/7749 8143/25/7749 
f 8144/25/7646 8152/25/7646 8142/25/7646 
f 8151/25/7749 8145/25/7749 8143/25/7749 
f 8146/25/7646 8152/25/7646 8144/25/7646 
f 8151/25/7749 8147/25/7749 8145/25/7749 
f 8146/25/7646 8148/25/7646 8152/25/7646 
f 8149/25/7749 8147/25/7749 8151/25/7749 
f 8148/25/7646 8150/25/7646 8152/25/7646 
f 8139/25/7749 8149/25/7749 8151/25/7749 
f 8152/25/7646 8150/25/7646 8140/25/7646 
f 8155/25/7768 8154/25/7768 8153/25/7768 
f 8156/25/7768 8154/25/7768 8155/25/7768 
f 8157/25/7787 8156/25/7787 8155/25/7787 
f 8158/25/7787 8156/25/7787 8157/25/7787 
f 8158/25/7788 8157/25/7788 8159/25/7788 
f 8160/25/7788 8158/25/7788 8159/25/7788 
f 8160/25/7789 8159/25/7789 8161/25/7789 
f 8162/25/7789 8160/25/7789 8161/25/7789 
f 8162/25/7752 8161/25/7752 8163/25/7752 
f 8164/25/7752 8162/25/7752 8163/25/7752 
f 8164/25/7757 8163/25/7757 8165/25/7757 
f 8166/25/7757 8164/25/7757 8165/25/7757 
f 8167/25/7761 8166/25/7761 8165/25/7761 
f 8168/25/7761 8166/25/7761 8167/25/7761 
f 8169/25/7790 8168/25/7790 8167/25/7790 
f 8170/25/7790 8168/25/7790 8169/25/7790 
f 8171/25/7769 8170/25/7769 8169/25/7769 
f 8172/25/7769 8170/25/7769 8171/25/7769 
f 8173/25/7773 8172/25/7773 8171/25/7773 
f 8174/25/7773 8172/25/7773 8173/25/7773 
f 8175/25/7777 8174/25/7777 8173/25/7777 
f 8175/25/7777 8176/25/7777 8174/25/7777 
f 8177/25/7791 8176/25/7791 8175/25/7791 
f 8177/25/7791 8178/25/7791 8176/25/7791 
f 8177/25/7750 8179/25/7750 8178/25/7750 
f 8179/25/7750 8180/25/7750 8178/25/7750 
f 8181/25/7756 8180/25/7756 8179/25/7756 
f 8181/25/7756 8182/25/7756 8180/25/7756 
f 8183/25/7760 8182/25/7760 8181/25/7760 
f 8184/25/7760 8182/25/7760 8183/25/7760 
f 8153/25/7764 8184/25/7764 8183/25/7764 
f 8154/25/7764 8184/25/7764 8153/25/7764 
f 8153/25/7749 8185/25/7749 8155/25/7749 
f 8186/25/7646 8154/25/7646 8156/25/7646 
f 8155/25/7749 8185/25/7749 8157/25/7749 
f 8186/25/7646 8156/25/7646 8158/25/7646 
f 8157/25/7749 8185/25/7749 8159/25/7749 
f 8186/25/7646 8158/25/7646 8160/25/7646 
f 8159/25/7749 8185/25/7749 8161/25/7749 
f 8186/25/7646 8160/25/7646 8162/25/7646 
f 8185/25/7749 8163/25/7749 8161/25/7749 
f 8164/25/7646 8186/25/7646 8162/25/7646 
f 8185/25/7749 8165/25/7749 8163/25/7749 
f 8166/25/7646 8186/25/7646 8164/25/7646 
f 8185/25/7749 8167/25/7749 8165/25/7749 
f 8168/25/7646 8186/25/7646 8166/25/7646 
f 8185/25/7749 8169/25/7749 8167/25/7749 
f 8170/25/7646 8186/25/7646 8168/25/7646 
f 8185/25/7749 8171/25/7749 8169/25/7749 
f 8170/25/7646 8172/25/7646 8186/25/7646 
f 8173/25/7749 8171/25/7749 8185/25/7749 
f 8172/25/7646 8174/25/7646 8186/25/7646 
f 8175/25/7749 8173/25/7749 8185/25/7749 
f 8174/25/7646 8176/25/7646 8186/25/7646 
f 8177/25/7749 8175/25/7749 8185/25/7749 
f 8176/25/7646 8178/25/7646 8186/25/7646 
f 8179/25/7749 8177/25/7749 8185/25/7749 
f 8178/25/7646 8180/25/7646 8186/25/7646 
f 8181/25/7749 8179/25/7749 8185/25/7749 
f 8180/25/7646 8182/25/7646 8186/25/7646 
f 8183/25/7749 8181/25/7749 8185/25/7749 
f 8182/25/7646 8184/25/7646 8186/25/7646 
f 8153/25/7749 8183/25/7749 8185/25/7749 
f 8186/25/7646 8184/25/7646 8154/25/7646 
usemtl Material_28
f 8189/25/7646 8188/25/7646 8187/25/7646 
f 8190/25/7646 8189/25/7646 8187/25/7646 
f 8193/25/7749 8192/25/7749 8191/25/7749 
f 8192/25/7749 8194/25/7749 8191/25/7749 
f 8195/25/7646 8189/25/7646 8190/25/7646 
f 8196/25/7646 8195/25/7646 8190/25/7646 
f 8192/25/7749 8197/25/7749 8194/25/7749 
f 8197/25/7749 8198/25/7749 8194/25/7749 
f 8199/25/7646 8195/25/7646 8196/25/7646 
f 8200/25/7646 8199/25/7646 8196/25/7646 
f 8197/25/7749 8201/25/7749 8198/25/7749 
f 8201/25/7749 8202/25/7749 8198/25/7749 
f 8203/25/7646 8199/25/7646 8200/25/7646 
f 8204/25/7646 8203/25/7646 8200/25/7646 
f 8201/25/7749 8205/25/7749 8202/25/7749 
f 8205/25/7749 8206/25/7749 8202/25/7749 
f 8207/25/7646 8203/25/7646 8204/25/7646 
f 8208/25/7646 8207/25/7646 8204/25/7646 
f 8205/25/7749 8209/25/7749 8206/25/7749 
f 8209/25/7749 8210/25/7749 8206/25/7749 
f 8211/25/7646 8207/25/7646 8208/25/7646 
f 8212/25/7646 8211/25/7646 8208/25/7646 
f 8209/25/7749 8213/25/7749 8210/25/7749 
f 8213/25/7749 8214/25/7749 8210/25/7749 
f 8215/25/7646 8211/25/7646 8212/25/7646 
f 8216/25/7646 8215/25/7646 8212/25/7646 
f 8213/25/7749 8217/25/7749 8214/25/7749 
f 8217/25/7749 8218/25/7749 8214/25/7749 
f 8219/25/7646 8215/25/7646 8216/25/7646 
f 8220/25/7646 8219/25/7646 8216/25/7646 
f 8217/25/7749 8221/25/7749 8218/25/7749 
f 8221/25/7749 8222/25/7749 8218/25/7749 
f 8220/25/7646 8223/25/7646 8219/25/7646 
f 8224/25/7646 8223/25/7646 8220/25/7646 
f 8221/25/7749 8225/25/7749 8222/25/7749 
f 8225/25/7749 8226/25/7749 8222/25/7749 
f 8224/25/7646 8227/25/7646 8223/25/7646 
f 8228/25/7646 8227/25/7646 8224/25/7646 
f 8229/25/7749 8226/25/7749 8225/25/7749 
f 8229/25/7749 8230/25/7749 8226/25/7749 
f 8228/25/7646 8231/25/7646 8227/25/7646 
f 8228/25/7646 8232/25/7646 8231/25/7646 
f 8233/25/7749 8230/25/7749 8229/25/7749 
f 8234/25/7749 8230/25/7749 8233/25/7749 
f 8232/25/7646 8235/25/7646 8231/25/7646 
f 8232/25/7646 8236/25/7646 8235/25/7646 
f 8237/25/7749 8234/25/7749 8233/25/7749 
f 8238/25/7749 8234/25/7749 8237/25/7749 
f 8236/25/7646 8239/25/7646 8235/25/7646 
f 8236/25/7646 8240/25/7646 8239/25/7646 
f 8241/25/7749 8238/25/7749 8237/25/7749 
f 8242/25/7749 8238/25/7749 8241/25/7749 
f 8240/25/7646 8243/25/7646 8239/25/7646 
f 8240/25/7646 8244/25/7646 8243/25/7646 
f 8245/25/7749 8242/25/7749 8241/25/7749 
f 8246/25/7749 8242/25/7749 8245/25/7749 
f 8244/25/7646 8247/25/7646 8243/25/7646 
f 8244/25/7646 8248/25/7646 8247/25/7646 
f 8249/25/7749 8246/25/7749 8245/25/7749 
f 8250/25/7749 8246/25/7749 8249/25/7749 
f 8248/25/7646 8251/25/7646 8247/25/7646 
f 8248/25/7646 8252/25/7646 8251/25/7646 
f 8253/25/7749 8250/25/7749 8249/25/7749 
f 8254/25/7749 8250/25/7749 8253/25/7749 
f 8251/25/7646 8252/25/7646 8255/25/7646 
f 8252/25/7646 8256/25/7646 8255/25/7646 
f 8254/25/7749 8253/25/7749 8257/25/7749 
f 8258/25/7749 8254/25/7749 8257/25/7749 
f 8255/25/7646 8256/25/7646 8259/25/7646 
f 8256/25/7646 8260/25/7646 8259/25/7646 
f 8258/25/7749 8257/25/7749 8261/25/7749 
f 8262/25/7749 8258/25/7749 8261/25/7749 
f 8259/25/7646 8260/25/7646 8263/25/7646 
f 8260/25/7646 8264/25/7646 8263/25/7646 
f 8262/25/7749 8261/25/7749 8265/25/7749 
f 8266/25/7749 8262/25/7749 8265/25/7749 
f 8263/25/7646 8264/25/7646 8267/25/7646 
f 8264/25/7646 8268/25/7646 8267/25/7646 
f 8266/25/7749 8265/25/7749 8269/25/7749 
f 8270/25/7749 8266/25/7749 8269/25/7749 
f 8267/25/7646 8268/25/7646 8271/25/7646 
f 8268/25/7646 8272/25/7646 8271/25/7646 
f 8270/25/7749 8269/25/7749 8273/25/7749 
f 8274/25/7749 8270/25/7749 8273/25/7749 
f 8271/25/7646 8272/25/7646 8275/25/7646 
f 8272/25/7646 8276/25/7646 8275/25/7646 
f 8274/25/7749 8273/25/7749 8277/25/7749 
f 8278/25/7749 8274/25/7749 8277/25/7749 
f 8275/25/7646 8276/25/7646 8279/25/7646 
f 8276/25/7646 8280/25/7646 8279/25/7646 
f 8278/25/7749 8277/25/7749 8281/25/7749 
f 8282/25/7749 8278/25/7749 8281/25/7749 
f 8279/25/7646 8280/25/7646 8283/25/7646 
f 8283/25/7646 8280/25/7646 8284/25/7646 
f 8282/25/7749 8281/25/7749 8285/25/7749 
f 8286/25/7749 8282/25/7749 8285/25/7749 
f 8283/25/7646 8284/25/7646 8287/25/7646 
f 8287/25/7646 8284/25/7646 8288/25/7646 
f 8286/25/7749 8285/25/7749 8289/25/7749 
f 8286/25/7749 8289/25/7749 8290/25/7749 
f 8287/25/7646 8288/25/7646 8291/25/7646 
f 8291/25/7646 8288/25/7646 8292/25/7646 
f 8290/25/7749 8289/25/7749 8293/25/7749 
f 8290/25/7749 8293/25/7749 8294/25/7749 
f 8295/25/7646 8291/25/7646 8292/25/7646 
f 8295/25/7646 8292/25/7646 8296/25/7646 
f 8293/25/7749 8297/25/7749 8294/25/7749 
f 8294/25/7749 8297/25/7749 8298/25/7749 
f 8299/25/7646 8295/25/7646 8296/25/7646 
f 8299/25/7646 8296/25/7646 8300/25/7646 
f 8297/25/7749 8301/25/7749 8298/25/7749 
f 8298/25/7749 8301/25/7749 8302/25/7749 
f 8303/25/7646 8299/25/7646 8300/25/7646 
f 8303/25/7646 8300/25/7646 8304/25/7646 
f 8301/25/7749 8305/25/7749 8302/25/7749 
f 8302/25/7749 8305/25/7749 8306/25/7749 
f 8307/25/7646 8303/25/7646 8304/25/7646 
f 8307/25/7646 8304/25/7646 8308/25/7646 
f 8305/25/7749 8309/25/7749 8306/25/7749 
f 8306/25/7749 8309/25/7749 8310/25/7749 
f 8311/25/7646 8307/25/7646 8308/25/7646 
f 8311/25/7646 8308/25/7646 8312/25/7646 
f 8309/25/7749 8313/25/7749 8310/25/7749 
f 8310/25/7749 8313/25/7749 8314/25/7749 
f 8188/25/7646 8311/25/7646 8312/25/7646 
f 8188/25/7646 8312/25/7646 8187/25/7646 
f 8313/25/7749 8193/25/7749 8314/25/7749 
f 8314/25/7749 8193/25/7749 8191/25/7749 
f 8193/25/7785 8188/25/7785 8189/25/7750 
f 8192/25/7750 8193/25/7785 8189/25/7750 
f 8187/25/7753 8191/25/7753 8190/25/7752 
f 8190/25/7752 8191/25/7753 8194/25/7752 
f 8192/25/7750 8189/25/7750 8195/25/7754 
f 8197/25/7754 8192/25/7750 8195/25/7754 
f 8190/25/7752 8194/25/7752 8196/25/7755 
f 8196/25/7755 8194/25/7752 8198/25/7755 
f 8197/25/7754 8195/25/7754 8199/25/7792 
f 8201/25/7792 8197/25/7754 8199/25/7792 
f 8196/25/7755 8198/25/7755 8200/25/7757 
f 8200/25/7757 8198/25/7755 8202/25/7757 
f 8201/25/7792 8199/25/7792 8203/25/7793 
f 8205/25/7793 8201/25/7792 8203/25/7793 
f 8200/25/7757 8202/25/7757 8204/25/7794 
f 8204/25/7794 8202/25/7757 8206/25/7794 
f 8203/25/7793 8207/25/7795 8205/25/7793 
f 8205/25/7793 8207/25/7795 8209/25/7795 
f 8208/25/7761 8204/25/7794 8206/25/7794 
f 8210/25/7761 8208/25/7761 8206/25/7794 
f 8207/25/7795 8211/25/7762 8209/25/7795 
f 8209/25/7795 8211/25/7762 8213/25/7762 
f 8212/25/7763 8208/25/7761 8210/25/7761 
f 8214/25/7763 8212/25/7763 8210/25/7761 
f 8211/25/7762 8215/25/7796 8213/25/7762 
f 8213/25/7762 8215/25/7796 8217/25/7796 
f 8216/25/7765 8212/25/7763 8214/25/7763 
f 8218/25/7765 8216/25/7765 8214/25/7763 
f 8215/25/7796 8219/25/7797 8217/25/7796 
f 8219/25/7797 8221/25/7797 8217/25/7796 
f 8220/25/7767 8216/25/7765 8218/25/7765 
f 8222/25/7767 8220/25/7767 8218/25/7765 
f 8219/25/7797 8223/25/7798 8221/25/7797 
f 8221/25/7797 8223/25/7798 8225/25/7798 
f 8224/25/7769 8220/25/7767 8222/25/7767 
f 8226/25/7769 8224/25/7769 8222/25/7767 
f 8223/25/7798 8227/25/7770 8225/25/7798 
f 8225/25/7798 8227/25/7770 8229/25/7770 
f 8228/25/7771 8224/25/7769 8226/25/7769 
f 8230/25/7771 8228/25/7771 8226/25/7769 
f 8227/25/7770 8231/25/7772 8229/25/7770 
f 8229/25/7770 8231/25/7772 8233/25/7772 
f 8232/25/7773 8228/25/7771 8230/25/7771 
f 8234/25/7773 8232/25/7773 8230/25/7771 
f 8231/25/7772 8235/25/7799 8233/25/7772 
f 8233/25/7772 8235/25/7799 8237/25/7799 
f 8236/25/7775 8232/25/7773 8234/25/7773 
f 8238/25/7775 8236/25/7775 8234/25/7773 
f 8235/25/7799 8239/25/7788 8237/25/7799 
f 8239/25/7788 8241/25/7788 8237/25/7799 
f 8238/25/7775 8240/25/7800 8236/25/7775 
f 8242/25/7800 8240/25/7800 8238/25/7775 
f 8239/25/7788 8243/25/7801 8241/25/7788 
f 8243/25/7801 8245/25/7801 8241/25/7788 
f 8242/25/7800 8244/25/7802 8240/25/7800 
f 8246/25/7802 8244/25/7802 8242/25/7800 
f 8243/25/7801 8247/25/7789 8245/25/7801 
f 8247/25/7789 8249/25/7789 8245/25/7801 
f 8246/25/7802 8248/25/7781 8244/25/7802 
f 8250/25/7781 8248/25/7781 8246/25/7802 
f 8247/25/7789 8251/25/7753 8249/25/7789 
f 8251/25/7753 8253/25/7753 8249/25/7789 
f 8250/25/7781 8252/25/7785 8248/25/7781 
f 8254/25/7785 8252/25/7785 8250/25/7781 
f 8251/25/7753 8255/25/7752 8253/25/7753 
f 8255/25/7752 8257/25/7752 8253/25/7753 
f 8254/25/7785 8256/25/7750 8252/25/7785 
f 8258/25/7750 8256/25/7750 8254/25/7785 
f 8255/25/7752 8259/25/7755 8257/25/7752 
f 8259/25/7755 8261/25/7755 8257/25/7752 
f 8258/25/7750 8260/25/7754 8256/25/7750 
f 8262/25/7754 8260/25/7754 8258/25/7750 
f 8259/25/7755 8263/25/7757 8261/25/7755 
f 8263/25/7757 8265/25/7757 8261/25/7755 
f 8262/25/7754 8264/25/7792 8260/25/7754 
f 8266/25/7792 8264/25/7792 8262/25/7754 
f 8263/25/7757 8267/25/7794 8265/25/7757 
f 8267/25/7794 8269/25/7794 8265/25/7757 
f 8266/25/7792 8268/25/7793 8264/25/7792 
f 8270/25/7793 8268/25/7793 8266/25/7792 
f 8267/25/7794 8271/25/7761 8269/25/7794 
f 8269/25/7794 8271/25/7761 8273/25/7761 
f 8272/25/7795 8268/25/7793 8270/25/7793 
f 8274/25/7795 8272/25/7795 8270/25/7793 
f 8271/25/7761 8275/25/7763 8273/25/7761 
f 8273/25/7761 8275/25/7763 8277/25/7763 
f 8276/25/7762 8272/25/7795 8274/25/7795 
f 8278/25/7762 8276/25/7762 8274/25/7795 
f 8275/25/7763 8279/25/7765 8277/25/7763 
f 8277/25/7763 8279/25/7765 8281/25/7765 
f 8280/25/7796 8276/25/7762 8278/25/7762 
f 8282/25/7796 8280/25/7796 8278/25/7762 
f 8279/25/7765 8283/25/7767 8281/25/7765 
f 8281/25/7765 8283/25/7767 8285/25/7767 
f 8284/25/7797 8280/25/7796 8282/25/7796 
f 8286/25/7797 8284/25/7797 8282/25/7796 
f 8283/25/7767 8287/25/7769 8285/25/7767 
f 8285/25/7767 8287/25/7769 8289/25/7769 
f 8288/25/7798 8284/25/7797 8286/25/7797 
f 8288/25/7798 8286/25/7797 8290/25/7798 
f 8287/25/7769 8291/25/7771 8289/25/7769 
f 8289/25/7769 8291/25/7771 8293/25/7771 
f 8292/25/7770 8288/25/7798 8290/25/7798 
f 8294/25/7770 8292/25/7770 8290/25/7798 
f 8291/25/7771 8295/25/7773 8293/25/7771 
f 8293/25/7771 8295/25/7773 8297/25/7773 
f 8296/25/7772 8292/25/7770 8294/25/7770 
f 8298/25/7772 8296/25/7772 8294/25/7770 
f 8295/25/7773 8299/25/7775 8297/25/7773 
f 8297/25/7773 8299/25/7775 8301/25/7775 
f 8300/25/7799 8296/25/7772 8298/25/7772 
f 8302/25/7799 8300/25/7799 8298/25/7772 
f 8301/25/7775 8299/25/7775 8303/25/7800 
f 8305/25/7800 8301/25/7775 8303/25/7800 
f 8300/25/7799 8302/25/7799 8304/25/7788 
f 8304/25/7788 8302/25/7799 8306/25/7788 
f 8305/25/7800 8303/25/7800 8307/25/7802 
f 8309/25/7802 8305/25/7800 8307/25/7802 
f 8304/25/7788 8306/25/7788 8308/25/7801 
f 8308/25/7801 8306/25/7788 8310/25/7801 
f 8309/25/7802 8307/25/7802 8311/25/7781 
f 8313/25/7781 8309/25/7802 8311/25/7781 
f 8308/25/7801 8310/25/7801 8312/25/7789 
f 8312/25/7789 8310/25/7801 8314/25/7789 
f 8313/25/7781 8311/25/7781 8188/25/7785 
f 8193/25/7785 8313/25/7781 8188/25/7785 
f 8312/25/7789 8314/25/7789 8187/25/7753 
f 8187/25/7753 8314/25/7789 8191/25/7753 
usemtl Material_17
f 8317/25/7803 8316/25/7803 8315/25/7803 
f 8318/25/7803 8317/25/7803 8315/25/7803 
f 8315/25/7804 8319/25/7804 8318/25/7804 
f 8318/25/7804 8319/25/7804 8320/25/7804 
f 8321/25/7805 8320/25/7805 8319/25/7805 
f 8322/25/7805 8320/25/7805 8321/25/7805 
f 8321/25/7806 8323/25/7806 8322/25/7806 
f 8323/25/7806 8324/25/7806 8322/25/7806 
f 8316/25/7807 8324/25/7807 8323/25/7807 
f 8317/25/7807 8324/25/7807 8316/25/7807 
f 8316/25/7808 8325/25/7808 8315/25/7808 
f 8326/25/7809 8317/25/7809 8318/25/7809 
f 8325/25/7808 8319/25/7808 8315/25/7808 
f 8320/25/7809 8326/25/7809 8318/25/7809 
f 8325/25/7808 8321/25/7808 8319/25/7808 
f 8322/25/7809 8326/25/7809 8320/25/7809 
f 8323/25/7808 8321/25/7808 8325/25/7808 
f 8322/25/7809 8324/25/7809 8326/25/7809 
f 8316/25/7808 8323/25/7808 8325/25/7808 
f 8326/25/7809 8324/25/7809 8317/25/7809 
# 0 polygons - 1084 triangles

